LINE 401 : 2023-03-31 19:49:30,905 [INFO    ] Connecting to Enrichr Server to get latest library names
LINE 228 : 2023-03-31 19:49:30,909 [DEBUG   ] Starting new HTTP connection (1): maayanlab.cloud:80
LINE 456 : 2023-03-31 19:49:31,116 [DEBUG   ] http://maayanlab.cloud:80 "GET /Enrichr/datasetStatistics HTTP/1.1" 308 164
LINE 1001: 2023-03-31 19:49:31,118 [DEBUG   ] Starting new HTTPS connection (1): maayanlab.cloud:443
LINE 456 : 2023-03-31 19:49:31,382 [DEBUG   ] https://maayanlab.cloud:443 "GET /Enrichr/datasetStatistics HTTP/1.1" 200 None
LINE 421 : 2023-03-31 19:49:31,546 [DEBUG   ] Start Enrichr using library: Reactome_2022
LINE 422 : 2023-03-31 19:49:31,546 [INFO    ] Analysis name: sonis_pathways, Enrichr Library: Reactome_2022
LINE 228 : 2023-03-31 19:49:31,547 [DEBUG   ] Starting new HTTP connection (1): maayanlab.cloud:80
LINE 456 : 2023-03-31 19:49:31,709 [DEBUG   ] http://maayanlab.cloud:80 "POST /Enrichr/addList HTTP/1.1" 308 164
LINE 1001: 2023-03-31 19:49:31,711 [DEBUG   ] Starting new HTTPS connection (1): maayanlab.cloud:443
LINE 456 : 2023-03-31 19:49:32,014 [DEBUG   ] https://maayanlab.cloud:443 "POST /Enrichr/addList HTTP/1.1" 200 74
LINE 228 : 2023-03-31 19:49:33,024 [DEBUG   ] Starting new HTTP connection (1): maayanlab.cloud:80
LINE 456 : 2023-03-31 19:49:33,181 [DEBUG   ] http://maayanlab.cloud:80 "GET /Enrichr/export?userListId=60488453&filename=Reactome_2022.sonis_pathways.reports&backgroundType=Reactome_2022 HTTP/1.1" 308 164
LINE 1001: 2023-03-31 19:49:33,183 [DEBUG   ] Starting new HTTPS connection (1): maayanlab.cloud:443
LINE 456 : 2023-03-31 19:49:33,453 [DEBUG   ] https://maayanlab.cloud:443 "GET /Enrichr/export?userListId=60488453&filename=Reactome_2022.sonis_pathways.reports&backgroundType=Reactome_2022 HTTP/1.1" 200 None
LINE 431 : 2023-03-31 19:49:33,516 [INFO    ] Save file of enrichment results: Job Id:6a5ba8686b0d1667f2b8b76df317b030
LINE 441 : 2023-03-31 19:49:33,525 [INFO    ] Done.

LINE 421 : 2023-03-31 19:49:33,525 [DEBUG   ] Start Enrichr using library: KEGG_2021_Human
LINE 422 : 2023-03-31 19:49:33,525 [INFO    ] Analysis name: sonis_pathways, Enrichr Library: KEGG_2021_Human
LINE 228 : 2023-03-31 19:49:33,528 [DEBUG   ] Starting new HTTP connection (1): maayanlab.cloud:80
LINE 456 : 2023-03-31 19:49:33,693 [DEBUG   ] http://maayanlab.cloud:80 "POST /Enrichr/addList HTTP/1.1" 308 164
LINE 1001: 2023-03-31 19:49:33,697 [DEBUG   ] Starting new HTTPS connection (1): maayanlab.cloud:443
LINE 456 : 2023-03-31 19:49:33,981 [DEBUG   ] https://maayanlab.cloud:443 "POST /Enrichr/addList HTTP/1.1" 200 74
LINE 228 : 2023-03-31 19:49:34,997 [DEBUG   ] Starting new HTTP connection (1): maayanlab.cloud:80
LINE 456 : 2023-03-31 19:49:35,143 [DEBUG   ] http://maayanlab.cloud:80 "GET /Enrichr/export?userListId=60488454&filename=KEGG_2021_Human.sonis_pathways.reports&backgroundType=KEGG_2021_Human HTTP/1.1" 308 164
LINE 1001: 2023-03-31 19:49:35,145 [DEBUG   ] Starting new HTTPS connection (1): maayanlab.cloud:443
LINE 456 : 2023-03-31 19:49:35,416 [DEBUG   ] https://maayanlab.cloud:443 "GET /Enrichr/export?userListId=60488454&filename=KEGG_2021_Human.sonis_pathways.reports&backgroundType=KEGG_2021_Human HTTP/1.1" 200 1108
LINE 431 : 2023-03-31 19:49:35,423 [INFO    ] Save file of enrichment results: Job Id:072e6ee78ea5bf78c03192a9bbd4cf6b
LINE 441 : 2023-03-31 19:49:35,428 [INFO    ] Done.

LINE 421 : 2023-03-31 19:49:35,428 [DEBUG   ] Start Enrichr using library: BioPlanet_2019
LINE 422 : 2023-03-31 19:49:35,428 [INFO    ] Analysis name: sonis_pathways, Enrichr Library: BioPlanet_2019
LINE 228 : 2023-03-31 19:49:35,430 [DEBUG   ] Starting new HTTP connection (1): maayanlab.cloud:80
LINE 456 : 2023-03-31 19:49:35,607 [DEBUG   ] http://maayanlab.cloud:80 "POST /Enrichr/addList HTTP/1.1" 308 164
LINE 1001: 2023-03-31 19:49:35,609 [DEBUG   ] Starting new HTTPS connection (1): maayanlab.cloud:443
LINE 456 : 2023-03-31 19:49:35,896 [DEBUG   ] https://maayanlab.cloud:443 "POST /Enrichr/addList HTTP/1.1" 200 74
LINE 228 : 2023-03-31 19:49:36,908 [DEBUG   ] Starting new HTTP connection (1): maayanlab.cloud:80
LINE 456 : 2023-03-31 19:49:37,064 [DEBUG   ] http://maayanlab.cloud:80 "GET /Enrichr/export?userListId=60488455&filename=BioPlanet_2019.sonis_pathways.reports&backgroundType=BioPlanet_2019 HTTP/1.1" 308 164
LINE 1001: 2023-03-31 19:49:37,066 [DEBUG   ] Starting new HTTPS connection (1): maayanlab.cloud:443
LINE 456 : 2023-03-31 19:49:37,317 [DEBUG   ] https://maayanlab.cloud:443 "GET /Enrichr/export?userListId=60488455&filename=BioPlanet_2019.sonis_pathways.reports&backgroundType=BioPlanet_2019 HTTP/1.1" 200 4818
LINE 431 : 2023-03-31 19:49:37,325 [INFO    ] Save file of enrichment results: Job Id:3b9877d131d3ccd743264a143aa1b969
LINE 441 : 2023-03-31 19:49:37,328 [INFO    ] Done.

LINE 421 : 2023-03-31 19:49:37,328 [DEBUG   ] Start Enrichr using library: WikiPathways_2019_Human
LINE 422 : 2023-03-31 19:49:37,328 [INFO    ] Analysis name: sonis_pathways, Enrichr Library: WikiPathways_2019_Human
LINE 228 : 2023-03-31 19:49:37,331 [DEBUG   ] Starting new HTTP connection (1): maayanlab.cloud:80
LINE 456 : 2023-03-31 19:49:37,487 [DEBUG   ] http://maayanlab.cloud:80 "POST /Enrichr/addList HTTP/1.1" 308 164
LINE 1001: 2023-03-31 19:49:37,489 [DEBUG   ] Starting new HTTPS connection (1): maayanlab.cloud:443
LINE 456 : 2023-03-31 19:49:37,789 [DEBUG   ] https://maayanlab.cloud:443 "POST /Enrichr/addList HTTP/1.1" 200 74
LINE 228 : 2023-03-31 19:49:38,800 [DEBUG   ] Starting new HTTP connection (1): maayanlab.cloud:80
LINE 456 : 2023-03-31 19:49:38,965 [DEBUG   ] http://maayanlab.cloud:80 "GET /Enrichr/export?userListId=60488457&filename=WikiPathways_2019_Human.sonis_pathways.reports&backgroundType=WikiPathways_2019_Human HTTP/1.1" 308 164
LINE 1001: 2023-03-31 19:49:38,967 [DEBUG   ] Starting new HTTPS connection (1): maayanlab.cloud:443
LINE 456 : 2023-03-31 19:49:39,233 [DEBUG   ] https://maayanlab.cloud:443 "GET /Enrichr/export?userListId=60488457&filename=WikiPathways_2019_Human.sonis_pathways.reports&backgroundType=WikiPathways_2019_Human HTTP/1.1" 200 2694
LINE 431 : 2023-03-31 19:49:39,237 [INFO    ] Save file of enrichment results: Job Id:80c8e0ca8e215cd31192ed8a3771bee0
LINE 441 : 2023-03-31 19:49:39,242 [INFO    ] Done.

LINE 421 : 2023-03-31 19:49:39,242 [DEBUG   ] Start Enrichr using library: Human_Phenotype_Ontology
LINE 422 : 2023-03-31 19:49:39,242 [INFO    ] Analysis name: sonis_pathways, Enrichr Library: Human_Phenotype_Ontology
LINE 228 : 2023-03-31 19:49:39,245 [DEBUG   ] Starting new HTTP connection (1): maayanlab.cloud:80
LINE 456 : 2023-03-31 19:49:39,420 [DEBUG   ] http://maayanlab.cloud:80 "POST /Enrichr/addList HTTP/1.1" 308 164
LINE 1001: 2023-03-31 19:49:39,423 [DEBUG   ] Starting new HTTPS connection (1): maayanlab.cloud:443
LINE 456 : 2023-03-31 19:49:39,708 [DEBUG   ] https://maayanlab.cloud:443 "POST /Enrichr/addList HTTP/1.1" 200 74
LINE 228 : 2023-03-31 19:49:40,728 [DEBUG   ] Starting new HTTP connection (1): maayanlab.cloud:80
LINE 456 : 2023-03-31 19:49:40,906 [DEBUG   ] http://maayanlab.cloud:80 "GET /Enrichr/export?userListId=60488460&filename=Human_Phenotype_Ontology.sonis_pathways.reports&backgroundType=Human_Phenotype_Ontology HTTP/1.1" 308 164
LINE 1001: 2023-03-31 19:49:40,909 [DEBUG   ] Starting new HTTPS connection (1): maayanlab.cloud:443
LINE 456 : 2023-03-31 19:49:41,175 [DEBUG   ] https://maayanlab.cloud:443 "GET /Enrichr/export?userListId=60488460&filename=Human_Phenotype_Ontology.sonis_pathways.reports&backgroundType=Human_Phenotype_Ontology HTTP/1.1" 200 3471
LINE 431 : 2023-03-31 19:49:41,181 [INFO    ] Save file of enrichment results: Job Id:873f91d6aac10dd1d23d1e8d79c0aeda
LINE 441 : 2023-03-31 19:49:41,186 [INFO    ] Done.

LINE 421 : 2023-03-31 19:49:41,186 [DEBUG   ] Start Enrichr using library: GO_Biological_Process_2021
LINE 422 : 2023-03-31 19:49:41,186 [INFO    ] Analysis name: sonis_pathways, Enrichr Library: GO_Biological_Process_2021
LINE 228 : 2023-03-31 19:49:41,188 [DEBUG   ] Starting new HTTP connection (1): maayanlab.cloud:80
LINE 456 : 2023-03-31 19:49:41,354 [DEBUG   ] http://maayanlab.cloud:80 "POST /Enrichr/addList HTTP/1.1" 308 164
LINE 1001: 2023-03-31 19:49:41,356 [DEBUG   ] Starting new HTTPS connection (1): maayanlab.cloud:443
LINE 456 : 2023-03-31 19:49:41,662 [DEBUG   ] https://maayanlab.cloud:443 "POST /Enrichr/addList HTTP/1.1" 200 74
LINE 228 : 2023-03-31 19:49:42,682 [DEBUG   ] Starting new HTTP connection (1): maayanlab.cloud:80
LINE 456 : 2023-03-31 19:49:42,845 [DEBUG   ] http://maayanlab.cloud:80 "GET /Enrichr/export?userListId=60488461&filename=GO_Biological_Process_2021.sonis_pathways.reports&backgroundType=GO_Biological_Process_2021 HTTP/1.1" 308 164
LINE 1001: 2023-03-31 19:49:42,849 [DEBUG   ] Starting new HTTPS connection (1): maayanlab.cloud:443
LINE 456 : 2023-03-31 19:49:43,131 [DEBUG   ] https://maayanlab.cloud:443 "GET /Enrichr/export?userListId=60488461&filename=GO_Biological_Process_2021.sonis_pathways.reports&backgroundType=GO_Biological_Process_2021 HTTP/1.1" 200 None
LINE 431 : 2023-03-31 19:49:43,213 [INFO    ] Save file of enrichment results: Job Id:fdcbaa40233bf59de7e6bd9f585545fd
LINE 441 : 2023-03-31 19:49:43,219 [INFO    ] Done.

LINE 401 : 2023-03-31 19:49:43,223 [INFO    ] Connecting to Enrichr Server to get latest library names
LINE 228 : 2023-03-31 19:49:43,226 [DEBUG   ] Starting new HTTP connection (1): maayanlab.cloud:80
LINE 456 : 2023-03-31 19:49:43,376 [DEBUG   ] http://maayanlab.cloud:80 "GET /Enrichr/datasetStatistics HTTP/1.1" 308 164
LINE 1001: 2023-03-31 19:49:43,379 [DEBUG   ] Starting new HTTPS connection (1): maayanlab.cloud:443
LINE 456 : 2023-03-31 19:49:43,642 [DEBUG   ] https://maayanlab.cloud:443 "GET /Enrichr/datasetStatistics HTTP/1.1" 200 None
LINE 421 : 2023-03-31 19:49:43,795 [DEBUG   ] Start Enrichr using library: Reactome_2022
LINE 422 : 2023-03-31 19:49:43,795 [INFO    ] Analysis name: sonis_pathways, Enrichr Library: Reactome_2022
LINE 228 : 2023-03-31 19:49:43,797 [DEBUG   ] Starting new HTTP connection (1): maayanlab.cloud:80
LINE 456 : 2023-03-31 19:49:43,952 [DEBUG   ] http://maayanlab.cloud:80 "POST /Enrichr/addList HTTP/1.1" 308 164
LINE 1001: 2023-03-31 19:49:43,954 [DEBUG   ] Starting new HTTPS connection (1): maayanlab.cloud:443
LINE 456 : 2023-03-31 19:49:44,257 [DEBUG   ] https://maayanlab.cloud:443 "POST /Enrichr/addList HTTP/1.1" 200 74
LINE 228 : 2023-03-31 19:49:45,264 [DEBUG   ] Starting new HTTP connection (1): maayanlab.cloud:80
LINE 456 : 2023-03-31 19:49:45,418 [DEBUG   ] http://maayanlab.cloud:80 "GET /Enrichr/export?userListId=60488462&filename=Reactome_2022.sonis_pathways.reports&backgroundType=Reactome_2022 HTTP/1.1" 308 164
LINE 1001: 2023-03-31 19:49:45,421 [DEBUG   ] Starting new HTTPS connection (1): maayanlab.cloud:443
LINE 456 : 2023-03-31 19:49:45,718 [DEBUG   ] https://maayanlab.cloud:443 "GET /Enrichr/export?userListId=60488462&filename=Reactome_2022.sonis_pathways.reports&backgroundType=Reactome_2022 HTTP/1.1" 200 6458
LINE 431 : 2023-03-31 19:49:45,732 [INFO    ] Save file of enrichment results: Job Id:2931ff50307d95629f1f9ef3acaa3fc9
LINE 441 : 2023-03-31 19:49:45,737 [INFO    ] Done.

LINE 421 : 2023-03-31 19:49:45,737 [DEBUG   ] Start Enrichr using library: KEGG_2021_Human
LINE 422 : 2023-03-31 19:49:45,737 [INFO    ] Analysis name: sonis_pathways, Enrichr Library: KEGG_2021_Human
LINE 228 : 2023-03-31 19:49:45,740 [DEBUG   ] Starting new HTTP connection (1): maayanlab.cloud:80
LINE 456 : 2023-03-31 19:49:45,903 [DEBUG   ] http://maayanlab.cloud:80 "POST /Enrichr/addList HTTP/1.1" 308 164
LINE 1001: 2023-03-31 19:49:45,905 [DEBUG   ] Starting new HTTPS connection (1): maayanlab.cloud:443
LINE 456 : 2023-03-31 19:49:46,199 [DEBUG   ] https://maayanlab.cloud:443 "POST /Enrichr/addList HTTP/1.1" 200 74
LINE 228 : 2023-03-31 19:49:47,203 [DEBUG   ] Starting new HTTP connection (1): maayanlab.cloud:80
LINE 456 : 2023-03-31 19:49:47,361 [DEBUG   ] http://maayanlab.cloud:80 "GET /Enrichr/export?userListId=60488463&filename=KEGG_2021_Human.sonis_pathways.reports&backgroundType=KEGG_2021_Human HTTP/1.1" 308 164
LINE 1001: 2023-03-31 19:49:47,364 [DEBUG   ] Starting new HTTPS connection (1): maayanlab.cloud:443
LINE 456 : 2023-03-31 19:49:47,632 [DEBUG   ] https://maayanlab.cloud:443 "GET /Enrichr/export?userListId=60488463&filename=KEGG_2021_Human.sonis_pathways.reports&backgroundType=KEGG_2021_Human HTTP/1.1" 200 1529
LINE 431 : 2023-03-31 19:49:47,636 [INFO    ] Save file of enrichment results: Job Id:2afed6393e1e8f96944b1892e3c9ca8a
LINE 441 : 2023-03-31 19:49:47,639 [INFO    ] Done.

LINE 421 : 2023-03-31 19:49:47,639 [DEBUG   ] Start Enrichr using library: BioPlanet_2019
LINE 422 : 2023-03-31 19:49:47,639 [INFO    ] Analysis name: sonis_pathways, Enrichr Library: BioPlanet_2019
LINE 228 : 2023-03-31 19:49:47,640 [DEBUG   ] Starting new HTTP connection (1): maayanlab.cloud:80
LINE 456 : 2023-03-31 19:49:47,816 [DEBUG   ] http://maayanlab.cloud:80 "POST /Enrichr/addList HTTP/1.1" 308 164
LINE 1001: 2023-03-31 19:49:47,819 [DEBUG   ] Starting new HTTPS connection (1): maayanlab.cloud:443
LINE 456 : 2023-03-31 19:49:48,125 [DEBUG   ] https://maayanlab.cloud:443 "POST /Enrichr/addList HTTP/1.1" 200 74
LINE 228 : 2023-03-31 19:49:49,143 [DEBUG   ] Starting new HTTP connection (1): maayanlab.cloud:80
LINE 456 : 2023-03-31 19:49:49,295 [DEBUG   ] http://maayanlab.cloud:80 "GET /Enrichr/export?userListId=60488464&filename=BioPlanet_2019.sonis_pathways.reports&backgroundType=BioPlanet_2019 HTTP/1.1" 308 164
LINE 1001: 2023-03-31 19:49:49,296 [DEBUG   ] Starting new HTTPS connection (1): maayanlab.cloud:443
LINE 456 : 2023-03-31 19:49:49,553 [DEBUG   ] https://maayanlab.cloud:443 "GET /Enrichr/export?userListId=60488464&filename=BioPlanet_2019.sonis_pathways.reports&backgroundType=BioPlanet_2019 HTTP/1.1" 200 6593
LINE 431 : 2023-03-31 19:49:49,559 [INFO    ] Save file of enrichment results: Job Id:d8bfc1808961f119b917f18211313553
LINE 441 : 2023-03-31 19:49:49,561 [INFO    ] Done.

LINE 421 : 2023-03-31 19:49:49,561 [DEBUG   ] Start Enrichr using library: WikiPathways_2019_Human
LINE 422 : 2023-03-31 19:49:49,561 [INFO    ] Analysis name: sonis_pathways, Enrichr Library: WikiPathways_2019_Human
LINE 228 : 2023-03-31 19:49:49,564 [DEBUG   ] Starting new HTTP connection (1): maayanlab.cloud:80
LINE 456 : 2023-03-31 19:49:49,716 [DEBUG   ] http://maayanlab.cloud:80 "POST /Enrichr/addList HTTP/1.1" 308 164
LINE 1001: 2023-03-31 19:49:49,719 [DEBUG   ] Starting new HTTPS connection (1): maayanlab.cloud:443
LINE 456 : 2023-03-31 19:49:49,994 [DEBUG   ] https://maayanlab.cloud:443 "POST /Enrichr/addList HTTP/1.1" 200 74
LINE 228 : 2023-03-31 19:49:50,998 [DEBUG   ] Starting new HTTP connection (1): maayanlab.cloud:80
LINE 456 : 2023-03-31 19:49:51,167 [DEBUG   ] http://maayanlab.cloud:80 "GET /Enrichr/export?userListId=60488465&filename=WikiPathways_2019_Human.sonis_pathways.reports&backgroundType=WikiPathways_2019_Human HTTP/1.1" 308 164
LINE 1001: 2023-03-31 19:49:51,170 [DEBUG   ] Starting new HTTPS connection (1): maayanlab.cloud:443
LINE 456 : 2023-03-31 19:49:51,442 [DEBUG   ] https://maayanlab.cloud:443 "GET /Enrichr/export?userListId=60488465&filename=WikiPathways_2019_Human.sonis_pathways.reports&backgroundType=WikiPathways_2019_Human HTTP/1.1" 200 4294
LINE 431 : 2023-03-31 19:49:51,448 [INFO    ] Save file of enrichment results: Job Id:b1dd40cd4313199a861d0ee320f05757
LINE 441 : 2023-03-31 19:49:51,451 [INFO    ] Done.

LINE 421 : 2023-03-31 19:49:51,451 [DEBUG   ] Start Enrichr using library: Human_Phenotype_Ontology
LINE 422 : 2023-03-31 19:49:51,451 [INFO    ] Analysis name: sonis_pathways, Enrichr Library: Human_Phenotype_Ontology
LINE 228 : 2023-03-31 19:49:51,454 [DEBUG   ] Starting new HTTP connection (1): maayanlab.cloud:80
LINE 456 : 2023-03-31 19:49:51,629 [DEBUG   ] http://maayanlab.cloud:80 "POST /Enrichr/addList HTTP/1.1" 308 164
LINE 1001: 2023-03-31 19:49:51,631 [DEBUG   ] Starting new HTTPS connection (1): maayanlab.cloud:443
LINE 456 : 2023-03-31 19:49:51,912 [DEBUG   ] https://maayanlab.cloud:443 "POST /Enrichr/addList HTTP/1.1" 200 74
LINE 228 : 2023-03-31 19:49:52,930 [DEBUG   ] Starting new HTTP connection (1): maayanlab.cloud:80
LINE 456 : 2023-03-31 19:49:53,086 [DEBUG   ] http://maayanlab.cloud:80 "GET /Enrichr/export?userListId=60488466&filename=Human_Phenotype_Ontology.sonis_pathways.reports&backgroundType=Human_Phenotype_Ontology HTTP/1.1" 308 164
LINE 1001: 2023-03-31 19:49:53,088 [DEBUG   ] Starting new HTTPS connection (1): maayanlab.cloud:443
LINE 456 : 2023-03-31 19:49:53,352 [DEBUG   ] https://maayanlab.cloud:443 "GET /Enrichr/export?userListId=60488466&filename=Human_Phenotype_Ontology.sonis_pathways.reports&backgroundType=Human_Phenotype_Ontology HTTP/1.1" 200 None
LINE 431 : 2023-03-31 19:49:53,410 [INFO    ] Save file of enrichment results: Job Id:822730bff34824484a92fd9b87e5cb5e
LINE 441 : 2023-03-31 19:49:53,413 [INFO    ] Done.

LINE 421 : 2023-03-31 19:49:53,413 [DEBUG   ] Start Enrichr using library: GO_Biological_Process_2021
LINE 422 : 2023-03-31 19:49:53,413 [INFO    ] Analysis name: sonis_pathways, Enrichr Library: GO_Biological_Process_2021
LINE 228 : 2023-03-31 19:49:53,415 [DEBUG   ] Starting new HTTP connection (1): maayanlab.cloud:80
LINE 456 : 2023-03-31 19:49:53,571 [DEBUG   ] http://maayanlab.cloud:80 "POST /Enrichr/addList HTTP/1.1" 308 164
LINE 1001: 2023-03-31 19:49:53,573 [DEBUG   ] Starting new HTTPS connection (1): maayanlab.cloud:443
LINE 456 : 2023-03-31 19:49:53,861 [DEBUG   ] https://maayanlab.cloud:443 "POST /Enrichr/addList HTTP/1.1" 200 74
LINE 228 : 2023-03-31 19:49:54,875 [DEBUG   ] Starting new HTTP connection (1): maayanlab.cloud:80
LINE 456 : 2023-03-31 19:49:55,024 [DEBUG   ] http://maayanlab.cloud:80 "GET /Enrichr/export?userListId=60488468&filename=GO_Biological_Process_2021.sonis_pathways.reports&backgroundType=GO_Biological_Process_2021 HTTP/1.1" 308 164
LINE 1001: 2023-03-31 19:49:55,027 [DEBUG   ] Starting new HTTPS connection (1): maayanlab.cloud:443
LINE 456 : 2023-03-31 19:49:55,293 [DEBUG   ] https://maayanlab.cloud:443 "GET /Enrichr/export?userListId=60488468&filename=GO_Biological_Process_2021.sonis_pathways.reports&backgroundType=GO_Biological_Process_2021 HTTP/1.1" 200 None
LINE 431 : 2023-03-31 19:49:55,371 [INFO    ] Save file of enrichment results: Job Id:87d2e3d34a35e9275e452a94166de3d9
LINE 441 : 2023-03-31 19:49:55,375 [INFO    ] Done.

LINE 401 : 2023-03-31 19:49:55,378 [INFO    ] Connecting to Enrichr Server to get latest library names
LINE 228 : 2023-03-31 19:49:55,380 [DEBUG   ] Starting new HTTP connection (1): maayanlab.cloud:80
LINE 456 : 2023-03-31 19:49:55,549 [DEBUG   ] http://maayanlab.cloud:80 "GET /Enrichr/datasetStatistics HTTP/1.1" 308 164
LINE 1001: 2023-03-31 19:49:55,552 [DEBUG   ] Starting new HTTPS connection (1): maayanlab.cloud:443
LINE 456 : 2023-03-31 19:49:55,788 [DEBUG   ] https://maayanlab.cloud:443 "GET /Enrichr/datasetStatistics HTTP/1.1" 200 None
LINE 421 : 2023-03-31 19:49:55,936 [DEBUG   ] Start Enrichr using library: Reactome_2022
LINE 422 : 2023-03-31 19:49:55,936 [INFO    ] Analysis name: sonis_pathways, Enrichr Library: Reactome_2022
LINE 228 : 2023-03-31 19:49:55,938 [DEBUG   ] Starting new HTTP connection (1): maayanlab.cloud:80
LINE 456 : 2023-03-31 19:49:56,102 [DEBUG   ] http://maayanlab.cloud:80 "POST /Enrichr/addList HTTP/1.1" 308 164
LINE 1001: 2023-03-31 19:49:56,105 [DEBUG   ] Starting new HTTPS connection (1): maayanlab.cloud:443
LINE 456 : 2023-03-31 19:49:56,461 [DEBUG   ] https://maayanlab.cloud:443 "POST /Enrichr/addList HTTP/1.1" 200 74
LINE 228 : 2023-03-31 19:49:57,475 [DEBUG   ] Starting new HTTP connection (1): maayanlab.cloud:80
LINE 456 : 2023-03-31 19:49:57,622 [DEBUG   ] http://maayanlab.cloud:80 "GET /Enrichr/export?userListId=60488469&filename=Reactome_2022.sonis_pathways.reports&backgroundType=Reactome_2022 HTTP/1.1" 308 164
LINE 1001: 2023-03-31 19:49:57,625 [DEBUG   ] Starting new HTTPS connection (1): maayanlab.cloud:443
LINE 456 : 2023-03-31 19:49:57,930 [DEBUG   ] https://maayanlab.cloud:443 "GET /Enrichr/export?userListId=60488469&filename=Reactome_2022.sonis_pathways.reports&backgroundType=Reactome_2022 HTTP/1.1" 200 6352
LINE 431 : 2023-03-31 19:49:57,938 [INFO    ] Save file of enrichment results: Job Id:96e6e27e4cb01b1e091b85296e6520a5
LINE 441 : 2023-03-31 19:49:57,941 [INFO    ] Done.

LINE 421 : 2023-03-31 19:49:57,942 [DEBUG   ] Start Enrichr using library: KEGG_2021_Human
LINE 422 : 2023-03-31 19:49:57,942 [INFO    ] Analysis name: sonis_pathways, Enrichr Library: KEGG_2021_Human
LINE 228 : 2023-03-31 19:49:57,944 [DEBUG   ] Starting new HTTP connection (1): maayanlab.cloud:80
LINE 456 : 2023-03-31 19:49:58,102 [DEBUG   ] http://maayanlab.cloud:80 "POST /Enrichr/addList HTTP/1.1" 308 164
LINE 1001: 2023-03-31 19:49:58,105 [DEBUG   ] Starting new HTTPS connection (1): maayanlab.cloud:443
LINE 456 : 2023-03-31 19:49:58,426 [DEBUG   ] https://maayanlab.cloud:443 "POST /Enrichr/addList HTTP/1.1" 200 74
LINE 228 : 2023-03-31 19:49:59,443 [DEBUG   ] Starting new HTTP connection (1): maayanlab.cloud:80
LINE 456 : 2023-03-31 19:49:59,596 [DEBUG   ] http://maayanlab.cloud:80 "GET /Enrichr/export?userListId=60488470&filename=KEGG_2021_Human.sonis_pathways.reports&backgroundType=KEGG_2021_Human HTTP/1.1" 308 164
LINE 1001: 2023-03-31 19:49:59,599 [DEBUG   ] Starting new HTTPS connection (1): maayanlab.cloud:443
LINE 456 : 2023-03-31 19:49:59,862 [DEBUG   ] https://maayanlab.cloud:443 "GET /Enrichr/export?userListId=60488470&filename=KEGG_2021_Human.sonis_pathways.reports&backgroundType=KEGG_2021_Human HTTP/1.1" 200 2203
LINE 431 : 2023-03-31 19:49:59,868 [INFO    ] Save file of enrichment results: Job Id:557117c06763033a115ccfb28e640896
LINE 441 : 2023-03-31 19:49:59,869 [INFO    ] Done.

LINE 421 : 2023-03-31 19:49:59,870 [DEBUG   ] Start Enrichr using library: BioPlanet_2019
LINE 422 : 2023-03-31 19:49:59,870 [INFO    ] Analysis name: sonis_pathways, Enrichr Library: BioPlanet_2019
LINE 228 : 2023-03-31 19:49:59,873 [DEBUG   ] Starting new HTTP connection (1): maayanlab.cloud:80
LINE 456 : 2023-03-31 19:50:00,033 [DEBUG   ] http://maayanlab.cloud:80 "POST /Enrichr/addList HTTP/1.1" 308 164
LINE 1001: 2023-03-31 19:50:00,041 [DEBUG   ] Starting new HTTPS connection (1): maayanlab.cloud:443
LINE 456 : 2023-03-31 19:50:00,367 [DEBUG   ] https://maayanlab.cloud:443 "POST /Enrichr/addList HTTP/1.1" 200 74
LINE 228 : 2023-03-31 19:50:01,378 [DEBUG   ] Starting new HTTP connection (1): maayanlab.cloud:80
LINE 456 : 2023-03-31 19:50:01,565 [DEBUG   ] http://maayanlab.cloud:80 "GET /Enrichr/export?userListId=60488471&filename=BioPlanet_2019.sonis_pathways.reports&backgroundType=BioPlanet_2019 HTTP/1.1" 308 164
LINE 1001: 2023-03-31 19:50:01,568 [DEBUG   ] Starting new HTTPS connection (1): maayanlab.cloud:443
LINE 456 : 2023-03-31 19:50:01,836 [DEBUG   ] https://maayanlab.cloud:443 "GET /Enrichr/export?userListId=60488471&filename=BioPlanet_2019.sonis_pathways.reports&backgroundType=BioPlanet_2019 HTTP/1.1" 200 None
LINE 431 : 2023-03-31 19:50:01,899 [INFO    ] Save file of enrichment results: Job Id:25001d26c1839aa591bfc87ac029a638
LINE 441 : 2023-03-31 19:50:01,903 [INFO    ] Done.

LINE 421 : 2023-03-31 19:50:01,903 [DEBUG   ] Start Enrichr using library: WikiPathways_2019_Human
LINE 422 : 2023-03-31 19:50:01,903 [INFO    ] Analysis name: sonis_pathways, Enrichr Library: WikiPathways_2019_Human
LINE 228 : 2023-03-31 19:50:01,905 [DEBUG   ] Starting new HTTP connection (1): maayanlab.cloud:80
LINE 456 : 2023-03-31 19:50:02,068 [DEBUG   ] http://maayanlab.cloud:80 "POST /Enrichr/addList HTTP/1.1" 308 164
LINE 1001: 2023-03-31 19:50:02,071 [DEBUG   ] Starting new HTTPS connection (1): maayanlab.cloud:443
LINE 456 : 2023-03-31 19:50:02,394 [DEBUG   ] https://maayanlab.cloud:443 "POST /Enrichr/addList HTTP/1.1" 200 74
LINE 228 : 2023-03-31 19:50:03,410 [DEBUG   ] Starting new HTTP connection (1): maayanlab.cloud:80
LINE 456 : 2023-03-31 19:50:03,577 [DEBUG   ] http://maayanlab.cloud:80 "GET /Enrichr/export?userListId=60488472&filename=WikiPathways_2019_Human.sonis_pathways.reports&backgroundType=WikiPathways_2019_Human HTTP/1.1" 308 164
LINE 1001: 2023-03-31 19:50:03,580 [DEBUG   ] Starting new HTTPS connection (1): maayanlab.cloud:443
LINE 456 : 2023-03-31 19:50:03,860 [DEBUG   ] https://maayanlab.cloud:443 "GET /Enrichr/export?userListId=60488472&filename=WikiPathways_2019_Human.sonis_pathways.reports&backgroundType=WikiPathways_2019_Human HTTP/1.1" 200 1923
LINE 431 : 2023-03-31 19:50:03,869 [INFO    ] Save file of enrichment results: Job Id:497bb30ed3d4fbd652b2334f7a2d8f58
LINE 441 : 2023-03-31 19:50:03,871 [INFO    ] Done.

LINE 421 : 2023-03-31 19:50:03,871 [DEBUG   ] Start Enrichr using library: Human_Phenotype_Ontology
LINE 422 : 2023-03-31 19:50:03,871 [INFO    ] Analysis name: sonis_pathways, Enrichr Library: Human_Phenotype_Ontology
LINE 228 : 2023-03-31 19:50:03,874 [DEBUG   ] Starting new HTTP connection (1): maayanlab.cloud:80
LINE 456 : 2023-03-31 19:50:04,033 [DEBUG   ] http://maayanlab.cloud:80 "POST /Enrichr/addList HTTP/1.1" 308 164
LINE 1001: 2023-03-31 19:50:04,035 [DEBUG   ] Starting new HTTPS connection (1): maayanlab.cloud:443
LINE 456 : 2023-03-31 19:50:04,355 [DEBUG   ] https://maayanlab.cloud:443 "POST /Enrichr/addList HTTP/1.1" 200 74
LINE 228 : 2023-03-31 19:50:05,373 [DEBUG   ] Starting new HTTP connection (1): maayanlab.cloud:80
LINE 456 : 2023-03-31 19:50:05,526 [DEBUG   ] http://maayanlab.cloud:80 "GET /Enrichr/export?userListId=60488473&filename=Human_Phenotype_Ontology.sonis_pathways.reports&backgroundType=Human_Phenotype_Ontology HTTP/1.1" 308 164
LINE 1001: 2023-03-31 19:50:05,529 [DEBUG   ] Starting new HTTPS connection (1): maayanlab.cloud:443
LINE 456 : 2023-03-31 19:50:05,802 [DEBUG   ] https://maayanlab.cloud:443 "GET /Enrichr/export?userListId=60488473&filename=Human_Phenotype_Ontology.sonis_pathways.reports&backgroundType=Human_Phenotype_Ontology HTTP/1.1" 200 None
LINE 431 : 2023-03-31 19:50:05,864 [INFO    ] Save file of enrichment results: Job Id:b8fbef6a669d1090b55cd1bfe9c10ba3
LINE 441 : 2023-03-31 19:50:05,870 [INFO    ] Done.

LINE 421 : 2023-03-31 19:50:05,870 [DEBUG   ] Start Enrichr using library: GO_Biological_Process_2021
LINE 422 : 2023-03-31 19:50:05,870 [INFO    ] Analysis name: sonis_pathways, Enrichr Library: GO_Biological_Process_2021
LINE 228 : 2023-03-31 19:50:05,873 [DEBUG   ] Starting new HTTP connection (1): maayanlab.cloud:80
LINE 456 : 2023-03-31 19:50:06,046 [DEBUG   ] http://maayanlab.cloud:80 "POST /Enrichr/addList HTTP/1.1" 308 164
LINE 1001: 2023-03-31 19:50:06,049 [DEBUG   ] Starting new HTTPS connection (1): maayanlab.cloud:443
LINE 456 : 2023-03-31 19:50:06,388 [DEBUG   ] https://maayanlab.cloud:443 "POST /Enrichr/addList HTTP/1.1" 200 74
LINE 228 : 2023-03-31 19:50:07,398 [DEBUG   ] Starting new HTTP connection (1): maayanlab.cloud:80
LINE 456 : 2023-03-31 19:50:07,575 [DEBUG   ] http://maayanlab.cloud:80 "GET /Enrichr/export?userListId=60488474&filename=GO_Biological_Process_2021.sonis_pathways.reports&backgroundType=GO_Biological_Process_2021 HTTP/1.1" 308 164
LINE 1001: 2023-03-31 19:50:07,583 [DEBUG   ] Starting new HTTPS connection (1): maayanlab.cloud:443
LINE 456 : 2023-03-31 19:50:07,868 [DEBUG   ] https://maayanlab.cloud:443 "GET /Enrichr/export?userListId=60488474&filename=GO_Biological_Process_2021.sonis_pathways.reports&backgroundType=GO_Biological_Process_2021 HTTP/1.1" 200 None
LINE 431 : 2023-03-31 19:50:08,001 [INFO    ] Save file of enrichment results: Job Id:a334f0663c7d31d0e255161aa95325b5
LINE 441 : 2023-03-31 19:50:08,007 [INFO    ] Done.

LINE 401 : 2023-03-31 19:50:08,010 [INFO    ] Connecting to Enrichr Server to get latest library names
LINE 228 : 2023-03-31 19:50:08,012 [DEBUG   ] Starting new HTTP connection (1): maayanlab.cloud:80
LINE 456 : 2023-03-31 19:50:08,170 [DEBUG   ] http://maayanlab.cloud:80 "GET /Enrichr/datasetStatistics HTTP/1.1" 308 164
LINE 1001: 2023-03-31 19:50:08,173 [DEBUG   ] Starting new HTTPS connection (1): maayanlab.cloud:443
LINE 456 : 2023-03-31 19:50:08,434 [DEBUG   ] https://maayanlab.cloud:443 "GET /Enrichr/datasetStatistics HTTP/1.1" 200 None
LINE 421 : 2023-03-31 19:50:08,580 [DEBUG   ] Start Enrichr using library: Reactome_2022
LINE 422 : 2023-03-31 19:50:08,580 [INFO    ] Analysis name: sonis_pathways, Enrichr Library: Reactome_2022
LINE 228 : 2023-03-31 19:50:08,581 [DEBUG   ] Starting new HTTP connection (1): maayanlab.cloud:80
LINE 456 : 2023-03-31 19:50:08,747 [DEBUG   ] http://maayanlab.cloud:80 "POST /Enrichr/addList HTTP/1.1" 308 164
LINE 1001: 2023-03-31 19:50:08,750 [DEBUG   ] Starting new HTTPS connection (1): maayanlab.cloud:443
LINE 456 : 2023-03-31 19:50:09,082 [DEBUG   ] https://maayanlab.cloud:443 "POST /Enrichr/addList HTTP/1.1" 200 74
LINE 228 : 2023-03-31 19:50:10,097 [DEBUG   ] Starting new HTTP connection (1): maayanlab.cloud:80
LINE 456 : 2023-03-31 19:50:10,251 [DEBUG   ] http://maayanlab.cloud:80 "GET /Enrichr/export?userListId=60488475&filename=Reactome_2022.sonis_pathways.reports&backgroundType=Reactome_2022 HTTP/1.1" 308 164
LINE 1001: 2023-03-31 19:50:10,256 [DEBUG   ] Starting new HTTPS connection (1): maayanlab.cloud:443
LINE 456 : 2023-03-31 19:50:10,567 [DEBUG   ] https://maayanlab.cloud:443 "GET /Enrichr/export?userListId=60488475&filename=Reactome_2022.sonis_pathways.reports&backgroundType=Reactome_2022 HTTP/1.1" 200 None
LINE 431 : 2023-03-31 19:50:10,645 [INFO    ] Save file of enrichment results: Job Id:48c32ea4189696db4b1c63606783f276
LINE 441 : 2023-03-31 19:50:10,649 [INFO    ] Done.

LINE 421 : 2023-03-31 19:50:10,649 [DEBUG   ] Start Enrichr using library: KEGG_2021_Human
LINE 422 : 2023-03-31 19:50:10,649 [INFO    ] Analysis name: sonis_pathways, Enrichr Library: KEGG_2021_Human
LINE 228 : 2023-03-31 19:50:10,652 [DEBUG   ] Starting new HTTP connection (1): maayanlab.cloud:80
LINE 456 : 2023-03-31 19:50:10,813 [DEBUG   ] http://maayanlab.cloud:80 "POST /Enrichr/addList HTTP/1.1" 308 164
LINE 1001: 2023-03-31 19:50:10,816 [DEBUG   ] Starting new HTTPS connection (1): maayanlab.cloud:443
LINE 456 : 2023-03-31 19:50:11,141 [DEBUG   ] https://maayanlab.cloud:443 "POST /Enrichr/addList HTTP/1.1" 200 74
LINE 228 : 2023-03-31 19:50:12,154 [DEBUG   ] Starting new HTTP connection (1): maayanlab.cloud:80
LINE 456 : 2023-03-31 19:50:12,312 [DEBUG   ] http://maayanlab.cloud:80 "GET /Enrichr/export?userListId=60488476&filename=KEGG_2021_Human.sonis_pathways.reports&backgroundType=KEGG_2021_Human HTTP/1.1" 308 164
LINE 1001: 2023-03-31 19:50:12,316 [DEBUG   ] Starting new HTTPS connection (1): maayanlab.cloud:443
LINE 456 : 2023-03-31 19:50:12,588 [DEBUG   ] https://maayanlab.cloud:443 "GET /Enrichr/export?userListId=60488476&filename=KEGG_2021_Human.sonis_pathways.reports&backgroundType=KEGG_2021_Human HTTP/1.1" 200 5700
LINE 431 : 2023-03-31 19:50:12,596 [INFO    ] Save file of enrichment results: Job Id:6151ffd05c6655105bfb28291269c84c
LINE 441 : 2023-03-31 19:50:12,599 [INFO    ] Done.

LINE 421 : 2023-03-31 19:50:12,599 [DEBUG   ] Start Enrichr using library: BioPlanet_2019
LINE 422 : 2023-03-31 19:50:12,599 [INFO    ] Analysis name: sonis_pathways, Enrichr Library: BioPlanet_2019
LINE 228 : 2023-03-31 19:50:12,601 [DEBUG   ] Starting new HTTP connection (1): maayanlab.cloud:80
LINE 456 : 2023-03-31 19:50:12,761 [DEBUG   ] http://maayanlab.cloud:80 "POST /Enrichr/addList HTTP/1.1" 308 164
LINE 1001: 2023-03-31 19:50:12,766 [DEBUG   ] Starting new HTTPS connection (1): maayanlab.cloud:443
LINE 456 : 2023-03-31 19:50:13,094 [DEBUG   ] https://maayanlab.cloud:443 "POST /Enrichr/addList HTTP/1.1" 200 74
LINE 228 : 2023-03-31 19:50:14,112 [DEBUG   ] Starting new HTTP connection (1): maayanlab.cloud:80
LINE 456 : 2023-03-31 19:50:14,272 [DEBUG   ] http://maayanlab.cloud:80 "GET /Enrichr/export?userListId=60488477&filename=BioPlanet_2019.sonis_pathways.reports&backgroundType=BioPlanet_2019 HTTP/1.1" 308 164
LINE 1001: 2023-03-31 19:50:14,274 [DEBUG   ] Starting new HTTPS connection (1): maayanlab.cloud:443
LINE 456 : 2023-03-31 19:50:14,529 [DEBUG   ] https://maayanlab.cloud:443 "GET /Enrichr/export?userListId=60488477&filename=BioPlanet_2019.sonis_pathways.reports&backgroundType=BioPlanet_2019 HTTP/1.1" 200 None
LINE 431 : 2023-03-31 19:50:14,606 [INFO    ] Save file of enrichment results: Job Id:3ce5671569f0e418aa55bfee6d96b48f
LINE 441 : 2023-03-31 19:50:14,609 [INFO    ] Done.

LINE 421 : 2023-03-31 19:50:14,609 [DEBUG   ] Start Enrichr using library: WikiPathways_2019_Human
LINE 422 : 2023-03-31 19:50:14,609 [INFO    ] Analysis name: sonis_pathways, Enrichr Library: WikiPathways_2019_Human
LINE 228 : 2023-03-31 19:50:14,611 [DEBUG   ] Starting new HTTP connection (1): maayanlab.cloud:80
LINE 456 : 2023-03-31 19:50:14,770 [DEBUG   ] http://maayanlab.cloud:80 "POST /Enrichr/addList HTTP/1.1" 308 164
LINE 1001: 2023-03-31 19:50:14,772 [DEBUG   ] Starting new HTTPS connection (1): maayanlab.cloud:443
LINE 456 : 2023-03-31 19:50:15,100 [DEBUG   ] https://maayanlab.cloud:443 "POST /Enrichr/addList HTTP/1.1" 200 74
LINE 228 : 2023-03-31 19:50:16,117 [DEBUG   ] Starting new HTTP connection (1): maayanlab.cloud:80
LINE 456 : 2023-03-31 19:50:16,281 [DEBUG   ] http://maayanlab.cloud:80 "GET /Enrichr/export?userListId=60488478&filename=WikiPathways_2019_Human.sonis_pathways.reports&backgroundType=WikiPathways_2019_Human HTTP/1.1" 308 164
LINE 1001: 2023-03-31 19:50:16,285 [DEBUG   ] Starting new HTTPS connection (1): maayanlab.cloud:443
LINE 456 : 2023-03-31 19:50:16,535 [DEBUG   ] https://maayanlab.cloud:443 "GET /Enrichr/export?userListId=60488478&filename=WikiPathways_2019_Human.sonis_pathways.reports&backgroundType=WikiPathways_2019_Human HTTP/1.1" 200 7074
LINE 431 : 2023-03-31 19:50:16,543 [INFO    ] Save file of enrichment results: Job Id:581d57290211f947a285969daf9457f3
LINE 441 : 2023-03-31 19:50:16,544 [INFO    ] Done.

LINE 421 : 2023-03-31 19:50:16,544 [DEBUG   ] Start Enrichr using library: Human_Phenotype_Ontology
LINE 422 : 2023-03-31 19:50:16,545 [INFO    ] Analysis name: sonis_pathways, Enrichr Library: Human_Phenotype_Ontology
LINE 228 : 2023-03-31 19:50:16,546 [DEBUG   ] Starting new HTTP connection (1): maayanlab.cloud:80
LINE 456 : 2023-03-31 19:50:16,697 [DEBUG   ] http://maayanlab.cloud:80 "POST /Enrichr/addList HTTP/1.1" 308 164
LINE 1001: 2023-03-31 19:50:16,699 [DEBUG   ] Starting new HTTPS connection (1): maayanlab.cloud:443
LINE 456 : 2023-03-31 19:50:17,026 [DEBUG   ] https://maayanlab.cloud:443 "POST /Enrichr/addList HTTP/1.1" 200 74
LINE 228 : 2023-03-31 19:50:18,038 [DEBUG   ] Starting new HTTP connection (1): maayanlab.cloud:80
LINE 456 : 2023-03-31 19:50:18,208 [DEBUG   ] http://maayanlab.cloud:80 "GET /Enrichr/export?userListId=60488480&filename=Human_Phenotype_Ontology.sonis_pathways.reports&backgroundType=Human_Phenotype_Ontology HTTP/1.1" 308 164
LINE 1001: 2023-03-31 19:50:18,210 [DEBUG   ] Starting new HTTPS connection (1): maayanlab.cloud:443
LINE 456 : 2023-03-31 19:50:18,465 [DEBUG   ] https://maayanlab.cloud:443 "GET /Enrichr/export?userListId=60488480&filename=Human_Phenotype_Ontology.sonis_pathways.reports&backgroundType=Human_Phenotype_Ontology HTTP/1.1" 200 None
LINE 431 : 2023-03-31 19:50:18,606 [INFO    ] Save file of enrichment results: Job Id:e8d03f5ef9471577dae3e1317568c3da
LINE 441 : 2023-03-31 19:50:18,611 [INFO    ] Done.

LINE 421 : 2023-03-31 19:50:18,611 [DEBUG   ] Start Enrichr using library: GO_Biological_Process_2021
LINE 422 : 2023-03-31 19:50:18,611 [INFO    ] Analysis name: sonis_pathways, Enrichr Library: GO_Biological_Process_2021
LINE 228 : 2023-03-31 19:50:18,613 [DEBUG   ] Starting new HTTP connection (1): maayanlab.cloud:80
LINE 456 : 2023-03-31 19:50:18,770 [DEBUG   ] http://maayanlab.cloud:80 "POST /Enrichr/addList HTTP/1.1" 308 164
LINE 1001: 2023-03-31 19:50:18,772 [DEBUG   ] Starting new HTTPS connection (1): maayanlab.cloud:443
LINE 456 : 2023-03-31 19:50:19,107 [DEBUG   ] https://maayanlab.cloud:443 "POST /Enrichr/addList HTTP/1.1" 200 74
LINE 228 : 2023-03-31 19:50:20,110 [DEBUG   ] Starting new HTTP connection (1): maayanlab.cloud:80
LINE 456 : 2023-03-31 19:50:20,258 [DEBUG   ] http://maayanlab.cloud:80 "GET /Enrichr/export?userListId=60488481&filename=GO_Biological_Process_2021.sonis_pathways.reports&backgroundType=GO_Biological_Process_2021 HTTP/1.1" 308 164
LINE 1001: 2023-03-31 19:50:20,263 [DEBUG   ] Starting new HTTPS connection (1): maayanlab.cloud:443
LINE 456 : 2023-03-31 19:50:20,529 [DEBUG   ] https://maayanlab.cloud:443 "GET /Enrichr/export?userListId=60488481&filename=GO_Biological_Process_2021.sonis_pathways.reports&backgroundType=GO_Biological_Process_2021 HTTP/1.1" 200 None
LINE 431 : 2023-03-31 19:50:20,688 [INFO    ] Save file of enrichment results: Job Id:893c81ccc209d917b3cd17a8c8e20ffe
LINE 441 : 2023-03-31 19:50:20,696 [INFO    ] Done.

LINE 401 : 2023-03-31 19:50:20,698 [INFO    ] Connecting to Enrichr Server to get latest library names
LINE 228 : 2023-03-31 19:50:20,700 [DEBUG   ] Starting new HTTP connection (1): maayanlab.cloud:80
LINE 456 : 2023-03-31 19:50:20,858 [DEBUG   ] http://maayanlab.cloud:80 "GET /Enrichr/datasetStatistics HTTP/1.1" 308 164
LINE 1001: 2023-03-31 19:50:20,860 [DEBUG   ] Starting new HTTPS connection (1): maayanlab.cloud:443
LINE 456 : 2023-03-31 19:50:21,105 [DEBUG   ] https://maayanlab.cloud:443 "GET /Enrichr/datasetStatistics HTTP/1.1" 200 None
LINE 421 : 2023-03-31 19:50:21,248 [DEBUG   ] Start Enrichr using library: Reactome_2022
LINE 422 : 2023-03-31 19:50:21,248 [INFO    ] Analysis name: sonis_pathways, Enrichr Library: Reactome_2022
LINE 228 : 2023-03-31 19:50:21,249 [DEBUG   ] Starting new HTTP connection (1): maayanlab.cloud:80
LINE 456 : 2023-03-31 19:50:21,404 [DEBUG   ] http://maayanlab.cloud:80 "POST /Enrichr/addList HTTP/1.1" 308 164
LINE 1001: 2023-03-31 19:50:21,407 [DEBUG   ] Starting new HTTPS connection (1): maayanlab.cloud:443
LINE 456 : 2023-03-31 19:50:21,718 [DEBUG   ] https://maayanlab.cloud:443 "POST /Enrichr/addList HTTP/1.1" 200 74
LINE 228 : 2023-03-31 19:50:22,737 [DEBUG   ] Starting new HTTP connection (1): maayanlab.cloud:80
LINE 456 : 2023-03-31 19:50:22,905 [DEBUG   ] http://maayanlab.cloud:80 "GET /Enrichr/export?userListId=60488483&filename=Reactome_2022.sonis_pathways.reports&backgroundType=Reactome_2022 HTTP/1.1" 308 164
LINE 1001: 2023-03-31 19:50:22,908 [DEBUG   ] Starting new HTTPS connection (1): maayanlab.cloud:443
LINE 456 : 2023-03-31 19:50:23,211 [DEBUG   ] https://maayanlab.cloud:443 "GET /Enrichr/export?userListId=60488483&filename=Reactome_2022.sonis_pathways.reports&backgroundType=Reactome_2022 HTTP/1.1" 200 None
LINE 431 : 2023-03-31 19:50:23,290 [INFO    ] Save file of enrichment results: Job Id:f2e1555548f5552d3cf9ca1026068ae3
LINE 441 : 2023-03-31 19:50:23,293 [INFO    ] Done.

LINE 421 : 2023-03-31 19:50:23,294 [DEBUG   ] Start Enrichr using library: KEGG_2021_Human
LINE 422 : 2023-03-31 19:50:23,294 [INFO    ] Analysis name: sonis_pathways, Enrichr Library: KEGG_2021_Human
LINE 228 : 2023-03-31 19:50:23,296 [DEBUG   ] Starting new HTTP connection (1): maayanlab.cloud:80
LINE 456 : 2023-03-31 19:50:23,453 [DEBUG   ] http://maayanlab.cloud:80 "POST /Enrichr/addList HTTP/1.1" 308 164
LINE 1001: 2023-03-31 19:50:23,456 [DEBUG   ] Starting new HTTPS connection (1): maayanlab.cloud:443
LINE 456 : 2023-03-31 19:50:23,789 [DEBUG   ] https://maayanlab.cloud:443 "POST /Enrichr/addList HTTP/1.1" 200 74
LINE 228 : 2023-03-31 19:50:24,804 [DEBUG   ] Starting new HTTP connection (1): maayanlab.cloud:80
LINE 456 : 2023-03-31 19:50:24,960 [DEBUG   ] http://maayanlab.cloud:80 "GET /Enrichr/export?userListId=60488485&filename=KEGG_2021_Human.sonis_pathways.reports&backgroundType=KEGG_2021_Human HTTP/1.1" 308 164
LINE 1001: 2023-03-31 19:50:24,963 [DEBUG   ] Starting new HTTPS connection (1): maayanlab.cloud:443
LINE 456 : 2023-03-31 19:50:25,232 [DEBUG   ] https://maayanlab.cloud:443 "GET /Enrichr/export?userListId=60488485&filename=KEGG_2021_Human.sonis_pathways.reports&backgroundType=KEGG_2021_Human HTTP/1.1" 200 None
LINE 431 : 2023-03-31 19:50:25,300 [INFO    ] Save file of enrichment results: Job Id:a16f30462b8faced561b4a241b2e7a80
LINE 441 : 2023-03-31 19:50:25,304 [INFO    ] Done.

LINE 421 : 2023-03-31 19:50:25,304 [DEBUG   ] Start Enrichr using library: BioPlanet_2019
LINE 422 : 2023-03-31 19:50:25,304 [INFO    ] Analysis name: sonis_pathways, Enrichr Library: BioPlanet_2019
LINE 228 : 2023-03-31 19:50:25,306 [DEBUG   ] Starting new HTTP connection (1): maayanlab.cloud:80
LINE 456 : 2023-03-31 19:50:25,461 [DEBUG   ] http://maayanlab.cloud:80 "POST /Enrichr/addList HTTP/1.1" 308 164
LINE 1001: 2023-03-31 19:50:25,466 [DEBUG   ] Starting new HTTPS connection (1): maayanlab.cloud:443
LINE 456 : 2023-03-31 19:50:25,799 [DEBUG   ] https://maayanlab.cloud:443 "POST /Enrichr/addList HTTP/1.1" 200 74
LINE 228 : 2023-03-31 19:50:26,805 [DEBUG   ] Starting new HTTP connection (1): maayanlab.cloud:80
LINE 456 : 2023-03-31 19:50:26,961 [DEBUG   ] http://maayanlab.cloud:80 "GET /Enrichr/export?userListId=60488486&filename=BioPlanet_2019.sonis_pathways.reports&backgroundType=BioPlanet_2019 HTTP/1.1" 308 164
LINE 1001: 2023-03-31 19:50:26,963 [DEBUG   ] Starting new HTTPS connection (1): maayanlab.cloud:443
LINE 456 : 2023-03-31 19:50:27,228 [DEBUG   ] https://maayanlab.cloud:443 "GET /Enrichr/export?userListId=60488486&filename=BioPlanet_2019.sonis_pathways.reports&backgroundType=BioPlanet_2019 HTTP/1.1" 200 None
LINE 431 : 2023-03-31 19:50:27,309 [INFO    ] Save file of enrichment results: Job Id:350cb6d0bb4a5983ec9899e3a47ba81f
LINE 441 : 2023-03-31 19:50:27,311 [INFO    ] Done.

LINE 421 : 2023-03-31 19:50:27,311 [DEBUG   ] Start Enrichr using library: WikiPathways_2019_Human
LINE 422 : 2023-03-31 19:50:27,311 [INFO    ] Analysis name: sonis_pathways, Enrichr Library: WikiPathways_2019_Human
LINE 228 : 2023-03-31 19:50:27,313 [DEBUG   ] Starting new HTTP connection (1): maayanlab.cloud:80
LINE 456 : 2023-03-31 19:50:27,484 [DEBUG   ] http://maayanlab.cloud:80 "POST /Enrichr/addList HTTP/1.1" 308 164
LINE 1001: 2023-03-31 19:50:27,489 [DEBUG   ] Starting new HTTPS connection (1): maayanlab.cloud:443
LINE 456 : 2023-03-31 19:50:27,814 [DEBUG   ] https://maayanlab.cloud:443 "POST /Enrichr/addList HTTP/1.1" 200 74
LINE 228 : 2023-03-31 19:50:28,821 [DEBUG   ] Starting new HTTP connection (1): maayanlab.cloud:80
LINE 456 : 2023-03-31 19:50:28,981 [DEBUG   ] http://maayanlab.cloud:80 "GET /Enrichr/export?userListId=60488488&filename=WikiPathways_2019_Human.sonis_pathways.reports&backgroundType=WikiPathways_2019_Human HTTP/1.1" 308 164
LINE 1001: 2023-03-31 19:50:28,983 [DEBUG   ] Starting new HTTPS connection (1): maayanlab.cloud:443
LINE 456 : 2023-03-31 19:50:29,237 [DEBUG   ] https://maayanlab.cloud:443 "GET /Enrichr/export?userListId=60488488&filename=WikiPathways_2019_Human.sonis_pathways.reports&backgroundType=WikiPathways_2019_Human HTTP/1.1" 200 None
LINE 431 : 2023-03-31 19:50:29,304 [INFO    ] Save file of enrichment results: Job Id:11c9f11498ef612be2a20d4a8b5d2779
LINE 441 : 2023-03-31 19:50:29,306 [INFO    ] Done.

LINE 421 : 2023-03-31 19:50:29,306 [DEBUG   ] Start Enrichr using library: Human_Phenotype_Ontology
LINE 422 : 2023-03-31 19:50:29,306 [INFO    ] Analysis name: sonis_pathways, Enrichr Library: Human_Phenotype_Ontology
LINE 228 : 2023-03-31 19:50:29,308 [DEBUG   ] Starting new HTTP connection (1): maayanlab.cloud:80
LINE 456 : 2023-03-31 19:50:29,468 [DEBUG   ] http://maayanlab.cloud:80 "POST /Enrichr/addList HTTP/1.1" 308 164
LINE 1001: 2023-03-31 19:50:29,470 [DEBUG   ] Starting new HTTPS connection (1): maayanlab.cloud:443
LINE 456 : 2023-03-31 19:50:29,782 [DEBUG   ] https://maayanlab.cloud:443 "POST /Enrichr/addList HTTP/1.1" 200 74
LINE 228 : 2023-03-31 19:50:30,789 [DEBUG   ] Starting new HTTP connection (1): maayanlab.cloud:80
LINE 456 : 2023-03-31 19:50:30,951 [DEBUG   ] http://maayanlab.cloud:80 "GET /Enrichr/export?userListId=60488490&filename=Human_Phenotype_Ontology.sonis_pathways.reports&backgroundType=Human_Phenotype_Ontology HTTP/1.1" 308 164
LINE 1001: 2023-03-31 19:50:30,954 [DEBUG   ] Starting new HTTPS connection (1): maayanlab.cloud:443
LINE 456 : 2023-03-31 19:50:31,218 [DEBUG   ] https://maayanlab.cloud:443 "GET /Enrichr/export?userListId=60488490&filename=Human_Phenotype_Ontology.sonis_pathways.reports&backgroundType=Human_Phenotype_Ontology HTTP/1.1" 200 7772
LINE 431 : 2023-03-31 19:50:31,224 [INFO    ] Save file of enrichment results: Job Id:bb392515aa9be6ffe922392bb3dfd791
LINE 441 : 2023-03-31 19:50:31,227 [INFO    ] Done.

LINE 421 : 2023-03-31 19:50:31,227 [DEBUG   ] Start Enrichr using library: GO_Biological_Process_2021
LINE 422 : 2023-03-31 19:50:31,227 [INFO    ] Analysis name: sonis_pathways, Enrichr Library: GO_Biological_Process_2021
LINE 228 : 2023-03-31 19:50:31,228 [DEBUG   ] Starting new HTTP connection (1): maayanlab.cloud:80
LINE 456 : 2023-03-31 19:50:31,391 [DEBUG   ] http://maayanlab.cloud:80 "POST /Enrichr/addList HTTP/1.1" 308 164
LINE 1001: 2023-03-31 19:50:31,393 [DEBUG   ] Starting new HTTPS connection (1): maayanlab.cloud:443
LINE 456 : 2023-03-31 19:50:31,713 [DEBUG   ] https://maayanlab.cloud:443 "POST /Enrichr/addList HTTP/1.1" 200 74
LINE 228 : 2023-03-31 19:50:32,723 [DEBUG   ] Starting new HTTP connection (1): maayanlab.cloud:80
LINE 456 : 2023-03-31 19:50:32,900 [DEBUG   ] http://maayanlab.cloud:80 "GET /Enrichr/export?userListId=60488492&filename=GO_Biological_Process_2021.sonis_pathways.reports&backgroundType=GO_Biological_Process_2021 HTTP/1.1" 308 164
LINE 1001: 2023-03-31 19:50:32,903 [DEBUG   ] Starting new HTTPS connection (1): maayanlab.cloud:443
LINE 456 : 2023-03-31 19:50:33,171 [DEBUG   ] https://maayanlab.cloud:443 "GET /Enrichr/export?userListId=60488492&filename=GO_Biological_Process_2021.sonis_pathways.reports&backgroundType=GO_Biological_Process_2021 HTTP/1.1" 200 None
LINE 431 : 2023-03-31 19:50:33,383 [INFO    ] Save file of enrichment results: Job Id:f6a8bb84e0cf5035d97bd319650b4a2a
LINE 441 : 2023-03-31 19:50:33,391 [INFO    ] Done.

LINE 401 : 2023-03-31 19:50:33,394 [INFO    ] Connecting to Enrichr Server to get latest library names
LINE 228 : 2023-03-31 19:50:33,395 [DEBUG   ] Starting new HTTP connection (1): maayanlab.cloud:80
LINE 456 : 2023-03-31 19:50:33,551 [DEBUG   ] http://maayanlab.cloud:80 "GET /Enrichr/datasetStatistics HTTP/1.1" 308 164
LINE 1001: 2023-03-31 19:50:33,554 [DEBUG   ] Starting new HTTPS connection (1): maayanlab.cloud:443
LINE 456 : 2023-03-31 19:50:33,787 [DEBUG   ] https://maayanlab.cloud:443 "GET /Enrichr/datasetStatistics HTTP/1.1" 200 None
LINE 421 : 2023-03-31 19:50:33,933 [DEBUG   ] Start Enrichr using library: Reactome_2022
LINE 422 : 2023-03-31 19:50:33,933 [INFO    ] Analysis name: sonis_pathways, Enrichr Library: Reactome_2022
LINE 228 : 2023-03-31 19:50:33,934 [DEBUG   ] Starting new HTTP connection (1): maayanlab.cloud:80
LINE 456 : 2023-03-31 19:50:34,088 [DEBUG   ] http://maayanlab.cloud:80 "POST /Enrichr/addList HTTP/1.1" 308 164
LINE 1001: 2023-03-31 19:50:34,090 [DEBUG   ] Starting new HTTPS connection (1): maayanlab.cloud:443
LINE 456 : 2023-03-31 19:50:34,426 [DEBUG   ] https://maayanlab.cloud:443 "POST /Enrichr/addList HTTP/1.1" 200 74
LINE 228 : 2023-03-31 19:50:35,436 [DEBUG   ] Starting new HTTP connection (1): maayanlab.cloud:80
LINE 456 : 2023-03-31 19:50:35,594 [DEBUG   ] http://maayanlab.cloud:80 "GET /Enrichr/export?userListId=60488494&filename=Reactome_2022.sonis_pathways.reports&backgroundType=Reactome_2022 HTTP/1.1" 308 164
LINE 1001: 2023-03-31 19:50:35,597 [DEBUG   ] Starting new HTTPS connection (1): maayanlab.cloud:443
LINE 456 : 2023-03-31 19:50:35,886 [DEBUG   ] https://maayanlab.cloud:443 "GET /Enrichr/export?userListId=60488494&filename=Reactome_2022.sonis_pathways.reports&backgroundType=Reactome_2022 HTTP/1.1" 200 None
LINE 431 : 2023-03-31 19:50:35,957 [INFO    ] Save file of enrichment results: Job Id:815ba833b2e044444ea93fc9d999a47c
LINE 441 : 2023-03-31 19:50:35,961 [INFO    ] Done.

LINE 421 : 2023-03-31 19:50:35,961 [DEBUG   ] Start Enrichr using library: KEGG_2021_Human
LINE 422 : 2023-03-31 19:50:35,962 [INFO    ] Analysis name: sonis_pathways, Enrichr Library: KEGG_2021_Human
LINE 228 : 2023-03-31 19:50:35,964 [DEBUG   ] Starting new HTTP connection (1): maayanlab.cloud:80
LINE 456 : 2023-03-31 19:50:36,116 [DEBUG   ] http://maayanlab.cloud:80 "POST /Enrichr/addList HTTP/1.1" 308 164
LINE 1001: 2023-03-31 19:50:36,121 [DEBUG   ] Starting new HTTPS connection (1): maayanlab.cloud:443
LINE 456 : 2023-03-31 19:50:36,449 [DEBUG   ] https://maayanlab.cloud:443 "POST /Enrichr/addList HTTP/1.1" 200 74
LINE 228 : 2023-03-31 19:50:37,466 [DEBUG   ] Starting new HTTP connection (1): maayanlab.cloud:80
LINE 456 : 2023-03-31 19:50:37,641 [DEBUG   ] http://maayanlab.cloud:80 "GET /Enrichr/export?userListId=60488496&filename=KEGG_2021_Human.sonis_pathways.reports&backgroundType=KEGG_2021_Human HTTP/1.1" 308 164
LINE 1001: 2023-03-31 19:50:37,643 [DEBUG   ] Starting new HTTPS connection (1): maayanlab.cloud:443
LINE 456 : 2023-03-31 19:50:37,902 [DEBUG   ] https://maayanlab.cloud:443 "GET /Enrichr/export?userListId=60488496&filename=KEGG_2021_Human.sonis_pathways.reports&backgroundType=KEGG_2021_Human HTTP/1.1" 200 None
LINE 431 : 2023-03-31 19:50:37,980 [INFO    ] Save file of enrichment results: Job Id:d3acd9a9e63c3199ea83165984de4e8d
LINE 441 : 2023-03-31 19:50:37,982 [INFO    ] Done.

LINE 421 : 2023-03-31 19:50:37,982 [DEBUG   ] Start Enrichr using library: BioPlanet_2019
LINE 422 : 2023-03-31 19:50:37,982 [INFO    ] Analysis name: sonis_pathways, Enrichr Library: BioPlanet_2019
LINE 228 : 2023-03-31 19:50:37,985 [DEBUG   ] Starting new HTTP connection (1): maayanlab.cloud:80
LINE 456 : 2023-03-31 19:50:38,145 [DEBUG   ] http://maayanlab.cloud:80 "POST /Enrichr/addList HTTP/1.1" 308 164
LINE 1001: 2023-03-31 19:50:38,146 [DEBUG   ] Starting new HTTPS connection (1): maayanlab.cloud:443
LINE 456 : 2023-03-31 19:50:38,457 [DEBUG   ] https://maayanlab.cloud:443 "POST /Enrichr/addList HTTP/1.1" 200 74
LINE 228 : 2023-03-31 19:50:39,476 [DEBUG   ] Starting new HTTP connection (1): maayanlab.cloud:80
LINE 456 : 2023-03-31 19:50:39,631 [DEBUG   ] http://maayanlab.cloud:80 "GET /Enrichr/export?userListId=60488497&filename=BioPlanet_2019.sonis_pathways.reports&backgroundType=BioPlanet_2019 HTTP/1.1" 308 164
LINE 1001: 2023-03-31 19:50:39,634 [DEBUG   ] Starting new HTTPS connection (1): maayanlab.cloud:443
LINE 456 : 2023-03-31 19:50:39,890 [DEBUG   ] https://maayanlab.cloud:443 "GET /Enrichr/export?userListId=60488497&filename=BioPlanet_2019.sonis_pathways.reports&backgroundType=BioPlanet_2019 HTTP/1.1" 200 None
LINE 431 : 2023-03-31 19:50:40,031 [INFO    ] Save file of enrichment results: Job Id:c20cde055ccf2a8aa9d4ff750b977580
LINE 441 : 2023-03-31 19:50:40,038 [INFO    ] Done.

LINE 421 : 2023-03-31 19:50:40,038 [DEBUG   ] Start Enrichr using library: WikiPathways_2019_Human
LINE 422 : 2023-03-31 19:50:40,038 [INFO    ] Analysis name: sonis_pathways, Enrichr Library: WikiPathways_2019_Human
LINE 228 : 2023-03-31 19:50:40,039 [DEBUG   ] Starting new HTTP connection (1): maayanlab.cloud:80
LINE 456 : 2023-03-31 19:50:40,188 [DEBUG   ] http://maayanlab.cloud:80 "POST /Enrichr/addList HTTP/1.1" 308 164
LINE 1001: 2023-03-31 19:50:40,191 [DEBUG   ] Starting new HTTPS connection (1): maayanlab.cloud:443
LINE 456 : 2023-03-31 19:50:40,516 [DEBUG   ] https://maayanlab.cloud:443 "POST /Enrichr/addList HTTP/1.1" 200 74
LINE 228 : 2023-03-31 19:50:41,528 [DEBUG   ] Starting new HTTP connection (1): maayanlab.cloud:80
LINE 456 : 2023-03-31 19:50:41,698 [DEBUG   ] http://maayanlab.cloud:80 "GET /Enrichr/export?userListId=60488499&filename=WikiPathways_2019_Human.sonis_pathways.reports&backgroundType=WikiPathways_2019_Human HTTP/1.1" 308 164
LINE 1001: 2023-03-31 19:50:41,700 [DEBUG   ] Starting new HTTPS connection (1): maayanlab.cloud:443
LINE 456 : 2023-03-31 19:50:41,948 [DEBUG   ] https://maayanlab.cloud:443 "GET /Enrichr/export?userListId=60488499&filename=WikiPathways_2019_Human.sonis_pathways.reports&backgroundType=WikiPathways_2019_Human HTTP/1.1" 200 None
LINE 431 : 2023-03-31 19:50:42,031 [INFO    ] Save file of enrichment results: Job Id:5acc698029f5e629671f249ed1f2b0c0
LINE 441 : 2023-03-31 19:50:42,035 [INFO    ] Done.

LINE 421 : 2023-03-31 19:50:42,035 [DEBUG   ] Start Enrichr using library: Human_Phenotype_Ontology
LINE 422 : 2023-03-31 19:50:42,035 [INFO    ] Analysis name: sonis_pathways, Enrichr Library: Human_Phenotype_Ontology
LINE 228 : 2023-03-31 19:50:42,037 [DEBUG   ] Starting new HTTP connection (1): maayanlab.cloud:80
LINE 456 : 2023-03-31 19:50:42,187 [DEBUG   ] http://maayanlab.cloud:80 "POST /Enrichr/addList HTTP/1.1" 308 164
LINE 1001: 2023-03-31 19:50:42,190 [DEBUG   ] Starting new HTTPS connection (1): maayanlab.cloud:443
LINE 456 : 2023-03-31 19:50:42,512 [DEBUG   ] https://maayanlab.cloud:443 "POST /Enrichr/addList HTTP/1.1" 200 74
LINE 228 : 2023-03-31 19:50:43,529 [DEBUG   ] Starting new HTTP connection (1): maayanlab.cloud:80
LINE 456 : 2023-03-31 19:50:43,708 [DEBUG   ] http://maayanlab.cloud:80 "GET /Enrichr/export?userListId=60488502&filename=Human_Phenotype_Ontology.sonis_pathways.reports&backgroundType=Human_Phenotype_Ontology HTTP/1.1" 308 164
LINE 1001: 2023-03-31 19:50:43,712 [DEBUG   ] Starting new HTTPS connection (1): maayanlab.cloud:443
LINE 456 : 2023-03-31 19:50:43,968 [DEBUG   ] https://maayanlab.cloud:443 "GET /Enrichr/export?userListId=60488502&filename=Human_Phenotype_Ontology.sonis_pathways.reports&backgroundType=Human_Phenotype_Ontology HTTP/1.1" 200 None
LINE 431 : 2023-03-31 19:50:44,101 [INFO    ] Save file of enrichment results: Job Id:82a766a730553c496f37fa4580bd8013
LINE 441 : 2023-03-31 19:50:44,106 [INFO    ] Done.

LINE 421 : 2023-03-31 19:50:44,106 [DEBUG   ] Start Enrichr using library: GO_Biological_Process_2021
LINE 422 : 2023-03-31 19:50:44,106 [INFO    ] Analysis name: sonis_pathways, Enrichr Library: GO_Biological_Process_2021
LINE 228 : 2023-03-31 19:50:44,108 [DEBUG   ] Starting new HTTP connection (1): maayanlab.cloud:80
LINE 456 : 2023-03-31 19:50:44,263 [DEBUG   ] http://maayanlab.cloud:80 "POST /Enrichr/addList HTTP/1.1" 308 164
LINE 1001: 2023-03-31 19:50:44,265 [DEBUG   ] Starting new HTTPS connection (1): maayanlab.cloud:443
LINE 456 : 2023-03-31 19:50:44,585 [DEBUG   ] https://maayanlab.cloud:443 "POST /Enrichr/addList HTTP/1.1" 200 74
LINE 228 : 2023-03-31 19:50:45,602 [DEBUG   ] Starting new HTTP connection (1): maayanlab.cloud:80
LINE 456 : 2023-03-31 19:50:45,760 [DEBUG   ] http://maayanlab.cloud:80 "GET /Enrichr/export?userListId=60488503&filename=GO_Biological_Process_2021.sonis_pathways.reports&backgroundType=GO_Biological_Process_2021 HTTP/1.1" 308 164
LINE 1001: 2023-03-31 19:50:45,763 [DEBUG   ] Starting new HTTPS connection (1): maayanlab.cloud:443
LINE 456 : 2023-03-31 19:50:46,035 [DEBUG   ] https://maayanlab.cloud:443 "GET /Enrichr/export?userListId=60488503&filename=GO_Biological_Process_2021.sonis_pathways.reports&backgroundType=GO_Biological_Process_2021 HTTP/1.1" 200 None
LINE 431 : 2023-03-31 19:50:46,193 [INFO    ] Save file of enrichment results: Job Id:cb136f6c646401cded51d7b8bd63bffc
LINE 441 : 2023-03-31 19:50:46,201 [INFO    ] Done.

LINE 401 : 2023-03-31 19:50:46,203 [INFO    ] Connecting to Enrichr Server to get latest library names
LINE 228 : 2023-03-31 19:50:46,204 [DEBUG   ] Starting new HTTP connection (1): maayanlab.cloud:80
LINE 456 : 2023-03-31 19:50:46,363 [DEBUG   ] http://maayanlab.cloud:80 "GET /Enrichr/datasetStatistics HTTP/1.1" 308 164
LINE 1001: 2023-03-31 19:50:46,365 [DEBUG   ] Starting new HTTPS connection (1): maayanlab.cloud:443
LINE 456 : 2023-03-31 19:50:46,656 [DEBUG   ] https://maayanlab.cloud:443 "GET /Enrichr/datasetStatistics HTTP/1.1" 200 None
LINE 421 : 2023-03-31 19:50:46,813 [DEBUG   ] Start Enrichr using library: Reactome_2022
LINE 422 : 2023-03-31 19:50:46,813 [INFO    ] Analysis name: sonis_pathways, Enrichr Library: Reactome_2022
LINE 228 : 2023-03-31 19:50:46,815 [DEBUG   ] Starting new HTTP connection (1): maayanlab.cloud:80
LINE 456 : 2023-03-31 19:50:46,968 [DEBUG   ] http://maayanlab.cloud:80 "POST /Enrichr/addList HTTP/1.1" 308 164
LINE 1001: 2023-03-31 19:50:46,970 [DEBUG   ] Starting new HTTPS connection (1): maayanlab.cloud:443
LINE 456 : 2023-03-31 19:50:47,299 [DEBUG   ] https://maayanlab.cloud:443 "POST /Enrichr/addList HTTP/1.1" 200 74
LINE 228 : 2023-03-31 19:50:48,313 [DEBUG   ] Starting new HTTP connection (1): maayanlab.cloud:80
LINE 456 : 2023-03-31 19:50:48,487 [DEBUG   ] http://maayanlab.cloud:80 "GET /Enrichr/export?userListId=60488505&filename=Reactome_2022.sonis_pathways.reports&backgroundType=Reactome_2022 HTTP/1.1" 308 164
LINE 1001: 2023-03-31 19:50:48,489 [DEBUG   ] Starting new HTTPS connection (1): maayanlab.cloud:443
LINE 456 : 2023-03-31 19:50:48,781 [DEBUG   ] https://maayanlab.cloud:443 "GET /Enrichr/export?userListId=60488505&filename=Reactome_2022.sonis_pathways.reports&backgroundType=Reactome_2022 HTTP/1.1" 200 None
LINE 431 : 2023-03-31 19:50:48,939 [INFO    ] Save file of enrichment results: Job Id:5a5f49038747e76150637553eb28ebd8
LINE 441 : 2023-03-31 19:50:48,948 [INFO    ] Done.

LINE 421 : 2023-03-31 19:50:48,948 [DEBUG   ] Start Enrichr using library: KEGG_2021_Human
LINE 422 : 2023-03-31 19:50:48,948 [INFO    ] Analysis name: sonis_pathways, Enrichr Library: KEGG_2021_Human
LINE 228 : 2023-03-31 19:50:48,950 [DEBUG   ] Starting new HTTP connection (1): maayanlab.cloud:80
LINE 456 : 2023-03-31 19:50:49,107 [DEBUG   ] http://maayanlab.cloud:80 "POST /Enrichr/addList HTTP/1.1" 308 164
LINE 1001: 2023-03-31 19:50:49,110 [DEBUG   ] Starting new HTTPS connection (1): maayanlab.cloud:443
LINE 456 : 2023-03-31 19:50:49,434 [DEBUG   ] https://maayanlab.cloud:443 "POST /Enrichr/addList HTTP/1.1" 200 74
LINE 228 : 2023-03-31 19:50:50,437 [DEBUG   ] Starting new HTTP connection (1): maayanlab.cloud:80
LINE 456 : 2023-03-31 19:50:50,598 [DEBUG   ] http://maayanlab.cloud:80 "GET /Enrichr/export?userListId=60488507&filename=KEGG_2021_Human.sonis_pathways.reports&backgroundType=KEGG_2021_Human HTTP/1.1" 308 164
LINE 1001: 2023-03-31 19:50:50,600 [DEBUG   ] Starting new HTTPS connection (1): maayanlab.cloud:443
LINE 456 : 2023-03-31 19:50:50,871 [DEBUG   ] https://maayanlab.cloud:443 "GET /Enrichr/export?userListId=60488507&filename=KEGG_2021_Human.sonis_pathways.reports&backgroundType=KEGG_2021_Human HTTP/1.1" 200 6310
LINE 431 : 2023-03-31 19:50:50,879 [INFO    ] Save file of enrichment results: Job Id:aa352a9904ab66a05c005708d0a787f7
LINE 441 : 2023-03-31 19:50:50,881 [INFO    ] Done.

LINE 421 : 2023-03-31 19:50:50,881 [DEBUG   ] Start Enrichr using library: BioPlanet_2019
LINE 422 : 2023-03-31 19:50:50,881 [INFO    ] Analysis name: sonis_pathways, Enrichr Library: BioPlanet_2019
LINE 228 : 2023-03-31 19:50:50,883 [DEBUG   ] Starting new HTTP connection (1): maayanlab.cloud:80
LINE 456 : 2023-03-31 19:50:51,039 [DEBUG   ] http://maayanlab.cloud:80 "POST /Enrichr/addList HTTP/1.1" 308 164
LINE 1001: 2023-03-31 19:50:51,042 [DEBUG   ] Starting new HTTPS connection (1): maayanlab.cloud:443
LINE 456 : 2023-03-31 19:50:51,405 [DEBUG   ] https://maayanlab.cloud:443 "POST /Enrichr/addList HTTP/1.1" 200 74
LINE 228 : 2023-03-31 19:50:52,410 [DEBUG   ] Starting new HTTP connection (1): maayanlab.cloud:80
LINE 456 : 2023-03-31 19:50:52,573 [DEBUG   ] http://maayanlab.cloud:80 "GET /Enrichr/export?userListId=60488509&filename=BioPlanet_2019.sonis_pathways.reports&backgroundType=BioPlanet_2019 HTTP/1.1" 308 164
LINE 1001: 2023-03-31 19:50:52,576 [DEBUG   ] Starting new HTTPS connection (1): maayanlab.cloud:443
LINE 456 : 2023-03-31 19:50:52,832 [DEBUG   ] https://maayanlab.cloud:443 "GET /Enrichr/export?userListId=60488509&filename=BioPlanet_2019.sonis_pathways.reports&backgroundType=BioPlanet_2019 HTTP/1.1" 200 None
LINE 431 : 2023-03-31 19:50:52,922 [INFO    ] Save file of enrichment results: Job Id:660627edb2cfaea5de75ae895678ab84
LINE 441 : 2023-03-31 19:50:52,926 [INFO    ] Done.

LINE 421 : 2023-03-31 19:50:52,926 [DEBUG   ] Start Enrichr using library: WikiPathways_2019_Human
LINE 422 : 2023-03-31 19:50:52,927 [INFO    ] Analysis name: sonis_pathways, Enrichr Library: WikiPathways_2019_Human
LINE 228 : 2023-03-31 19:50:52,928 [DEBUG   ] Starting new HTTP connection (1): maayanlab.cloud:80
LINE 456 : 2023-03-31 19:50:53,081 [DEBUG   ] http://maayanlab.cloud:80 "POST /Enrichr/addList HTTP/1.1" 308 164
LINE 1001: 2023-03-31 19:50:53,084 [DEBUG   ] Starting new HTTPS connection (1): maayanlab.cloud:443
LINE 456 : 2023-03-31 19:50:53,412 [DEBUG   ] https://maayanlab.cloud:443 "POST /Enrichr/addList HTTP/1.1" 200 74
LINE 228 : 2023-03-31 19:50:54,431 [DEBUG   ] Starting new HTTP connection (1): maayanlab.cloud:80
LINE 456 : 2023-03-31 19:50:54,611 [DEBUG   ] http://maayanlab.cloud:80 "GET /Enrichr/export?userListId=60488510&filename=WikiPathways_2019_Human.sonis_pathways.reports&backgroundType=WikiPathways_2019_Human HTTP/1.1" 308 164
LINE 1001: 2023-03-31 19:50:54,613 [DEBUG   ] Starting new HTTPS connection (1): maayanlab.cloud:443
LINE 456 : 2023-03-31 19:50:54,880 [DEBUG   ] https://maayanlab.cloud:443 "GET /Enrichr/export?userListId=60488510&filename=WikiPathways_2019_Human.sonis_pathways.reports&backgroundType=WikiPathways_2019_Human HTTP/1.1" 200 7967
LINE 431 : 2023-03-31 19:50:54,886 [INFO    ] Save file of enrichment results: Job Id:e8090e4d1684f7bd1c4f9cf7d0d366f0
LINE 441 : 2023-03-31 19:50:54,890 [INFO    ] Done.

LINE 421 : 2023-03-31 19:50:54,891 [DEBUG   ] Start Enrichr using library: Human_Phenotype_Ontology
LINE 422 : 2023-03-31 19:50:54,891 [INFO    ] Analysis name: sonis_pathways, Enrichr Library: Human_Phenotype_Ontology
LINE 228 : 2023-03-31 19:50:54,894 [DEBUG   ] Starting new HTTP connection (1): maayanlab.cloud:80
LINE 456 : 2023-03-31 19:50:55,062 [DEBUG   ] http://maayanlab.cloud:80 "POST /Enrichr/addList HTTP/1.1" 308 164
LINE 1001: 2023-03-31 19:50:55,065 [DEBUG   ] Starting new HTTPS connection (1): maayanlab.cloud:443
LINE 456 : 2023-03-31 19:50:55,387 [DEBUG   ] https://maayanlab.cloud:443 "POST /Enrichr/addList HTTP/1.1" 200 74
LINE 228 : 2023-03-31 19:50:56,403 [DEBUG   ] Starting new HTTP connection (1): maayanlab.cloud:80
LINE 456 : 2023-03-31 19:50:56,558 [DEBUG   ] http://maayanlab.cloud:80 "GET /Enrichr/export?userListId=60488511&filename=Human_Phenotype_Ontology.sonis_pathways.reports&backgroundType=Human_Phenotype_Ontology HTTP/1.1" 308 164
LINE 1001: 2023-03-31 19:50:56,561 [DEBUG   ] Starting new HTTPS connection (1): maayanlab.cloud:443
LINE 456 : 2023-03-31 19:50:56,829 [DEBUG   ] https://maayanlab.cloud:443 "GET /Enrichr/export?userListId=60488511&filename=Human_Phenotype_Ontology.sonis_pathways.reports&backgroundType=Human_Phenotype_Ontology HTTP/1.1" 200 None
LINE 431 : 2023-03-31 19:50:56,914 [INFO    ] Save file of enrichment results: Job Id:67cefbaa7f00269db803410d43dbcd78
LINE 441 : 2023-03-31 19:50:56,919 [INFO    ] Done.

LINE 421 : 2023-03-31 19:50:56,920 [DEBUG   ] Start Enrichr using library: GO_Biological_Process_2021
LINE 422 : 2023-03-31 19:50:56,920 [INFO    ] Analysis name: sonis_pathways, Enrichr Library: GO_Biological_Process_2021
LINE 228 : 2023-03-31 19:50:56,922 [DEBUG   ] Starting new HTTP connection (1): maayanlab.cloud:80
LINE 456 : 2023-03-31 19:50:57,078 [DEBUG   ] http://maayanlab.cloud:80 "POST /Enrichr/addList HTTP/1.1" 308 164
LINE 1001: 2023-03-31 19:50:57,082 [DEBUG   ] Starting new HTTPS connection (1): maayanlab.cloud:443
LINE 456 : 2023-03-31 19:50:57,406 [DEBUG   ] https://maayanlab.cloud:443 "POST /Enrichr/addList HTTP/1.1" 200 74
LINE 228 : 2023-03-31 19:50:58,419 [DEBUG   ] Starting new HTTP connection (1): maayanlab.cloud:80
LINE 456 : 2023-03-31 19:50:58,569 [DEBUG   ] http://maayanlab.cloud:80 "GET /Enrichr/export?userListId=60488512&filename=GO_Biological_Process_2021.sonis_pathways.reports&backgroundType=GO_Biological_Process_2021 HTTP/1.1" 308 164
LINE 1001: 2023-03-31 19:50:58,572 [DEBUG   ] Starting new HTTPS connection (1): maayanlab.cloud:443
LINE 456 : 2023-03-31 19:50:58,851 [DEBUG   ] https://maayanlab.cloud:443 "GET /Enrichr/export?userListId=60488512&filename=GO_Biological_Process_2021.sonis_pathways.reports&backgroundType=GO_Biological_Process_2021 HTTP/1.1" 200 None
LINE 431 : 2023-03-31 19:50:59,004 [INFO    ] Save file of enrichment results: Job Id:1e900082746227b46ec747225729c761
LINE 441 : 2023-03-31 19:50:59,012 [INFO    ] Done.

LINE 401 : 2023-03-31 19:50:59,014 [INFO    ] Connecting to Enrichr Server to get latest library names
LINE 228 : 2023-03-31 19:50:59,016 [DEBUG   ] Starting new HTTP connection (1): maayanlab.cloud:80
LINE 456 : 2023-03-31 19:50:59,173 [DEBUG   ] http://maayanlab.cloud:80 "GET /Enrichr/datasetStatistics HTTP/1.1" 308 164
LINE 1001: 2023-03-31 19:50:59,176 [DEBUG   ] Starting new HTTPS connection (1): maayanlab.cloud:443
LINE 456 : 2023-03-31 19:50:59,430 [DEBUG   ] https://maayanlab.cloud:443 "GET /Enrichr/datasetStatistics HTTP/1.1" 200 None
LINE 421 : 2023-03-31 19:50:59,587 [DEBUG   ] Start Enrichr using library: Reactome_2022
LINE 422 : 2023-03-31 19:50:59,587 [INFO    ] Analysis name: sonis_pathways, Enrichr Library: Reactome_2022
LINE 228 : 2023-03-31 19:50:59,589 [DEBUG   ] Starting new HTTP connection (1): maayanlab.cloud:80
LINE 456 : 2023-03-31 19:50:59,761 [DEBUG   ] http://maayanlab.cloud:80 "POST /Enrichr/addList HTTP/1.1" 308 164
LINE 1001: 2023-03-31 19:50:59,764 [DEBUG   ] Starting new HTTPS connection (1): maayanlab.cloud:443
LINE 456 : 2023-03-31 19:51:00,095 [DEBUG   ] https://maayanlab.cloud:443 "POST /Enrichr/addList HTTP/1.1" 200 74
LINE 228 : 2023-03-31 19:51:01,113 [DEBUG   ] Starting new HTTP connection (1): maayanlab.cloud:80
LINE 456 : 2023-03-31 19:51:01,267 [DEBUG   ] http://maayanlab.cloud:80 "GET /Enrichr/export?userListId=60488514&filename=Reactome_2022.sonis_pathways.reports&backgroundType=Reactome_2022 HTTP/1.1" 308 164
LINE 1001: 2023-03-31 19:51:01,270 [DEBUG   ] Starting new HTTPS connection (1): maayanlab.cloud:443
LINE 456 : 2023-03-31 19:51:01,537 [DEBUG   ] https://maayanlab.cloud:443 "GET /Enrichr/export?userListId=60488514&filename=Reactome_2022.sonis_pathways.reports&backgroundType=Reactome_2022 HTTP/1.1" 200 None
LINE 431 : 2023-03-31 19:51:01,667 [INFO    ] Save file of enrichment results: Job Id:cf3e8537283c5024ef37ce0d160577c0
LINE 441 : 2023-03-31 19:51:01,672 [INFO    ] Done.

LINE 421 : 2023-03-31 19:51:01,672 [DEBUG   ] Start Enrichr using library: KEGG_2021_Human
LINE 422 : 2023-03-31 19:51:01,672 [INFO    ] Analysis name: sonis_pathways, Enrichr Library: KEGG_2021_Human
LINE 228 : 2023-03-31 19:51:01,674 [DEBUG   ] Starting new HTTP connection (1): maayanlab.cloud:80
LINE 456 : 2023-03-31 19:51:01,830 [DEBUG   ] http://maayanlab.cloud:80 "POST /Enrichr/addList HTTP/1.1" 308 164
LINE 1001: 2023-03-31 19:51:01,838 [DEBUG   ] Starting new HTTPS connection (1): maayanlab.cloud:443
LINE 456 : 2023-03-31 19:51:02,143 [DEBUG   ] https://maayanlab.cloud:443 "POST /Enrichr/addList HTTP/1.1" 200 74
LINE 228 : 2023-03-31 19:51:03,149 [DEBUG   ] Starting new HTTP connection (1): maayanlab.cloud:80
LINE 456 : 2023-03-31 19:51:03,294 [DEBUG   ] http://maayanlab.cloud:80 "GET /Enrichr/export?userListId=60488516&filename=KEGG_2021_Human.sonis_pathways.reports&backgroundType=KEGG_2021_Human HTTP/1.1" 308 164
LINE 1001: 2023-03-31 19:51:03,297 [DEBUG   ] Starting new HTTPS connection (1): maayanlab.cloud:443
LINE 456 : 2023-03-31 19:51:04,571 [DEBUG   ] https://maayanlab.cloud:443 "GET /Enrichr/export?userListId=60488516&filename=KEGG_2021_Human.sonis_pathways.reports&backgroundType=KEGG_2021_Human HTTP/1.1" 200 None
LINE 431 : 2023-03-31 19:51:04,635 [INFO    ] Save file of enrichment results: Job Id:46a36500c217230cd58a90c2d97db734
LINE 441 : 2023-03-31 19:51:04,637 [INFO    ] Done.

LINE 421 : 2023-03-31 19:51:04,637 [DEBUG   ] Start Enrichr using library: BioPlanet_2019
LINE 422 : 2023-03-31 19:51:04,637 [INFO    ] Analysis name: sonis_pathways, Enrichr Library: BioPlanet_2019
LINE 228 : 2023-03-31 19:51:04,639 [DEBUG   ] Starting new HTTP connection (1): maayanlab.cloud:80
LINE 456 : 2023-03-31 19:51:04,818 [DEBUG   ] http://maayanlab.cloud:80 "POST /Enrichr/addList HTTP/1.1" 308 164
LINE 1001: 2023-03-31 19:51:04,820 [DEBUG   ] Starting new HTTPS connection (1): maayanlab.cloud:443
LINE 456 : 2023-03-31 19:51:05,135 [DEBUG   ] https://maayanlab.cloud:443 "POST /Enrichr/addList HTTP/1.1" 200 74
LINE 228 : 2023-03-31 19:51:06,153 [DEBUG   ] Starting new HTTP connection (1): maayanlab.cloud:80
LINE 456 : 2023-03-31 19:51:06,315 [DEBUG   ] http://maayanlab.cloud:80 "GET /Enrichr/export?userListId=60488518&filename=BioPlanet_2019.sonis_pathways.reports&backgroundType=BioPlanet_2019 HTTP/1.1" 308 164
LINE 1001: 2023-03-31 19:51:06,318 [DEBUG   ] Starting new HTTPS connection (1): maayanlab.cloud:443
LINE 456 : 2023-03-31 19:51:06,591 [DEBUG   ] https://maayanlab.cloud:443 "GET /Enrichr/export?userListId=60488518&filename=BioPlanet_2019.sonis_pathways.reports&backgroundType=BioPlanet_2019 HTTP/1.1" 200 None
LINE 431 : 2023-03-31 19:51:06,672 [INFO    ] Save file of enrichment results: Job Id:a5a1d2a5bd985d46baf5a370c3998c89
LINE 441 : 2023-03-31 19:51:06,676 [INFO    ] Done.

LINE 421 : 2023-03-31 19:51:06,676 [DEBUG   ] Start Enrichr using library: WikiPathways_2019_Human
LINE 422 : 2023-03-31 19:51:06,676 [INFO    ] Analysis name: sonis_pathways, Enrichr Library: WikiPathways_2019_Human
LINE 228 : 2023-03-31 19:51:06,679 [DEBUG   ] Starting new HTTP connection (1): maayanlab.cloud:80
LINE 456 : 2023-03-31 19:51:06,837 [DEBUG   ] http://maayanlab.cloud:80 "POST /Enrichr/addList HTTP/1.1" 308 164
LINE 1001: 2023-03-31 19:51:06,841 [DEBUG   ] Starting new HTTPS connection (1): maayanlab.cloud:443
LINE 456 : 2023-03-31 19:51:07,169 [DEBUG   ] https://maayanlab.cloud:443 "POST /Enrichr/addList HTTP/1.1" 200 74
LINE 228 : 2023-03-31 19:51:08,184 [DEBUG   ] Starting new HTTP connection (1): maayanlab.cloud:80
LINE 456 : 2023-03-31 19:51:08,347 [DEBUG   ] http://maayanlab.cloud:80 "GET /Enrichr/export?userListId=60488519&filename=WikiPathways_2019_Human.sonis_pathways.reports&backgroundType=WikiPathways_2019_Human HTTP/1.1" 308 164
LINE 1001: 2023-03-31 19:51:08,350 [DEBUG   ] Starting new HTTPS connection (1): maayanlab.cloud:443
LINE 456 : 2023-03-31 19:51:08,621 [DEBUG   ] https://maayanlab.cloud:443 "GET /Enrichr/export?userListId=60488519&filename=WikiPathways_2019_Human.sonis_pathways.reports&backgroundType=WikiPathways_2019_Human HTTP/1.1" 200 None
LINE 431 : 2023-03-31 19:51:08,698 [INFO    ] Save file of enrichment results: Job Id:741d6aaa317eb949492b08dedb8f2374
LINE 441 : 2023-03-31 19:51:08,701 [INFO    ] Done.

LINE 421 : 2023-03-31 19:51:08,701 [DEBUG   ] Start Enrichr using library: Human_Phenotype_Ontology
LINE 422 : 2023-03-31 19:51:08,701 [INFO    ] Analysis name: sonis_pathways, Enrichr Library: Human_Phenotype_Ontology
LINE 228 : 2023-03-31 19:51:08,703 [DEBUG   ] Starting new HTTP connection (1): maayanlab.cloud:80
LINE 456 : 2023-03-31 19:51:08,859 [DEBUG   ] http://maayanlab.cloud:80 "POST /Enrichr/addList HTTP/1.1" 308 164
LINE 1001: 2023-03-31 19:51:08,863 [DEBUG   ] Starting new HTTPS connection (1): maayanlab.cloud:443
LINE 456 : 2023-03-31 19:51:09,180 [DEBUG   ] https://maayanlab.cloud:443 "POST /Enrichr/addList HTTP/1.1" 200 74
LINE 228 : 2023-03-31 19:51:10,201 [DEBUG   ] Starting new HTTP connection (1): maayanlab.cloud:80
LINE 456 : 2023-03-31 19:51:10,374 [DEBUG   ] http://maayanlab.cloud:80 "GET /Enrichr/export?userListId=60488520&filename=Human_Phenotype_Ontology.sonis_pathways.reports&backgroundType=Human_Phenotype_Ontology HTTP/1.1" 308 164
LINE 1001: 2023-03-31 19:51:10,377 [DEBUG   ] Starting new HTTPS connection (1): maayanlab.cloud:443
LINE 456 : 2023-03-31 19:51:10,621 [DEBUG   ] https://maayanlab.cloud:443 "GET /Enrichr/export?userListId=60488520&filename=Human_Phenotype_Ontology.sonis_pathways.reports&backgroundType=Human_Phenotype_Ontology HTTP/1.1" 200 None
LINE 431 : 2023-03-31 19:51:10,772 [INFO    ] Save file of enrichment results: Job Id:fb49adc6b958198f9ee0e1e4d14298de
LINE 441 : 2023-03-31 19:51:10,784 [INFO    ] Done.

LINE 421 : 2023-03-31 19:51:10,784 [DEBUG   ] Start Enrichr using library: GO_Biological_Process_2021
LINE 422 : 2023-03-31 19:51:10,785 [INFO    ] Analysis name: sonis_pathways, Enrichr Library: GO_Biological_Process_2021
LINE 228 : 2023-03-31 19:51:10,787 [DEBUG   ] Starting new HTTP connection (1): maayanlab.cloud:80
LINE 456 : 2023-03-31 19:51:10,943 [DEBUG   ] http://maayanlab.cloud:80 "POST /Enrichr/addList HTTP/1.1" 308 164
LINE 1001: 2023-03-31 19:51:10,947 [DEBUG   ] Starting new HTTPS connection (1): maayanlab.cloud:443
LINE 456 : 2023-03-31 19:51:11,271 [DEBUG   ] https://maayanlab.cloud:443 "POST /Enrichr/addList HTTP/1.1" 200 74
LINE 228 : 2023-03-31 19:51:12,282 [DEBUG   ] Starting new HTTP connection (1): maayanlab.cloud:80
LINE 456 : 2023-03-31 19:51:12,440 [DEBUG   ] http://maayanlab.cloud:80 "GET /Enrichr/export?userListId=60488521&filename=GO_Biological_Process_2021.sonis_pathways.reports&backgroundType=GO_Biological_Process_2021 HTTP/1.1" 308 164
LINE 1001: 2023-03-31 19:51:12,443 [DEBUG   ] Starting new HTTPS connection (1): maayanlab.cloud:443
LINE 456 : 2023-03-31 19:51:12,712 [DEBUG   ] https://maayanlab.cloud:443 "GET /Enrichr/export?userListId=60488521&filename=GO_Biological_Process_2021.sonis_pathways.reports&backgroundType=GO_Biological_Process_2021 HTTP/1.1" 200 None
LINE 431 : 2023-03-31 19:51:12,956 [INFO    ] Save file of enrichment results: Job Id:34773edd42066e34530eb533eb49c1ae
LINE 441 : 2023-03-31 19:51:12,967 [INFO    ] Done.

LINE 401 : 2023-03-31 19:51:12,970 [INFO    ] Connecting to Enrichr Server to get latest library names
LINE 228 : 2023-03-31 19:51:12,972 [DEBUG   ] Starting new HTTP connection (1): maayanlab.cloud:80
LINE 456 : 2023-03-31 19:51:13,130 [DEBUG   ] http://maayanlab.cloud:80 "GET /Enrichr/datasetStatistics HTTP/1.1" 308 164
LINE 1001: 2023-03-31 19:51:13,133 [DEBUG   ] Starting new HTTPS connection (1): maayanlab.cloud:443
LINE 456 : 2023-03-31 19:51:13,389 [DEBUG   ] https://maayanlab.cloud:443 "GET /Enrichr/datasetStatistics HTTP/1.1" 200 None
LINE 421 : 2023-03-31 19:51:13,546 [DEBUG   ] Start Enrichr using library: Reactome_2022
LINE 422 : 2023-03-31 19:51:13,547 [INFO    ] Analysis name: sonis_pathways, Enrichr Library: Reactome_2022
LINE 228 : 2023-03-31 19:51:13,549 [DEBUG   ] Starting new HTTP connection (1): maayanlab.cloud:80
LINE 456 : 2023-03-31 19:51:13,713 [DEBUG   ] http://maayanlab.cloud:80 "POST /Enrichr/addList HTTP/1.1" 308 164
LINE 1001: 2023-03-31 19:51:13,716 [DEBUG   ] Starting new HTTPS connection (1): maayanlab.cloud:443
LINE 456 : 2023-03-31 19:51:14,040 [DEBUG   ] https://maayanlab.cloud:443 "POST /Enrichr/addList HTTP/1.1" 200 74
LINE 228 : 2023-03-31 19:51:15,047 [DEBUG   ] Starting new HTTP connection (1): maayanlab.cloud:80
LINE 456 : 2023-03-31 19:51:15,223 [DEBUG   ] http://maayanlab.cloud:80 "GET /Enrichr/export?userListId=60488522&filename=Reactome_2022.sonis_pathways.reports&backgroundType=Reactome_2022 HTTP/1.1" 308 164
LINE 1001: 2023-03-31 19:51:15,225 [DEBUG   ] Starting new HTTPS connection (1): maayanlab.cloud:443
LINE 456 : 2023-03-31 19:51:15,476 [DEBUG   ] https://maayanlab.cloud:443 "GET /Enrichr/export?userListId=60488522&filename=Reactome_2022.sonis_pathways.reports&backgroundType=Reactome_2022 HTTP/1.1" 200 None
LINE 431 : 2023-03-31 19:51:15,560 [INFO    ] Save file of enrichment results: Job Id:4a07dd1a74c22f12c4f8626ff70c5af6
LINE 441 : 2023-03-31 19:51:15,566 [INFO    ] Done.

LINE 421 : 2023-03-31 19:51:15,566 [DEBUG   ] Start Enrichr using library: KEGG_2021_Human
LINE 422 : 2023-03-31 19:51:15,567 [INFO    ] Analysis name: sonis_pathways, Enrichr Library: KEGG_2021_Human
LINE 228 : 2023-03-31 19:51:15,570 [DEBUG   ] Starting new HTTP connection (1): maayanlab.cloud:80
LINE 456 : 2023-03-31 19:51:15,733 [DEBUG   ] http://maayanlab.cloud:80 "POST /Enrichr/addList HTTP/1.1" 308 164
LINE 1001: 2023-03-31 19:51:15,737 [DEBUG   ] Starting new HTTPS connection (1): maayanlab.cloud:443
LINE 456 : 2023-03-31 19:51:16,061 [DEBUG   ] https://maayanlab.cloud:443 "POST /Enrichr/addList HTTP/1.1" 200 74
LINE 228 : 2023-03-31 19:51:17,068 [DEBUG   ] Starting new HTTP connection (1): maayanlab.cloud:80
LINE 456 : 2023-03-31 19:51:17,224 [DEBUG   ] http://maayanlab.cloud:80 "GET /Enrichr/export?userListId=60488523&filename=KEGG_2021_Human.sonis_pathways.reports&backgroundType=KEGG_2021_Human HTTP/1.1" 308 164
LINE 1001: 2023-03-31 19:51:17,227 [DEBUG   ] Starting new HTTPS connection (1): maayanlab.cloud:443
LINE 456 : 2023-03-31 19:51:17,479 [DEBUG   ] https://maayanlab.cloud:443 "GET /Enrichr/export?userListId=60488523&filename=KEGG_2021_Human.sonis_pathways.reports&backgroundType=KEGG_2021_Human HTTP/1.1" 200 3768
LINE 431 : 2023-03-31 19:51:17,485 [INFO    ] Save file of enrichment results: Job Id:fc308fbfccbf67341763d3d2754d40a0
LINE 441 : 2023-03-31 19:51:17,488 [INFO    ] Done.

LINE 421 : 2023-03-31 19:51:17,489 [DEBUG   ] Start Enrichr using library: BioPlanet_2019
LINE 422 : 2023-03-31 19:51:17,489 [INFO    ] Analysis name: sonis_pathways, Enrichr Library: BioPlanet_2019
LINE 228 : 2023-03-31 19:51:17,491 [DEBUG   ] Starting new HTTP connection (1): maayanlab.cloud:80
LINE 456 : 2023-03-31 19:51:17,641 [DEBUG   ] http://maayanlab.cloud:80 "POST /Enrichr/addList HTTP/1.1" 308 164
LINE 1001: 2023-03-31 19:51:17,645 [DEBUG   ] Starting new HTTPS connection (1): maayanlab.cloud:443
LINE 456 : 2023-03-31 19:51:17,959 [DEBUG   ] https://maayanlab.cloud:443 "POST /Enrichr/addList HTTP/1.1" 200 74
LINE 228 : 2023-03-31 19:51:18,966 [DEBUG   ] Starting new HTTP connection (1): maayanlab.cloud:80
LINE 456 : 2023-03-31 19:51:19,126 [DEBUG   ] http://maayanlab.cloud:80 "GET /Enrichr/export?userListId=60488525&filename=BioPlanet_2019.sonis_pathways.reports&backgroundType=BioPlanet_2019 HTTP/1.1" 308 164
LINE 1001: 2023-03-31 19:51:19,129 [DEBUG   ] Starting new HTTPS connection (1): maayanlab.cloud:443
LINE 456 : 2023-03-31 19:51:19,384 [DEBUG   ] https://maayanlab.cloud:443 "GET /Enrichr/export?userListId=60488525&filename=BioPlanet_2019.sonis_pathways.reports&backgroundType=BioPlanet_2019 HTTP/1.1" 200 None
LINE 431 : 2023-03-31 19:51:19,464 [INFO    ] Save file of enrichment results: Job Id:4653bbf532b36843ddb9026019ed9c79
LINE 441 : 2023-03-31 19:51:19,468 [INFO    ] Done.

LINE 421 : 2023-03-31 19:51:19,468 [DEBUG   ] Start Enrichr using library: WikiPathways_2019_Human
LINE 422 : 2023-03-31 19:51:19,468 [INFO    ] Analysis name: sonis_pathways, Enrichr Library: WikiPathways_2019_Human
LINE 228 : 2023-03-31 19:51:19,470 [DEBUG   ] Starting new HTTP connection (1): maayanlab.cloud:80
LINE 456 : 2023-03-31 19:51:19,656 [DEBUG   ] http://maayanlab.cloud:80 "POST /Enrichr/addList HTTP/1.1" 308 164
LINE 1001: 2023-03-31 19:51:19,658 [DEBUG   ] Starting new HTTPS connection (1): maayanlab.cloud:443
LINE 456 : 2023-03-31 19:51:19,978 [DEBUG   ] https://maayanlab.cloud:443 "POST /Enrichr/addList HTTP/1.1" 200 74
LINE 228 : 2023-03-31 19:51:20,985 [DEBUG   ] Starting new HTTP connection (1): maayanlab.cloud:80
LINE 456 : 2023-03-31 19:51:21,138 [DEBUG   ] http://maayanlab.cloud:80 "GET /Enrichr/export?userListId=60488526&filename=WikiPathways_2019_Human.sonis_pathways.reports&backgroundType=WikiPathways_2019_Human HTTP/1.1" 308 164
LINE 1001: 2023-03-31 19:51:21,141 [DEBUG   ] Starting new HTTPS connection (1): maayanlab.cloud:443
LINE 456 : 2023-03-31 19:51:21,402 [DEBUG   ] https://maayanlab.cloud:443 "GET /Enrichr/export?userListId=60488526&filename=WikiPathways_2019_Human.sonis_pathways.reports&backgroundType=WikiPathways_2019_Human HTTP/1.1" 200 6275
LINE 431 : 2023-03-31 19:51:21,407 [INFO    ] Save file of enrichment results: Job Id:f3f25b00284ffc4a6c2b82193004cc7d
LINE 441 : 2023-03-31 19:51:21,410 [INFO    ] Done.

LINE 421 : 2023-03-31 19:51:21,410 [DEBUG   ] Start Enrichr using library: Human_Phenotype_Ontology
LINE 422 : 2023-03-31 19:51:21,410 [INFO    ] Analysis name: sonis_pathways, Enrichr Library: Human_Phenotype_Ontology
LINE 228 : 2023-03-31 19:51:21,412 [DEBUG   ] Starting new HTTP connection (1): maayanlab.cloud:80
LINE 456 : 2023-03-31 19:51:21,572 [DEBUG   ] http://maayanlab.cloud:80 "POST /Enrichr/addList HTTP/1.1" 308 164
LINE 1001: 2023-03-31 19:51:21,574 [DEBUG   ] Starting new HTTPS connection (1): maayanlab.cloud:443
LINE 456 : 2023-03-31 19:51:21,886 [DEBUG   ] https://maayanlab.cloud:443 "POST /Enrichr/addList HTTP/1.1" 200 74
LINE 228 : 2023-03-31 19:51:22,901 [DEBUG   ] Starting new HTTP connection (1): maayanlab.cloud:80
LINE 456 : 2023-03-31 19:51:23,052 [DEBUG   ] http://maayanlab.cloud:80 "GET /Enrichr/export?userListId=60488527&filename=Human_Phenotype_Ontology.sonis_pathways.reports&backgroundType=Human_Phenotype_Ontology HTTP/1.1" 308 164
LINE 1001: 2023-03-31 19:51:23,056 [DEBUG   ] Starting new HTTPS connection (1): maayanlab.cloud:443
LINE 456 : 2023-03-31 19:51:23,329 [DEBUG   ] https://maayanlab.cloud:443 "GET /Enrichr/export?userListId=60488527&filename=Human_Phenotype_Ontology.sonis_pathways.reports&backgroundType=Human_Phenotype_Ontology HTTP/1.1" 200 None
LINE 431 : 2023-03-31 19:51:23,493 [INFO    ] Save file of enrichment results: Job Id:0b21687d0f00400423251925cfdc4341
LINE 441 : 2023-03-31 19:51:23,498 [INFO    ] Done.

LINE 421 : 2023-03-31 19:51:23,499 [DEBUG   ] Start Enrichr using library: GO_Biological_Process_2021
LINE 422 : 2023-03-31 19:51:23,499 [INFO    ] Analysis name: sonis_pathways, Enrichr Library: GO_Biological_Process_2021
LINE 228 : 2023-03-31 19:51:23,500 [DEBUG   ] Starting new HTTP connection (1): maayanlab.cloud:80
LINE 456 : 2023-03-31 19:51:23,666 [DEBUG   ] http://maayanlab.cloud:80 "POST /Enrichr/addList HTTP/1.1" 308 164
LINE 1001: 2023-03-31 19:51:23,668 [DEBUG   ] Starting new HTTPS connection (1): maayanlab.cloud:443
LINE 456 : 2023-03-31 19:51:23,978 [DEBUG   ] https://maayanlab.cloud:443 "POST /Enrichr/addList HTTP/1.1" 200 74
LINE 228 : 2023-03-31 19:51:24,995 [DEBUG   ] Starting new HTTP connection (1): maayanlab.cloud:80
LINE 456 : 2023-03-31 19:51:25,168 [DEBUG   ] http://maayanlab.cloud:80 "GET /Enrichr/export?userListId=60488528&filename=GO_Biological_Process_2021.sonis_pathways.reports&backgroundType=GO_Biological_Process_2021 HTTP/1.1" 308 164
LINE 1001: 2023-03-31 19:51:25,171 [DEBUG   ] Starting new HTTPS connection (1): maayanlab.cloud:443
LINE 456 : 2023-03-31 19:51:25,445 [DEBUG   ] https://maayanlab.cloud:443 "GET /Enrichr/export?userListId=60488528&filename=GO_Biological_Process_2021.sonis_pathways.reports&backgroundType=GO_Biological_Process_2021 HTTP/1.1" 200 None
LINE 431 : 2023-03-31 19:51:25,697 [INFO    ] Save file of enrichment results: Job Id:22c720975e7dcce4cc0d9a6b34babfed
LINE 441 : 2023-03-31 19:51:25,703 [INFO    ] Done.

LINE 401 : 2023-03-31 19:51:25,705 [INFO    ] Connecting to Enrichr Server to get latest library names
LINE 228 : 2023-03-31 19:51:25,707 [DEBUG   ] Starting new HTTP connection (1): maayanlab.cloud:80
LINE 456 : 2023-03-31 19:51:25,870 [DEBUG   ] http://maayanlab.cloud:80 "GET /Enrichr/datasetStatistics HTTP/1.1" 308 164
LINE 1001: 2023-03-31 19:51:25,878 [DEBUG   ] Starting new HTTPS connection (1): maayanlab.cloud:443
LINE 456 : 2023-03-31 19:51:26,128 [DEBUG   ] https://maayanlab.cloud:443 "GET /Enrichr/datasetStatistics HTTP/1.1" 200 None
LINE 421 : 2023-03-31 19:51:26,274 [DEBUG   ] Start Enrichr using library: Reactome_2022
LINE 422 : 2023-03-31 19:51:26,274 [INFO    ] Analysis name: sonis_pathways, Enrichr Library: Reactome_2022
LINE 228 : 2023-03-31 19:51:26,276 [DEBUG   ] Starting new HTTP connection (1): maayanlab.cloud:80
LINE 456 : 2023-03-31 19:51:26,439 [DEBUG   ] http://maayanlab.cloud:80 "POST /Enrichr/addList HTTP/1.1" 308 164
LINE 1001: 2023-03-31 19:51:26,442 [DEBUG   ] Starting new HTTPS connection (1): maayanlab.cloud:443
LINE 456 : 2023-03-31 19:51:26,772 [DEBUG   ] https://maayanlab.cloud:443 "POST /Enrichr/addList HTTP/1.1" 200 74
LINE 228 : 2023-03-31 19:51:27,776 [DEBUG   ] Starting new HTTP connection (1): maayanlab.cloud:80
LINE 456 : 2023-03-31 19:51:27,925 [DEBUG   ] http://maayanlab.cloud:80 "GET /Enrichr/export?userListId=60488529&filename=Reactome_2022.sonis_pathways.reports&backgroundType=Reactome_2022 HTTP/1.1" 308 164
LINE 1001: 2023-03-31 19:51:27,928 [DEBUG   ] Starting new HTTPS connection (1): maayanlab.cloud:443
LINE 456 : 2023-03-31 19:51:28,196 [DEBUG   ] https://maayanlab.cloud:443 "GET /Enrichr/export?userListId=60488529&filename=Reactome_2022.sonis_pathways.reports&backgroundType=Reactome_2022 HTTP/1.1" 200 None
LINE 431 : 2023-03-31 19:51:28,343 [INFO    ] Save file of enrichment results: Job Id:560f3f002523e4274d3c2d6215417c5d
LINE 441 : 2023-03-31 19:51:28,350 [INFO    ] Done.

LINE 421 : 2023-03-31 19:51:28,350 [DEBUG   ] Start Enrichr using library: KEGG_2021_Human
LINE 422 : 2023-03-31 19:51:28,350 [INFO    ] Analysis name: sonis_pathways, Enrichr Library: KEGG_2021_Human
LINE 228 : 2023-03-31 19:51:28,352 [DEBUG   ] Starting new HTTP connection (1): maayanlab.cloud:80
LINE 456 : 2023-03-31 19:51:28,502 [DEBUG   ] http://maayanlab.cloud:80 "POST /Enrichr/addList HTTP/1.1" 308 164
LINE 1001: 2023-03-31 19:51:28,505 [DEBUG   ] Starting new HTTPS connection (1): maayanlab.cloud:443
LINE 456 : 2023-03-31 19:51:28,831 [DEBUG   ] https://maayanlab.cloud:443 "POST /Enrichr/addList HTTP/1.1" 200 74
LINE 228 : 2023-03-31 19:51:29,838 [DEBUG   ] Starting new HTTP connection (1): maayanlab.cloud:80
LINE 456 : 2023-03-31 19:51:30,007 [DEBUG   ] http://maayanlab.cloud:80 "GET /Enrichr/export?userListId=60488530&filename=KEGG_2021_Human.sonis_pathways.reports&backgroundType=KEGG_2021_Human HTTP/1.1" 308 164
LINE 1001: 2023-03-31 19:51:30,010 [DEBUG   ] Starting new HTTPS connection (1): maayanlab.cloud:443
LINE 456 : 2023-03-31 19:51:30,266 [DEBUG   ] https://maayanlab.cloud:443 "GET /Enrichr/export?userListId=60488530&filename=KEGG_2021_Human.sonis_pathways.reports&backgroundType=KEGG_2021_Human HTTP/1.1" 200 2824
LINE 431 : 2023-03-31 19:51:30,271 [INFO    ] Save file of enrichment results: Job Id:ed7f4152633c0b79c861ff44593c219d
LINE 441 : 2023-03-31 19:51:30,274 [INFO    ] Done.

LINE 421 : 2023-03-31 19:51:30,274 [DEBUG   ] Start Enrichr using library: BioPlanet_2019
LINE 422 : 2023-03-31 19:51:30,274 [INFO    ] Analysis name: sonis_pathways, Enrichr Library: BioPlanet_2019
LINE 228 : 2023-03-31 19:51:30,276 [DEBUG   ] Starting new HTTP connection (1): maayanlab.cloud:80
LINE 456 : 2023-03-31 19:51:30,443 [DEBUG   ] http://maayanlab.cloud:80 "POST /Enrichr/addList HTTP/1.1" 308 164
LINE 1001: 2023-03-31 19:51:30,446 [DEBUG   ] Starting new HTTPS connection (1): maayanlab.cloud:443
LINE 456 : 2023-03-31 19:51:30,747 [DEBUG   ] https://maayanlab.cloud:443 "POST /Enrichr/addList HTTP/1.1" 200 74
LINE 228 : 2023-03-31 19:51:31,762 [DEBUG   ] Starting new HTTP connection (1): maayanlab.cloud:80
LINE 456 : 2023-03-31 19:51:31,929 [DEBUG   ] http://maayanlab.cloud:80 "GET /Enrichr/export?userListId=60488532&filename=BioPlanet_2019.sonis_pathways.reports&backgroundType=BioPlanet_2019 HTTP/1.1" 308 164
LINE 1001: 2023-03-31 19:51:31,932 [DEBUG   ] Starting new HTTPS connection (1): maayanlab.cloud:443
LINE 456 : 2023-03-31 19:51:32,195 [DEBUG   ] https://maayanlab.cloud:443 "GET /Enrichr/export?userListId=60488532&filename=BioPlanet_2019.sonis_pathways.reports&backgroundType=BioPlanet_2019 HTTP/1.1" 200 None
LINE 431 : 2023-03-31 19:51:32,277 [INFO    ] Save file of enrichment results: Job Id:bcfc8ab33a52c5dcc7e2f09cff581303
LINE 441 : 2023-03-31 19:51:32,283 [INFO    ] Done.

LINE 421 : 2023-03-31 19:51:32,283 [DEBUG   ] Start Enrichr using library: WikiPathways_2019_Human
LINE 422 : 2023-03-31 19:51:32,283 [INFO    ] Analysis name: sonis_pathways, Enrichr Library: WikiPathways_2019_Human
LINE 228 : 2023-03-31 19:51:32,285 [DEBUG   ] Starting new HTTP connection (1): maayanlab.cloud:80
LINE 456 : 2023-03-31 19:51:32,441 [DEBUG   ] http://maayanlab.cloud:80 "POST /Enrichr/addList HTTP/1.1" 308 164
LINE 1001: 2023-03-31 19:51:32,444 [DEBUG   ] Starting new HTTPS connection (1): maayanlab.cloud:443
LINE 456 : 2023-03-31 19:51:32,786 [DEBUG   ] https://maayanlab.cloud:443 "POST /Enrichr/addList HTTP/1.1" 200 74
LINE 228 : 2023-03-31 19:51:33,802 [DEBUG   ] Starting new HTTP connection (1): maayanlab.cloud:80
LINE 456 : 2023-03-31 19:51:33,964 [DEBUG   ] http://maayanlab.cloud:80 "GET /Enrichr/export?userListId=60488535&filename=WikiPathways_2019_Human.sonis_pathways.reports&backgroundType=WikiPathways_2019_Human HTTP/1.1" 308 164
LINE 1001: 2023-03-31 19:51:33,967 [DEBUG   ] Starting new HTTPS connection (1): maayanlab.cloud:443
LINE 456 : 2023-03-31 19:51:34,233 [DEBUG   ] https://maayanlab.cloud:443 "GET /Enrichr/export?userListId=60488535&filename=WikiPathways_2019_Human.sonis_pathways.reports&backgroundType=WikiPathways_2019_Human HTTP/1.1" 200 3499
LINE 431 : 2023-03-31 19:51:34,239 [INFO    ] Save file of enrichment results: Job Id:1a93b5dd9cbb2ce4f3e75d4d93c304d5
LINE 441 : 2023-03-31 19:51:34,241 [INFO    ] Done.

LINE 421 : 2023-03-31 19:51:34,241 [DEBUG   ] Start Enrichr using library: Human_Phenotype_Ontology
LINE 422 : 2023-03-31 19:51:34,241 [INFO    ] Analysis name: sonis_pathways, Enrichr Library: Human_Phenotype_Ontology
LINE 228 : 2023-03-31 19:51:34,244 [DEBUG   ] Starting new HTTP connection (1): maayanlab.cloud:80
LINE 456 : 2023-03-31 19:51:34,401 [DEBUG   ] http://maayanlab.cloud:80 "POST /Enrichr/addList HTTP/1.1" 308 164
LINE 1001: 2023-03-31 19:51:34,403 [DEBUG   ] Starting new HTTPS connection (1): maayanlab.cloud:443
LINE 456 : 2023-03-31 19:51:34,735 [DEBUG   ] https://maayanlab.cloud:443 "POST /Enrichr/addList HTTP/1.1" 200 74
LINE 228 : 2023-03-31 19:51:35,739 [DEBUG   ] Starting new HTTP connection (1): maayanlab.cloud:80
LINE 456 : 2023-03-31 19:51:35,893 [DEBUG   ] http://maayanlab.cloud:80 "GET /Enrichr/export?userListId=60488537&filename=Human_Phenotype_Ontology.sonis_pathways.reports&backgroundType=Human_Phenotype_Ontology HTTP/1.1" 308 164
LINE 1001: 2023-03-31 19:51:35,897 [DEBUG   ] Starting new HTTPS connection (1): maayanlab.cloud:443
LINE 456 : 2023-03-31 19:51:36,154 [DEBUG   ] https://maayanlab.cloud:443 "GET /Enrichr/export?userListId=60488537&filename=Human_Phenotype_Ontology.sonis_pathways.reports&backgroundType=Human_Phenotype_Ontology HTTP/1.1" 200 None
LINE 431 : 2023-03-31 19:51:36,239 [INFO    ] Save file of enrichment results: Job Id:cdbe8f2db5863122d1f7858fefcf0eb6
LINE 441 : 2023-03-31 19:51:36,245 [INFO    ] Done.

LINE 421 : 2023-03-31 19:51:36,245 [DEBUG   ] Start Enrichr using library: GO_Biological_Process_2021
LINE 422 : 2023-03-31 19:51:36,245 [INFO    ] Analysis name: sonis_pathways, Enrichr Library: GO_Biological_Process_2021
LINE 228 : 2023-03-31 19:51:36,248 [DEBUG   ] Starting new HTTP connection (1): maayanlab.cloud:80
LINE 456 : 2023-03-31 19:51:36,404 [DEBUG   ] http://maayanlab.cloud:80 "POST /Enrichr/addList HTTP/1.1" 308 164
LINE 1001: 2023-03-31 19:51:36,406 [DEBUG   ] Starting new HTTPS connection (1): maayanlab.cloud:443
LINE 456 : 2023-03-31 19:51:36,717 [DEBUG   ] https://maayanlab.cloud:443 "POST /Enrichr/addList HTTP/1.1" 200 74
LINE 228 : 2023-03-31 19:51:37,724 [DEBUG   ] Starting new HTTP connection (1): maayanlab.cloud:80
LINE 456 : 2023-03-31 19:51:37,899 [DEBUG   ] http://maayanlab.cloud:80 "GET /Enrichr/export?userListId=60488539&filename=GO_Biological_Process_2021.sonis_pathways.reports&backgroundType=GO_Biological_Process_2021 HTTP/1.1" 308 164
LINE 1001: 2023-03-31 19:51:37,902 [DEBUG   ] Starting new HTTPS connection (1): maayanlab.cloud:443
LINE 456 : 2023-03-31 19:51:38,203 [DEBUG   ] https://maayanlab.cloud:443 "GET /Enrichr/export?userListId=60488539&filename=GO_Biological_Process_2021.sonis_pathways.reports&backgroundType=GO_Biological_Process_2021 HTTP/1.1" 200 None
LINE 431 : 2023-03-31 19:51:38,359 [INFO    ] Save file of enrichment results: Job Id:e6c2c7c24a65c07b8e7fd373a07baed5
LINE 441 : 2023-03-31 19:51:38,367 [INFO    ] Done.

LINE 401 : 2023-03-31 19:51:38,369 [INFO    ] Connecting to Enrichr Server to get latest library names
LINE 228 : 2023-03-31 19:51:38,370 [DEBUG   ] Starting new HTTP connection (1): maayanlab.cloud:80
LINE 456 : 2023-03-31 19:51:38,530 [DEBUG   ] http://maayanlab.cloud:80 "GET /Enrichr/datasetStatistics HTTP/1.1" 308 164
LINE 1001: 2023-03-31 19:51:38,533 [DEBUG   ] Starting new HTTPS connection (1): maayanlab.cloud:443
LINE 456 : 2023-03-31 19:51:38,800 [DEBUG   ] https://maayanlab.cloud:443 "GET /Enrichr/datasetStatistics HTTP/1.1" 200 None
LINE 421 : 2023-03-31 19:51:38,960 [DEBUG   ] Start Enrichr using library: Reactome_2022
LINE 422 : 2023-03-31 19:51:38,960 [INFO    ] Analysis name: sonis_pathways, Enrichr Library: Reactome_2022
LINE 228 : 2023-03-31 19:51:38,962 [DEBUG   ] Starting new HTTP connection (1): maayanlab.cloud:80
LINE 456 : 2023-03-31 19:51:39,121 [DEBUG   ] http://maayanlab.cloud:80 "POST /Enrichr/addList HTTP/1.1" 308 164
LINE 1001: 2023-03-31 19:51:39,124 [DEBUG   ] Starting new HTTPS connection (1): maayanlab.cloud:443
LINE 456 : 2023-03-31 19:51:39,514 [DEBUG   ] https://maayanlab.cloud:443 "POST /Enrichr/addList HTTP/1.1" 200 74
LINE 228 : 2023-03-31 19:51:40,531 [DEBUG   ] Starting new HTTP connection (1): maayanlab.cloud:80
LINE 456 : 2023-03-31 19:51:40,723 [DEBUG   ] http://maayanlab.cloud:80 "GET /Enrichr/export?userListId=60488540&filename=Reactome_2022.sonis_pathways.reports&backgroundType=Reactome_2022 HTTP/1.1" 308 164
LINE 1001: 2023-03-31 19:51:40,725 [DEBUG   ] Starting new HTTPS connection (1): maayanlab.cloud:443
LINE 456 : 2023-03-31 19:51:40,989 [DEBUG   ] https://maayanlab.cloud:443 "GET /Enrichr/export?userListId=60488540&filename=Reactome_2022.sonis_pathways.reports&backgroundType=Reactome_2022 HTTP/1.1" 200 5697
LINE 431 : 2023-03-31 19:51:41,010 [INFO    ] Save file of enrichment results: Job Id:53c755d69347e426c01999db36b0a670
LINE 441 : 2023-03-31 19:51:41,014 [INFO    ] Done.

LINE 421 : 2023-03-31 19:51:41,014 [DEBUG   ] Start Enrichr using library: KEGG_2021_Human
LINE 422 : 2023-03-31 19:51:41,015 [INFO    ] Analysis name: sonis_pathways, Enrichr Library: KEGG_2021_Human
LINE 228 : 2023-03-31 19:51:41,020 [DEBUG   ] Starting new HTTP connection (1): maayanlab.cloud:80
LINE 456 : 2023-03-31 19:51:41,168 [DEBUG   ] http://maayanlab.cloud:80 "POST /Enrichr/addList HTTP/1.1" 308 164
LINE 1001: 2023-03-31 19:51:41,171 [DEBUG   ] Starting new HTTPS connection (1): maayanlab.cloud:443
LINE 456 : 2023-03-31 19:51:41,472 [DEBUG   ] https://maayanlab.cloud:443 "POST /Enrichr/addList HTTP/1.1" 200 74
LINE 228 : 2023-03-31 19:51:42,486 [DEBUG   ] Starting new HTTP connection (1): maayanlab.cloud:80
LINE 456 : 2023-03-31 19:51:42,641 [DEBUG   ] http://maayanlab.cloud:80 "GET /Enrichr/export?userListId=60488541&filename=KEGG_2021_Human.sonis_pathways.reports&backgroundType=KEGG_2021_Human HTTP/1.1" 308 164
LINE 1001: 2023-03-31 19:51:42,644 [DEBUG   ] Starting new HTTPS connection (1): maayanlab.cloud:443
LINE 456 : 2023-03-31 19:51:42,896 [DEBUG   ] https://maayanlab.cloud:443 "GET /Enrichr/export?userListId=60488541&filename=KEGG_2021_Human.sonis_pathways.reports&backgroundType=KEGG_2021_Human HTTP/1.1" 200 2708
LINE 431 : 2023-03-31 19:51:42,901 [INFO    ] Save file of enrichment results: Job Id:b6815f9e1bededbb0cc3335ba46043ef
LINE 441 : 2023-03-31 19:51:42,902 [INFO    ] Done.

LINE 421 : 2023-03-31 19:51:42,902 [DEBUG   ] Start Enrichr using library: BioPlanet_2019
LINE 422 : 2023-03-31 19:51:42,902 [INFO    ] Analysis name: sonis_pathways, Enrichr Library: BioPlanet_2019
LINE 228 : 2023-03-31 19:51:42,904 [DEBUG   ] Starting new HTTP connection (1): maayanlab.cloud:80
LINE 456 : 2023-03-31 19:51:43,058 [DEBUG   ] http://maayanlab.cloud:80 "POST /Enrichr/addList HTTP/1.1" 308 164
LINE 1001: 2023-03-31 19:51:43,061 [DEBUG   ] Starting new HTTPS connection (1): maayanlab.cloud:443
LINE 456 : 2023-03-31 19:51:43,365 [DEBUG   ] https://maayanlab.cloud:443 "POST /Enrichr/addList HTTP/1.1" 200 74
LINE 228 : 2023-03-31 19:51:44,372 [DEBUG   ] Starting new HTTP connection (1): maayanlab.cloud:80
LINE 456 : 2023-03-31 19:51:44,534 [DEBUG   ] http://maayanlab.cloud:80 "GET /Enrichr/export?userListId=60488542&filename=BioPlanet_2019.sonis_pathways.reports&backgroundType=BioPlanet_2019 HTTP/1.1" 308 164
LINE 1001: 2023-03-31 19:51:44,537 [DEBUG   ] Starting new HTTPS connection (1): maayanlab.cloud:443
LINE 456 : 2023-03-31 19:51:44,802 [DEBUG   ] https://maayanlab.cloud:443 "GET /Enrichr/export?userListId=60488542&filename=BioPlanet_2019.sonis_pathways.reports&backgroundType=BioPlanet_2019 HTTP/1.1" 200 5973
LINE 431 : 2023-03-31 19:51:44,809 [INFO    ] Save file of enrichment results: Job Id:000e22f8d506a459eced61b11c001823
LINE 441 : 2023-03-31 19:51:44,812 [INFO    ] Done.

LINE 421 : 2023-03-31 19:51:44,813 [DEBUG   ] Start Enrichr using library: WikiPathways_2019_Human
LINE 422 : 2023-03-31 19:51:44,813 [INFO    ] Analysis name: sonis_pathways, Enrichr Library: WikiPathways_2019_Human
LINE 228 : 2023-03-31 19:51:44,817 [DEBUG   ] Starting new HTTP connection (1): maayanlab.cloud:80
LINE 456 : 2023-03-31 19:51:44,977 [DEBUG   ] http://maayanlab.cloud:80 "POST /Enrichr/addList HTTP/1.1" 308 164
LINE 1001: 2023-03-31 19:51:44,978 [DEBUG   ] Starting new HTTPS connection (1): maayanlab.cloud:443
LINE 456 : 2023-03-31 19:51:45,275 [DEBUG   ] https://maayanlab.cloud:443 "POST /Enrichr/addList HTTP/1.1" 200 74
LINE 228 : 2023-03-31 19:51:46,292 [DEBUG   ] Starting new HTTP connection (1): maayanlab.cloud:80
LINE 456 : 2023-03-31 19:51:46,462 [DEBUG   ] http://maayanlab.cloud:80 "GET /Enrichr/export?userListId=60488543&filename=WikiPathways_2019_Human.sonis_pathways.reports&backgroundType=WikiPathways_2019_Human HTTP/1.1" 308 164
LINE 1001: 2023-03-31 19:51:46,465 [DEBUG   ] Starting new HTTPS connection (1): maayanlab.cloud:443
LINE 456 : 2023-03-31 19:51:46,719 [DEBUG   ] https://maayanlab.cloud:443 "GET /Enrichr/export?userListId=60488543&filename=WikiPathways_2019_Human.sonis_pathways.reports&backgroundType=WikiPathways_2019_Human HTTP/1.1" 200 2261
LINE 431 : 2023-03-31 19:51:46,724 [INFO    ] Save file of enrichment results: Job Id:5f053115c0b2374893db07849b55dfca
LINE 441 : 2023-03-31 19:51:46,726 [INFO    ] Done.

LINE 421 : 2023-03-31 19:51:46,727 [DEBUG   ] Start Enrichr using library: Human_Phenotype_Ontology
LINE 422 : 2023-03-31 19:51:46,727 [INFO    ] Analysis name: sonis_pathways, Enrichr Library: Human_Phenotype_Ontology
LINE 228 : 2023-03-31 19:51:46,729 [DEBUG   ] Starting new HTTP connection (1): maayanlab.cloud:80
LINE 456 : 2023-03-31 19:51:46,883 [DEBUG   ] http://maayanlab.cloud:80 "POST /Enrichr/addList HTTP/1.1" 308 164
LINE 1001: 2023-03-31 19:51:46,886 [DEBUG   ] Starting new HTTPS connection (1): maayanlab.cloud:443
LINE 456 : 2023-03-31 19:51:47,194 [DEBUG   ] https://maayanlab.cloud:443 "POST /Enrichr/addList HTTP/1.1" 200 74
LINE 228 : 2023-03-31 19:51:48,205 [DEBUG   ] Starting new HTTP connection (1): maayanlab.cloud:80
LINE 456 : 2023-03-31 19:51:48,367 [DEBUG   ] http://maayanlab.cloud:80 "GET /Enrichr/export?userListId=60488545&filename=Human_Phenotype_Ontology.sonis_pathways.reports&backgroundType=Human_Phenotype_Ontology HTTP/1.1" 308 164
LINE 1001: 2023-03-31 19:51:48,369 [DEBUG   ] Starting new HTTPS connection (1): maayanlab.cloud:443
LINE 456 : 2023-03-31 19:51:48,628 [DEBUG   ] https://maayanlab.cloud:443 "GET /Enrichr/export?userListId=60488545&filename=Human_Phenotype_Ontology.sonis_pathways.reports&backgroundType=Human_Phenotype_Ontology HTTP/1.1" 200 None
LINE 431 : 2023-03-31 19:51:48,698 [INFO    ] Save file of enrichment results: Job Id:b08b36a99bef9a6605c3019c76d35588
LINE 441 : 2023-03-31 19:51:48,701 [INFO    ] Done.

LINE 421 : 2023-03-31 19:51:48,701 [DEBUG   ] Start Enrichr using library: GO_Biological_Process_2021
LINE 422 : 2023-03-31 19:51:48,701 [INFO    ] Analysis name: sonis_pathways, Enrichr Library: GO_Biological_Process_2021
LINE 228 : 2023-03-31 19:51:48,703 [DEBUG   ] Starting new HTTP connection (1): maayanlab.cloud:80
LINE 456 : 2023-03-31 19:51:48,853 [DEBUG   ] http://maayanlab.cloud:80 "POST /Enrichr/addList HTTP/1.1" 308 164
LINE 1001: 2023-03-31 19:51:48,856 [DEBUG   ] Starting new HTTPS connection (1): maayanlab.cloud:443
LINE 456 : 2023-03-31 19:51:49,151 [DEBUG   ] https://maayanlab.cloud:443 "POST /Enrichr/addList HTTP/1.1" 200 74
LINE 228 : 2023-03-31 19:51:50,157 [DEBUG   ] Starting new HTTP connection (1): maayanlab.cloud:80
LINE 456 : 2023-03-31 19:51:50,307 [DEBUG   ] http://maayanlab.cloud:80 "GET /Enrichr/export?userListId=60488547&filename=GO_Biological_Process_2021.sonis_pathways.reports&backgroundType=GO_Biological_Process_2021 HTTP/1.1" 308 164
LINE 1001: 2023-03-31 19:51:50,310 [DEBUG   ] Starting new HTTPS connection (1): maayanlab.cloud:443
LINE 456 : 2023-03-31 19:51:50,575 [DEBUG   ] https://maayanlab.cloud:443 "GET /Enrichr/export?userListId=60488547&filename=GO_Biological_Process_2021.sonis_pathways.reports&backgroundType=GO_Biological_Process_2021 HTTP/1.1" 200 None
LINE 431 : 2023-03-31 19:51:50,670 [INFO    ] Save file of enrichment results: Job Id:a2a743796d5d179bbbc2437ff9a5742b
LINE 441 : 2023-03-31 19:51:50,677 [INFO    ] Done.

LINE 401 : 2023-03-31 19:51:50,681 [INFO    ] Connecting to Enrichr Server to get latest library names
LINE 228 : 2023-03-31 19:51:50,683 [DEBUG   ] Starting new HTTP connection (1): maayanlab.cloud:80
LINE 456 : 2023-03-31 19:51:50,832 [DEBUG   ] http://maayanlab.cloud:80 "GET /Enrichr/datasetStatistics HTTP/1.1" 308 164
LINE 1001: 2023-03-31 19:51:50,836 [DEBUG   ] Starting new HTTPS connection (1): maayanlab.cloud:443
LINE 456 : 2023-03-31 19:51:51,087 [DEBUG   ] https://maayanlab.cloud:443 "GET /Enrichr/datasetStatistics HTTP/1.1" 200 None
LINE 421 : 2023-03-31 19:51:51,232 [DEBUG   ] Start Enrichr using library: Reactome_2022
LINE 422 : 2023-03-31 19:51:51,232 [INFO    ] Analysis name: sonis_pathways, Enrichr Library: Reactome_2022
LINE 228 : 2023-03-31 19:51:51,233 [DEBUG   ] Starting new HTTP connection (1): maayanlab.cloud:80
LINE 456 : 2023-03-31 19:51:51,389 [DEBUG   ] http://maayanlab.cloud:80 "POST /Enrichr/addList HTTP/1.1" 308 164
LINE 1001: 2023-03-31 19:51:51,392 [DEBUG   ] Starting new HTTPS connection (1): maayanlab.cloud:443
LINE 456 : 2023-03-31 19:51:51,793 [DEBUG   ] https://maayanlab.cloud:443 "POST /Enrichr/addList HTTP/1.1" 200 74
LINE 228 : 2023-03-31 19:51:52,805 [DEBUG   ] Starting new HTTP connection (1): maayanlab.cloud:80
LINE 456 : 2023-03-31 19:51:52,967 [DEBUG   ] http://maayanlab.cloud:80 "GET /Enrichr/export?userListId=60488548&filename=Reactome_2022.sonis_pathways.reports&backgroundType=Reactome_2022 HTTP/1.1" 308 164
LINE 1001: 2023-03-31 19:51:52,970 [DEBUG   ] Starting new HTTPS connection (1): maayanlab.cloud:443
LINE 456 : 2023-03-31 19:51:53,227 [DEBUG   ] https://maayanlab.cloud:443 "GET /Enrichr/export?userListId=60488548&filename=Reactome_2022.sonis_pathways.reports&backgroundType=Reactome_2022 HTTP/1.1" 200 None
LINE 431 : 2023-03-31 19:51:53,434 [INFO    ] Save file of enrichment results: Job Id:f4b752d0b0c7af5abb5637ad6fbcafc1
LINE 441 : 2023-03-31 19:51:53,442 [INFO    ] Done.

LINE 421 : 2023-03-31 19:51:53,442 [DEBUG   ] Start Enrichr using library: KEGG_2021_Human
LINE 422 : 2023-03-31 19:51:53,442 [INFO    ] Analysis name: sonis_pathways, Enrichr Library: KEGG_2021_Human
LINE 228 : 2023-03-31 19:51:53,444 [DEBUG   ] Starting new HTTP connection (1): maayanlab.cloud:80
LINE 456 : 2023-03-31 19:51:53,599 [DEBUG   ] http://maayanlab.cloud:80 "POST /Enrichr/addList HTTP/1.1" 308 164
LINE 1001: 2023-03-31 19:51:53,601 [DEBUG   ] Starting new HTTPS connection (1): maayanlab.cloud:443
LINE 456 : 2023-03-31 19:51:53,983 [DEBUG   ] https://maayanlab.cloud:443 "POST /Enrichr/addList HTTP/1.1" 200 74
LINE 228 : 2023-03-31 19:51:54,996 [DEBUG   ] Starting new HTTP connection (1): maayanlab.cloud:80
LINE 456 : 2023-03-31 19:51:55,152 [DEBUG   ] http://maayanlab.cloud:80 "GET /Enrichr/export?userListId=60488549&filename=KEGG_2021_Human.sonis_pathways.reports&backgroundType=KEGG_2021_Human HTTP/1.1" 308 164
LINE 1001: 2023-03-31 19:51:55,154 [DEBUG   ] Starting new HTTPS connection (1): maayanlab.cloud:443
LINE 456 : 2023-03-31 19:51:55,427 [DEBUG   ] https://maayanlab.cloud:443 "GET /Enrichr/export?userListId=60488549&filename=KEGG_2021_Human.sonis_pathways.reports&backgroundType=KEGG_2021_Human HTTP/1.1" 200 None
LINE 431 : 2023-03-31 19:51:55,567 [INFO    ] Save file of enrichment results: Job Id:dcd720ffe7d7a24d61ad4edfb92547b1
LINE 441 : 2023-03-31 19:51:55,572 [INFO    ] Done.

LINE 421 : 2023-03-31 19:51:55,572 [DEBUG   ] Start Enrichr using library: BioPlanet_2019
LINE 422 : 2023-03-31 19:51:55,572 [INFO    ] Analysis name: sonis_pathways, Enrichr Library: BioPlanet_2019
LINE 228 : 2023-03-31 19:51:55,574 [DEBUG   ] Starting new HTTP connection (1): maayanlab.cloud:80
LINE 456 : 2023-03-31 19:51:55,738 [DEBUG   ] http://maayanlab.cloud:80 "POST /Enrichr/addList HTTP/1.1" 308 164
LINE 1001: 2023-03-31 19:51:55,740 [DEBUG   ] Starting new HTTPS connection (1): maayanlab.cloud:443
LINE 456 : 2023-03-31 19:51:56,115 [DEBUG   ] https://maayanlab.cloud:443 "POST /Enrichr/addList HTTP/1.1" 200 74
LINE 228 : 2023-03-31 19:51:57,130 [DEBUG   ] Starting new HTTP connection (1): maayanlab.cloud:80
LINE 456 : 2023-03-31 19:51:57,305 [DEBUG   ] http://maayanlab.cloud:80 "GET /Enrichr/export?userListId=60488550&filename=BioPlanet_2019.sonis_pathways.reports&backgroundType=BioPlanet_2019 HTTP/1.1" 308 164
LINE 1001: 2023-03-31 19:51:57,310 [DEBUG   ] Starting new HTTPS connection (1): maayanlab.cloud:443
LINE 456 : 2023-03-31 19:51:57,561 [DEBUG   ] https://maayanlab.cloud:443 "GET /Enrichr/export?userListId=60488550&filename=BioPlanet_2019.sonis_pathways.reports&backgroundType=BioPlanet_2019 HTTP/1.1" 200 None
LINE 431 : 2023-03-31 19:51:57,773 [INFO    ] Save file of enrichment results: Job Id:21c7c64878a8908f80ab5acc37f5da4a
LINE 441 : 2023-03-31 19:51:57,787 [INFO    ] Done.

LINE 421 : 2023-03-31 19:51:57,787 [DEBUG   ] Start Enrichr using library: WikiPathways_2019_Human
LINE 422 : 2023-03-31 19:51:57,787 [INFO    ] Analysis name: sonis_pathways, Enrichr Library: WikiPathways_2019_Human
LINE 228 : 2023-03-31 19:51:57,790 [DEBUG   ] Starting new HTTP connection (1): maayanlab.cloud:80
LINE 456 : 2023-03-31 19:51:57,943 [DEBUG   ] http://maayanlab.cloud:80 "POST /Enrichr/addList HTTP/1.1" 308 164
LINE 1001: 2023-03-31 19:51:57,945 [DEBUG   ] Starting new HTTPS connection (1): maayanlab.cloud:443
LINE 456 : 2023-03-31 19:51:58,315 [DEBUG   ] https://maayanlab.cloud:443 "POST /Enrichr/addList HTTP/1.1" 200 74
LINE 228 : 2023-03-31 19:51:59,330 [DEBUG   ] Starting new HTTP connection (1): maayanlab.cloud:80
LINE 456 : 2023-03-31 19:51:59,482 [DEBUG   ] http://maayanlab.cloud:80 "GET /Enrichr/export?userListId=60488551&filename=WikiPathways_2019_Human.sonis_pathways.reports&backgroundType=WikiPathways_2019_Human HTTP/1.1" 308 164
LINE 1001: 2023-03-31 19:51:59,485 [DEBUG   ] Starting new HTTPS connection (1): maayanlab.cloud:443
LINE 456 : 2023-03-31 19:51:59,759 [DEBUG   ] https://maayanlab.cloud:443 "GET /Enrichr/export?userListId=60488551&filename=WikiPathways_2019_Human.sonis_pathways.reports&backgroundType=WikiPathways_2019_Human HTTP/1.1" 200 None
LINE 431 : 2023-03-31 19:51:59,907 [INFO    ] Save file of enrichment results: Job Id:7a8807b454bd5573631a073c3c6a0dc9
LINE 441 : 2023-03-31 19:51:59,912 [INFO    ] Done.

LINE 421 : 2023-03-31 19:51:59,912 [DEBUG   ] Start Enrichr using library: Human_Phenotype_Ontology
LINE 422 : 2023-03-31 19:51:59,912 [INFO    ] Analysis name: sonis_pathways, Enrichr Library: Human_Phenotype_Ontology
LINE 228 : 2023-03-31 19:51:59,915 [DEBUG   ] Starting new HTTP connection (1): maayanlab.cloud:80
LINE 456 : 2023-03-31 19:52:00,074 [DEBUG   ] http://maayanlab.cloud:80 "POST /Enrichr/addList HTTP/1.1" 308 164
LINE 1001: 2023-03-31 19:52:00,079 [DEBUG   ] Starting new HTTPS connection (1): maayanlab.cloud:443
LINE 456 : 2023-03-31 19:52:00,445 [DEBUG   ] https://maayanlab.cloud:443 "POST /Enrichr/addList HTTP/1.1" 200 74
LINE 228 : 2023-03-31 19:52:01,456 [DEBUG   ] Starting new HTTP connection (1): maayanlab.cloud:80
LINE 456 : 2023-03-31 19:52:01,627 [DEBUG   ] http://maayanlab.cloud:80 "GET /Enrichr/export?userListId=60488552&filename=Human_Phenotype_Ontology.sonis_pathways.reports&backgroundType=Human_Phenotype_Ontology HTTP/1.1" 308 164
LINE 1001: 2023-03-31 19:52:01,629 [DEBUG   ] Starting new HTTPS connection (1): maayanlab.cloud:443
LINE 456 : 2023-03-31 19:52:01,879 [DEBUG   ] https://maayanlab.cloud:443 "GET /Enrichr/export?userListId=60488552&filename=Human_Phenotype_Ontology.sonis_pathways.reports&backgroundType=Human_Phenotype_Ontology HTTP/1.1" 200 None
LINE 431 : 2023-03-31 19:52:02,023 [INFO    ] Save file of enrichment results: Job Id:9bb327192e9d315f8f8bc3a70ff72e89
LINE 441 : 2023-03-31 19:52:02,030 [INFO    ] Done.

LINE 421 : 2023-03-31 19:52:02,030 [DEBUG   ] Start Enrichr using library: GO_Biological_Process_2021
LINE 422 : 2023-03-31 19:52:02,030 [INFO    ] Analysis name: sonis_pathways, Enrichr Library: GO_Biological_Process_2021
LINE 228 : 2023-03-31 19:52:02,032 [DEBUG   ] Starting new HTTP connection (1): maayanlab.cloud:80
LINE 456 : 2023-03-31 19:52:02,179 [DEBUG   ] http://maayanlab.cloud:80 "POST /Enrichr/addList HTTP/1.1" 308 164
LINE 1001: 2023-03-31 19:52:02,182 [DEBUG   ] Starting new HTTPS connection (1): maayanlab.cloud:443
LINE 456 : 2023-03-31 19:52:02,555 [DEBUG   ] https://maayanlab.cloud:443 "POST /Enrichr/addList HTTP/1.1" 200 74
LINE 228 : 2023-03-31 19:52:03,573 [DEBUG   ] Starting new HTTP connection (1): maayanlab.cloud:80
LINE 456 : 2023-03-31 19:52:03,746 [DEBUG   ] http://maayanlab.cloud:80 "GET /Enrichr/export?userListId=60488553&filename=GO_Biological_Process_2021.sonis_pathways.reports&backgroundType=GO_Biological_Process_2021 HTTP/1.1" 308 164
LINE 1001: 2023-03-31 19:52:03,750 [DEBUG   ] Starting new HTTPS connection (1): maayanlab.cloud:443
LINE 456 : 2023-03-31 19:52:04,021 [DEBUG   ] https://maayanlab.cloud:443 "GET /Enrichr/export?userListId=60488553&filename=GO_Biological_Process_2021.sonis_pathways.reports&backgroundType=GO_Biological_Process_2021 HTTP/1.1" 200 None
LINE 431 : 2023-03-31 19:52:04,310 [INFO    ] Save file of enrichment results: Job Id:378a002a3fd165bb265dc792e08b0d9a
LINE 441 : 2023-03-31 19:52:04,328 [INFO    ] Done.

LINE 401 : 2023-03-31 19:52:04,330 [INFO    ] Connecting to Enrichr Server to get latest library names
LINE 228 : 2023-03-31 19:52:04,331 [DEBUG   ] Starting new HTTP connection (1): maayanlab.cloud:80
LINE 456 : 2023-03-31 19:52:04,489 [DEBUG   ] http://maayanlab.cloud:80 "GET /Enrichr/datasetStatistics HTTP/1.1" 308 164
LINE 1001: 2023-03-31 19:52:04,492 [DEBUG   ] Starting new HTTPS connection (1): maayanlab.cloud:443
LINE 456 : 2023-03-31 19:52:04,731 [DEBUG   ] https://maayanlab.cloud:443 "GET /Enrichr/datasetStatistics HTTP/1.1" 200 None
LINE 421 : 2023-03-31 19:52:04,877 [DEBUG   ] Start Enrichr using library: Reactome_2022
LINE 422 : 2023-03-31 19:52:04,877 [INFO    ] Analysis name: sonis_pathways, Enrichr Library: Reactome_2022
LINE 228 : 2023-03-31 19:52:04,880 [DEBUG   ] Starting new HTTP connection (1): maayanlab.cloud:80
LINE 456 : 2023-03-31 19:52:05,032 [DEBUG   ] http://maayanlab.cloud:80 "POST /Enrichr/addList HTTP/1.1" 308 164
LINE 1001: 2023-03-31 19:52:05,034 [DEBUG   ] Starting new HTTPS connection (1): maayanlab.cloud:443
LINE 456 : 2023-03-31 19:52:05,342 [DEBUG   ] https://maayanlab.cloud:443 "POST /Enrichr/addList HTTP/1.1" 200 74
LINE 228 : 2023-03-31 19:52:06,347 [DEBUG   ] Starting new HTTP connection (1): maayanlab.cloud:80
LINE 456 : 2023-03-31 19:52:06,522 [DEBUG   ] http://maayanlab.cloud:80 "GET /Enrichr/export?userListId=60488556&filename=Reactome_2022.sonis_pathways.reports&backgroundType=Reactome_2022 HTTP/1.1" 308 164
LINE 1001: 2023-03-31 19:52:06,524 [DEBUG   ] Starting new HTTPS connection (1): maayanlab.cloud:443
LINE 456 : 2023-03-31 19:52:06,793 [DEBUG   ] https://maayanlab.cloud:443 "GET /Enrichr/export?userListId=60488556&filename=Reactome_2022.sonis_pathways.reports&backgroundType=Reactome_2022 HTTP/1.1" 200 None
LINE 431 : 2023-03-31 19:52:06,959 [INFO    ] Save file of enrichment results: Job Id:5a458c9009ab39cdec06eae2d2db0ea2
LINE 441 : 2023-03-31 19:52:06,966 [INFO    ] Done.

LINE 421 : 2023-03-31 19:52:06,966 [DEBUG   ] Start Enrichr using library: KEGG_2021_Human
LINE 422 : 2023-03-31 19:52:06,966 [INFO    ] Analysis name: sonis_pathways, Enrichr Library: KEGG_2021_Human
LINE 228 : 2023-03-31 19:52:06,968 [DEBUG   ] Starting new HTTP connection (1): maayanlab.cloud:80
LINE 456 : 2023-03-31 19:52:07,125 [DEBUG   ] http://maayanlab.cloud:80 "POST /Enrichr/addList HTTP/1.1" 308 164
LINE 1001: 2023-03-31 19:52:07,127 [DEBUG   ] Starting new HTTPS connection (1): maayanlab.cloud:443
LINE 456 : 2023-03-31 19:52:07,444 [DEBUG   ] https://maayanlab.cloud:443 "POST /Enrichr/addList HTTP/1.1" 200 74
LINE 228 : 2023-03-31 19:52:08,454 [DEBUG   ] Starting new HTTP connection (1): maayanlab.cloud:80
LINE 456 : 2023-03-31 19:52:08,614 [DEBUG   ] http://maayanlab.cloud:80 "GET /Enrichr/export?userListId=60488557&filename=KEGG_2021_Human.sonis_pathways.reports&backgroundType=KEGG_2021_Human HTTP/1.1" 308 164
LINE 1001: 2023-03-31 19:52:08,616 [DEBUG   ] Starting new HTTPS connection (1): maayanlab.cloud:443
LINE 456 : 2023-03-31 19:52:08,879 [DEBUG   ] https://maayanlab.cloud:443 "GET /Enrichr/export?userListId=60488557&filename=KEGG_2021_Human.sonis_pathways.reports&backgroundType=KEGG_2021_Human HTTP/1.1" 200 None
LINE 431 : 2023-03-31 19:52:08,960 [INFO    ] Save file of enrichment results: Job Id:ee1a8dd3f1455dfb649c2a98609117c5
LINE 441 : 2023-03-31 19:52:08,965 [INFO    ] Done.

LINE 421 : 2023-03-31 19:52:08,965 [DEBUG   ] Start Enrichr using library: BioPlanet_2019
LINE 422 : 2023-03-31 19:52:08,965 [INFO    ] Analysis name: sonis_pathways, Enrichr Library: BioPlanet_2019
LINE 228 : 2023-03-31 19:52:08,968 [DEBUG   ] Starting new HTTP connection (1): maayanlab.cloud:80
LINE 456 : 2023-03-31 19:52:09,130 [DEBUG   ] http://maayanlab.cloud:80 "POST /Enrichr/addList HTTP/1.1" 308 164
LINE 1001: 2023-03-31 19:52:09,132 [DEBUG   ] Starting new HTTPS connection (1): maayanlab.cloud:443
LINE 456 : 2023-03-31 19:52:09,427 [DEBUG   ] https://maayanlab.cloud:443 "POST /Enrichr/addList HTTP/1.1" 200 74
LINE 228 : 2023-03-31 19:52:10,435 [DEBUG   ] Starting new HTTP connection (1): maayanlab.cloud:80
LINE 456 : 2023-03-31 19:52:10,594 [DEBUG   ] http://maayanlab.cloud:80 "GET /Enrichr/export?userListId=60488558&filename=BioPlanet_2019.sonis_pathways.reports&backgroundType=BioPlanet_2019 HTTP/1.1" 308 164
LINE 1001: 2023-03-31 19:52:10,598 [DEBUG   ] Starting new HTTPS connection (1): maayanlab.cloud:443
LINE 456 : 2023-03-31 19:52:10,870 [DEBUG   ] https://maayanlab.cloud:443 "GET /Enrichr/export?userListId=60488558&filename=BioPlanet_2019.sonis_pathways.reports&backgroundType=BioPlanet_2019 HTTP/1.1" 200 None
LINE 431 : 2023-03-31 19:52:11,010 [INFO    ] Save file of enrichment results: Job Id:f8a46619657ce895bfe66367aacd0113
LINE 441 : 2023-03-31 19:52:11,016 [INFO    ] Done.

LINE 421 : 2023-03-31 19:52:11,016 [DEBUG   ] Start Enrichr using library: WikiPathways_2019_Human
LINE 422 : 2023-03-31 19:52:11,016 [INFO    ] Analysis name: sonis_pathways, Enrichr Library: WikiPathways_2019_Human
LINE 228 : 2023-03-31 19:52:11,017 [DEBUG   ] Starting new HTTP connection (1): maayanlab.cloud:80
LINE 456 : 2023-03-31 19:52:11,192 [DEBUG   ] http://maayanlab.cloud:80 "POST /Enrichr/addList HTTP/1.1" 308 164
LINE 1001: 2023-03-31 19:52:11,194 [DEBUG   ] Starting new HTTPS connection (1): maayanlab.cloud:443
LINE 456 : 2023-03-31 19:52:11,499 [DEBUG   ] https://maayanlab.cloud:443 "POST /Enrichr/addList HTTP/1.1" 200 74
LINE 228 : 2023-03-31 19:52:12,515 [DEBUG   ] Starting new HTTP connection (1): maayanlab.cloud:80
LINE 456 : 2023-03-31 19:52:12,695 [DEBUG   ] http://maayanlab.cloud:80 "GET /Enrichr/export?userListId=60488560&filename=WikiPathways_2019_Human.sonis_pathways.reports&backgroundType=WikiPathways_2019_Human HTTP/1.1" 308 164
LINE 1001: 2023-03-31 19:52:12,699 [DEBUG   ] Starting new HTTPS connection (1): maayanlab.cloud:443
LINE 456 : 2023-03-31 19:52:12,967 [DEBUG   ] https://maayanlab.cloud:443 "GET /Enrichr/export?userListId=60488560&filename=WikiPathways_2019_Human.sonis_pathways.reports&backgroundType=WikiPathways_2019_Human HTTP/1.1" 200 None
LINE 431 : 2023-03-31 19:52:13,061 [INFO    ] Save file of enrichment results: Job Id:dd220ecac21b255015b1668c62ed8580
LINE 441 : 2023-03-31 19:52:13,066 [INFO    ] Done.

LINE 421 : 2023-03-31 19:52:13,066 [DEBUG   ] Start Enrichr using library: Human_Phenotype_Ontology
LINE 422 : 2023-03-31 19:52:13,066 [INFO    ] Analysis name: sonis_pathways, Enrichr Library: Human_Phenotype_Ontology
LINE 228 : 2023-03-31 19:52:13,069 [DEBUG   ] Starting new HTTP connection (1): maayanlab.cloud:80
LINE 456 : 2023-03-31 19:52:13,228 [DEBUG   ] http://maayanlab.cloud:80 "POST /Enrichr/addList HTTP/1.1" 308 164
LINE 1001: 2023-03-31 19:52:13,231 [DEBUG   ] Starting new HTTPS connection (1): maayanlab.cloud:443
LINE 456 : 2023-03-31 19:52:13,547 [DEBUG   ] https://maayanlab.cloud:443 "POST /Enrichr/addList HTTP/1.1" 200 74
LINE 228 : 2023-03-31 19:52:14,561 [DEBUG   ] Starting new HTTP connection (1): maayanlab.cloud:80
LINE 456 : 2023-03-31 19:52:14,729 [DEBUG   ] http://maayanlab.cloud:80 "GET /Enrichr/export?userListId=60488561&filename=Human_Phenotype_Ontology.sonis_pathways.reports&backgroundType=Human_Phenotype_Ontology HTTP/1.1" 308 164
LINE 1001: 2023-03-31 19:52:14,732 [DEBUG   ] Starting new HTTPS connection (1): maayanlab.cloud:443
LINE 456 : 2023-03-31 19:52:15,001 [DEBUG   ] https://maayanlab.cloud:443 "GET /Enrichr/export?userListId=60488561&filename=Human_Phenotype_Ontology.sonis_pathways.reports&backgroundType=Human_Phenotype_Ontology HTTP/1.1" 200 None
LINE 431 : 2023-03-31 19:52:15,084 [INFO    ] Save file of enrichment results: Job Id:9fbf4353c77b8c2affd70a7ccb83070f
LINE 441 : 2023-03-31 19:52:15,088 [INFO    ] Done.

LINE 421 : 2023-03-31 19:52:15,088 [DEBUG   ] Start Enrichr using library: GO_Biological_Process_2021
LINE 422 : 2023-03-31 19:52:15,088 [INFO    ] Analysis name: sonis_pathways, Enrichr Library: GO_Biological_Process_2021
LINE 228 : 2023-03-31 19:52:15,091 [DEBUG   ] Starting new HTTP connection (1): maayanlab.cloud:80
LINE 456 : 2023-03-31 19:52:15,247 [DEBUG   ] http://maayanlab.cloud:80 "POST /Enrichr/addList HTTP/1.1" 308 164
LINE 1001: 2023-03-31 19:52:15,250 [DEBUG   ] Starting new HTTPS connection (1): maayanlab.cloud:443
LINE 456 : 2023-03-31 19:52:15,540 [DEBUG   ] https://maayanlab.cloud:443 "POST /Enrichr/addList HTTP/1.1" 200 74
LINE 228 : 2023-03-31 19:52:16,547 [DEBUG   ] Starting new HTTP connection (1): maayanlab.cloud:80
LINE 456 : 2023-03-31 19:52:16,704 [DEBUG   ] http://maayanlab.cloud:80 "GET /Enrichr/export?userListId=60488562&filename=GO_Biological_Process_2021.sonis_pathways.reports&backgroundType=GO_Biological_Process_2021 HTTP/1.1" 308 164
LINE 1001: 2023-03-31 19:52:16,706 [DEBUG   ] Starting new HTTPS connection (1): maayanlab.cloud:443
LINE 456 : 2023-03-31 19:52:16,969 [DEBUG   ] https://maayanlab.cloud:443 "GET /Enrichr/export?userListId=60488562&filename=GO_Biological_Process_2021.sonis_pathways.reports&backgroundType=GO_Biological_Process_2021 HTTP/1.1" 200 None
LINE 431 : 2023-03-31 19:52:17,188 [INFO    ] Save file of enrichment results: Job Id:95132f2edb9943a9916b4e9eb49adeae
LINE 441 : 2023-03-31 19:52:17,199 [INFO    ] Done.

LINE 401 : 2023-03-31 19:52:17,200 [INFO    ] Connecting to Enrichr Server to get latest library names
LINE 228 : 2023-03-31 19:52:17,203 [DEBUG   ] Starting new HTTP connection (1): maayanlab.cloud:80
LINE 456 : 2023-03-31 19:52:17,357 [DEBUG   ] http://maayanlab.cloud:80 "GET /Enrichr/datasetStatistics HTTP/1.1" 308 164
LINE 1001: 2023-03-31 19:52:17,360 [DEBUG   ] Starting new HTTPS connection (1): maayanlab.cloud:443
LINE 456 : 2023-03-31 19:52:17,612 [DEBUG   ] https://maayanlab.cloud:443 "GET /Enrichr/datasetStatistics HTTP/1.1" 200 None
LINE 421 : 2023-03-31 19:52:17,760 [DEBUG   ] Start Enrichr using library: Reactome_2022
LINE 422 : 2023-03-31 19:52:17,760 [INFO    ] Analysis name: sonis_pathways, Enrichr Library: Reactome_2022
LINE 228 : 2023-03-31 19:52:17,762 [DEBUG   ] Starting new HTTP connection (1): maayanlab.cloud:80
LINE 456 : 2023-03-31 19:52:17,915 [DEBUG   ] http://maayanlab.cloud:80 "POST /Enrichr/addList HTTP/1.1" 308 164
LINE 1001: 2023-03-31 19:52:17,920 [DEBUG   ] Starting new HTTPS connection (1): maayanlab.cloud:443
LINE 456 : 2023-03-31 19:52:18,227 [DEBUG   ] https://maayanlab.cloud:443 "POST /Enrichr/addList HTTP/1.1" 200 74
LINE 228 : 2023-03-31 19:52:19,241 [DEBUG   ] Starting new HTTP connection (1): maayanlab.cloud:80
LINE 456 : 2023-03-31 19:52:19,393 [DEBUG   ] http://maayanlab.cloud:80 "GET /Enrichr/export?userListId=60488564&filename=Reactome_2022.sonis_pathways.reports&backgroundType=Reactome_2022 HTTP/1.1" 308 164
LINE 1001: 2023-03-31 19:52:19,395 [DEBUG   ] Starting new HTTPS connection (1): maayanlab.cloud:443
LINE 456 : 2023-03-31 19:52:19,673 [DEBUG   ] https://maayanlab.cloud:443 "GET /Enrichr/export?userListId=60488564&filename=Reactome_2022.sonis_pathways.reports&backgroundType=Reactome_2022 HTTP/1.1" 200 None
LINE 431 : 2023-03-31 19:52:19,831 [INFO    ] Save file of enrichment results: Job Id:616009340e4c1e4c2a08834f87b94ee1
LINE 441 : 2023-03-31 19:52:19,838 [INFO    ] Done.

LINE 421 : 2023-03-31 19:52:19,838 [DEBUG   ] Start Enrichr using library: KEGG_2021_Human
LINE 422 : 2023-03-31 19:52:19,838 [INFO    ] Analysis name: sonis_pathways, Enrichr Library: KEGG_2021_Human
LINE 228 : 2023-03-31 19:52:19,840 [DEBUG   ] Starting new HTTP connection (1): maayanlab.cloud:80
LINE 456 : 2023-03-31 19:52:20,006 [DEBUG   ] http://maayanlab.cloud:80 "POST /Enrichr/addList HTTP/1.1" 308 164
LINE 1001: 2023-03-31 19:52:20,009 [DEBUG   ] Starting new HTTPS connection (1): maayanlab.cloud:443
LINE 456 : 2023-03-31 19:52:20,328 [DEBUG   ] https://maayanlab.cloud:443 "POST /Enrichr/addList HTTP/1.1" 200 74
LINE 228 : 2023-03-31 19:52:21,338 [DEBUG   ] Starting new HTTP connection (1): maayanlab.cloud:80
LINE 456 : 2023-03-31 19:52:21,493 [DEBUG   ] http://maayanlab.cloud:80 "GET /Enrichr/export?userListId=60488565&filename=KEGG_2021_Human.sonis_pathways.reports&backgroundType=KEGG_2021_Human HTTP/1.1" 308 164
LINE 1001: 2023-03-31 19:52:21,496 [DEBUG   ] Starting new HTTPS connection (1): maayanlab.cloud:443
LINE 456 : 2023-03-31 19:52:21,752 [DEBUG   ] https://maayanlab.cloud:443 "GET /Enrichr/export?userListId=60488565&filename=KEGG_2021_Human.sonis_pathways.reports&backgroundType=KEGG_2021_Human HTTP/1.1" 200 None
LINE 431 : 2023-03-31 19:52:21,831 [INFO    ] Save file of enrichment results: Job Id:1ef0b9d3346b4c4b1dd9065179d50974
LINE 441 : 2023-03-31 19:52:21,837 [INFO    ] Done.

LINE 421 : 2023-03-31 19:52:21,837 [DEBUG   ] Start Enrichr using library: BioPlanet_2019
LINE 422 : 2023-03-31 19:52:21,837 [INFO    ] Analysis name: sonis_pathways, Enrichr Library: BioPlanet_2019
LINE 228 : 2023-03-31 19:52:21,840 [DEBUG   ] Starting new HTTP connection (1): maayanlab.cloud:80
LINE 456 : 2023-03-31 19:52:22,000 [DEBUG   ] http://maayanlab.cloud:80 "POST /Enrichr/addList HTTP/1.1" 308 164
LINE 1001: 2023-03-31 19:52:22,004 [DEBUG   ] Starting new HTTPS connection (1): maayanlab.cloud:443
LINE 456 : 2023-03-31 19:52:22,311 [DEBUG   ] https://maayanlab.cloud:443 "POST /Enrichr/addList HTTP/1.1" 200 74
LINE 228 : 2023-03-31 19:52:23,329 [DEBUG   ] Starting new HTTP connection (1): maayanlab.cloud:80
LINE 456 : 2023-03-31 19:52:23,496 [DEBUG   ] http://maayanlab.cloud:80 "GET /Enrichr/export?userListId=60488566&filename=BioPlanet_2019.sonis_pathways.reports&backgroundType=BioPlanet_2019 HTTP/1.1" 308 164
LINE 1001: 2023-03-31 19:52:23,498 [DEBUG   ] Starting new HTTPS connection (1): maayanlab.cloud:443
LINE 456 : 2023-03-31 19:52:23,758 [DEBUG   ] https://maayanlab.cloud:443 "GET /Enrichr/export?userListId=60488566&filename=BioPlanet_2019.sonis_pathways.reports&backgroundType=BioPlanet_2019 HTTP/1.1" 200 None
LINE 431 : 2023-03-31 19:52:23,964 [INFO    ] Save file of enrichment results: Job Id:3c78b54434906d41323a72482353852d
LINE 441 : 2023-03-31 19:52:23,971 [INFO    ] Done.

LINE 421 : 2023-03-31 19:52:23,971 [DEBUG   ] Start Enrichr using library: WikiPathways_2019_Human
LINE 422 : 2023-03-31 19:52:23,971 [INFO    ] Analysis name: sonis_pathways, Enrichr Library: WikiPathways_2019_Human
LINE 228 : 2023-03-31 19:52:23,973 [DEBUG   ] Starting new HTTP connection (1): maayanlab.cloud:80
LINE 456 : 2023-03-31 19:52:24,134 [DEBUG   ] http://maayanlab.cloud:80 "POST /Enrichr/addList HTTP/1.1" 308 164
LINE 1001: 2023-03-31 19:52:24,137 [DEBUG   ] Starting new HTTPS connection (1): maayanlab.cloud:443
LINE 456 : 2023-03-31 19:52:24,433 [DEBUG   ] https://maayanlab.cloud:443 "POST /Enrichr/addList HTTP/1.1" 200 74
LINE 228 : 2023-03-31 19:52:25,450 [DEBUG   ] Starting new HTTP connection (1): maayanlab.cloud:80
LINE 456 : 2023-03-31 19:52:25,604 [DEBUG   ] http://maayanlab.cloud:80 "GET /Enrichr/export?userListId=60488567&filename=WikiPathways_2019_Human.sonis_pathways.reports&backgroundType=WikiPathways_2019_Human HTTP/1.1" 308 164
LINE 1001: 2023-03-31 19:52:25,606 [DEBUG   ] Starting new HTTPS connection (1): maayanlab.cloud:443
LINE 456 : 2023-03-31 19:52:25,871 [DEBUG   ] https://maayanlab.cloud:443 "GET /Enrichr/export?userListId=60488567&filename=WikiPathways_2019_Human.sonis_pathways.reports&backgroundType=WikiPathways_2019_Human HTTP/1.1" 200 None
LINE 431 : 2023-03-31 19:52:25,956 [INFO    ] Save file of enrichment results: Job Id:9db6c3734ed70b416235c9c251cf723a
LINE 441 : 2023-03-31 19:52:25,962 [INFO    ] Done.

LINE 421 : 2023-03-31 19:52:25,962 [DEBUG   ] Start Enrichr using library: Human_Phenotype_Ontology
LINE 422 : 2023-03-31 19:52:25,962 [INFO    ] Analysis name: sonis_pathways, Enrichr Library: Human_Phenotype_Ontology
LINE 228 : 2023-03-31 19:52:25,964 [DEBUG   ] Starting new HTTP connection (1): maayanlab.cloud:80
LINE 456 : 2023-03-31 19:52:26,123 [DEBUG   ] http://maayanlab.cloud:80 "POST /Enrichr/addList HTTP/1.1" 308 164
LINE 1001: 2023-03-31 19:52:26,126 [DEBUG   ] Starting new HTTPS connection (1): maayanlab.cloud:443
LINE 456 : 2023-03-31 19:52:26,482 [DEBUG   ] https://maayanlab.cloud:443 "POST /Enrichr/addList HTTP/1.1" 200 74
LINE 228 : 2023-03-31 19:52:27,487 [DEBUG   ] Starting new HTTP connection (1): maayanlab.cloud:80
LINE 456 : 2023-03-31 19:52:27,643 [DEBUG   ] http://maayanlab.cloud:80 "GET /Enrichr/export?userListId=60488570&filename=Human_Phenotype_Ontology.sonis_pathways.reports&backgroundType=Human_Phenotype_Ontology HTTP/1.1" 308 164
LINE 1001: 2023-03-31 19:52:27,645 [DEBUG   ] Starting new HTTPS connection (1): maayanlab.cloud:443
LINE 456 : 2023-03-31 19:52:27,915 [DEBUG   ] https://maayanlab.cloud:443 "GET /Enrichr/export?userListId=60488570&filename=Human_Phenotype_Ontology.sonis_pathways.reports&backgroundType=Human_Phenotype_Ontology HTTP/1.1" 200 None
LINE 431 : 2023-03-31 19:52:28,002 [INFO    ] Save file of enrichment results: Job Id:ceceb20b851d953cb5b9379ff4e2d3a9
LINE 441 : 2023-03-31 19:52:28,007 [INFO    ] Done.

LINE 421 : 2023-03-31 19:52:28,007 [DEBUG   ] Start Enrichr using library: GO_Biological_Process_2021
LINE 422 : 2023-03-31 19:52:28,007 [INFO    ] Analysis name: sonis_pathways, Enrichr Library: GO_Biological_Process_2021
LINE 228 : 2023-03-31 19:52:28,008 [DEBUG   ] Starting new HTTP connection (1): maayanlab.cloud:80
LINE 456 : 2023-03-31 19:52:28,157 [DEBUG   ] http://maayanlab.cloud:80 "POST /Enrichr/addList HTTP/1.1" 308 164
LINE 1001: 2023-03-31 19:52:28,160 [DEBUG   ] Starting new HTTPS connection (1): maayanlab.cloud:443
LINE 456 : 2023-03-31 19:52:28,456 [DEBUG   ] https://maayanlab.cloud:443 "POST /Enrichr/addList HTTP/1.1" 200 74
LINE 228 : 2023-03-31 19:52:29,469 [DEBUG   ] Starting new HTTP connection (1): maayanlab.cloud:80
LINE 456 : 2023-03-31 19:52:29,646 [DEBUG   ] http://maayanlab.cloud:80 "GET /Enrichr/export?userListId=60488571&filename=GO_Biological_Process_2021.sonis_pathways.reports&backgroundType=GO_Biological_Process_2021 HTTP/1.1" 308 164
LINE 1001: 2023-03-31 19:52:29,649 [DEBUG   ] Starting new HTTPS connection (1): maayanlab.cloud:443
LINE 456 : 2023-03-31 19:52:29,918 [DEBUG   ] https://maayanlab.cloud:443 "GET /Enrichr/export?userListId=60488571&filename=GO_Biological_Process_2021.sonis_pathways.reports&backgroundType=GO_Biological_Process_2021 HTTP/1.1" 200 None
LINE 431 : 2023-03-31 19:52:30,158 [INFO    ] Save file of enrichment results: Job Id:b73bf4bfd2562065dfe54013c221c6e5
LINE 441 : 2023-03-31 19:52:30,170 [INFO    ] Done.

LINE 401 : 2023-03-31 19:52:30,171 [INFO    ] Connecting to Enrichr Server to get latest library names
LINE 228 : 2023-03-31 19:52:30,173 [DEBUG   ] Starting new HTTP connection (1): maayanlab.cloud:80
LINE 456 : 2023-03-31 19:52:30,333 [DEBUG   ] http://maayanlab.cloud:80 "GET /Enrichr/datasetStatistics HTTP/1.1" 308 164
LINE 1001: 2023-03-31 19:52:30,336 [DEBUG   ] Starting new HTTPS connection (1): maayanlab.cloud:443
LINE 456 : 2023-03-31 19:52:30,580 [DEBUG   ] https://maayanlab.cloud:443 "GET /Enrichr/datasetStatistics HTTP/1.1" 200 None
LINE 421 : 2023-03-31 19:52:30,730 [DEBUG   ] Start Enrichr using library: Reactome_2022
LINE 422 : 2023-03-31 19:52:30,730 [INFO    ] Analysis name: sonis_pathways, Enrichr Library: Reactome_2022
LINE 228 : 2023-03-31 19:52:30,732 [DEBUG   ] Starting new HTTP connection (1): maayanlab.cloud:80
LINE 456 : 2023-03-31 19:52:30,891 [DEBUG   ] http://maayanlab.cloud:80 "POST /Enrichr/addList HTTP/1.1" 308 164
LINE 1001: 2023-03-31 19:52:30,895 [DEBUG   ] Starting new HTTPS connection (1): maayanlab.cloud:443
LINE 456 : 2023-03-31 19:52:31,272 [DEBUG   ] https://maayanlab.cloud:443 "POST /Enrichr/addList HTTP/1.1" 200 74
LINE 228 : 2023-03-31 19:52:32,293 [DEBUG   ] Starting new HTTP connection (1): maayanlab.cloud:80
LINE 456 : 2023-03-31 19:52:32,461 [DEBUG   ] http://maayanlab.cloud:80 "GET /Enrichr/export?userListId=60488572&filename=Reactome_2022.sonis_pathways.reports&backgroundType=Reactome_2022 HTTP/1.1" 308 164
LINE 1001: 2023-03-31 19:52:32,466 [DEBUG   ] Starting new HTTPS connection (1): maayanlab.cloud:443
LINE 456 : 2023-03-31 19:52:32,735 [DEBUG   ] https://maayanlab.cloud:443 "GET /Enrichr/export?userListId=60488572&filename=Reactome_2022.sonis_pathways.reports&backgroundType=Reactome_2022 HTTP/1.1" 200 None
LINE 431 : 2023-03-31 19:52:32,943 [INFO    ] Save file of enrichment results: Job Id:86be9192ba57223225a53b03acfc0cfa
LINE 441 : 2023-03-31 19:52:32,956 [INFO    ] Done.

LINE 421 : 2023-03-31 19:52:32,957 [DEBUG   ] Start Enrichr using library: KEGG_2021_Human
LINE 422 : 2023-03-31 19:52:32,957 [INFO    ] Analysis name: sonis_pathways, Enrichr Library: KEGG_2021_Human
LINE 228 : 2023-03-31 19:52:32,959 [DEBUG   ] Starting new HTTP connection (1): maayanlab.cloud:80
LINE 456 : 2023-03-31 19:52:33,114 [DEBUG   ] http://maayanlab.cloud:80 "POST /Enrichr/addList HTTP/1.1" 308 164
LINE 1001: 2023-03-31 19:52:33,119 [DEBUG   ] Starting new HTTPS connection (1): maayanlab.cloud:443
LINE 456 : 2023-03-31 19:52:33,489 [DEBUG   ] https://maayanlab.cloud:443 "POST /Enrichr/addList HTTP/1.1" 200 74
LINE 228 : 2023-03-31 19:52:34,507 [DEBUG   ] Starting new HTTP connection (1): maayanlab.cloud:80
LINE 456 : 2023-03-31 19:52:34,687 [DEBUG   ] http://maayanlab.cloud:80 "GET /Enrichr/export?userListId=60488574&filename=KEGG_2021_Human.sonis_pathways.reports&backgroundType=KEGG_2021_Human HTTP/1.1" 308 164
LINE 1001: 2023-03-31 19:52:34,691 [DEBUG   ] Starting new HTTPS connection (1): maayanlab.cloud:443
LINE 456 : 2023-03-31 19:52:34,963 [DEBUG   ] https://maayanlab.cloud:443 "GET /Enrichr/export?userListId=60488574&filename=KEGG_2021_Human.sonis_pathways.reports&backgroundType=KEGG_2021_Human HTTP/1.1" 200 None
LINE 431 : 2023-03-31 19:52:35,041 [INFO    ] Save file of enrichment results: Job Id:c36bccfd4602eb282fd445224e1ea947
LINE 441 : 2023-03-31 19:52:35,044 [INFO    ] Done.

LINE 421 : 2023-03-31 19:52:35,045 [DEBUG   ] Start Enrichr using library: BioPlanet_2019
LINE 422 : 2023-03-31 19:52:35,045 [INFO    ] Analysis name: sonis_pathways, Enrichr Library: BioPlanet_2019
LINE 228 : 2023-03-31 19:52:35,047 [DEBUG   ] Starting new HTTP connection (1): maayanlab.cloud:80
LINE 456 : 2023-03-31 19:52:35,207 [DEBUG   ] http://maayanlab.cloud:80 "POST /Enrichr/addList HTTP/1.1" 308 164
LINE 1001: 2023-03-31 19:52:35,209 [DEBUG   ] Starting new HTTPS connection (1): maayanlab.cloud:443
LINE 456 : 2023-03-31 19:52:35,576 [DEBUG   ] https://maayanlab.cloud:443 "POST /Enrichr/addList HTTP/1.1" 200 74
LINE 228 : 2023-03-31 19:52:36,584 [DEBUG   ] Starting new HTTP connection (1): maayanlab.cloud:80
LINE 456 : 2023-03-31 19:52:36,743 [DEBUG   ] http://maayanlab.cloud:80 "GET /Enrichr/export?userListId=60488575&filename=BioPlanet_2019.sonis_pathways.reports&backgroundType=BioPlanet_2019 HTTP/1.1" 308 164
LINE 1001: 2023-03-31 19:52:36,747 [DEBUG   ] Starting new HTTPS connection (1): maayanlab.cloud:443
LINE 456 : 2023-03-31 19:52:37,037 [DEBUG   ] https://maayanlab.cloud:443 "GET /Enrichr/export?userListId=60488575&filename=BioPlanet_2019.sonis_pathways.reports&backgroundType=BioPlanet_2019 HTTP/1.1" 200 None
LINE 431 : 2023-03-31 19:52:37,337 [INFO    ] Save file of enrichment results: Job Id:b4292dba256ab0d29f2cb7662fe8447b
LINE 441 : 2023-03-31 19:52:37,348 [INFO    ] Done.

LINE 421 : 2023-03-31 19:52:37,348 [DEBUG   ] Start Enrichr using library: WikiPathways_2019_Human
LINE 422 : 2023-03-31 19:52:37,348 [INFO    ] Analysis name: sonis_pathways, Enrichr Library: WikiPathways_2019_Human
LINE 228 : 2023-03-31 19:52:37,352 [DEBUG   ] Starting new HTTP connection (1): maayanlab.cloud:80
LINE 456 : 2023-03-31 19:52:37,508 [DEBUG   ] http://maayanlab.cloud:80 "POST /Enrichr/addList HTTP/1.1" 308 164
LINE 1001: 2023-03-31 19:52:37,514 [DEBUG   ] Starting new HTTPS connection (1): maayanlab.cloud:443
LINE 456 : 2023-03-31 19:52:37,895 [DEBUG   ] https://maayanlab.cloud:443 "POST /Enrichr/addList HTTP/1.1" 200 74
LINE 228 : 2023-03-31 19:52:38,910 [DEBUG   ] Starting new HTTP connection (1): maayanlab.cloud:80
LINE 456 : 2023-03-31 19:52:39,072 [DEBUG   ] http://maayanlab.cloud:80 "GET /Enrichr/export?userListId=60488577&filename=WikiPathways_2019_Human.sonis_pathways.reports&backgroundType=WikiPathways_2019_Human HTTP/1.1" 308 164
LINE 1001: 2023-03-31 19:52:39,074 [DEBUG   ] Starting new HTTPS connection (1): maayanlab.cloud:443
LINE 456 : 2023-03-31 19:52:39,330 [DEBUG   ] https://maayanlab.cloud:443 "GET /Enrichr/export?userListId=60488577&filename=WikiPathways_2019_Human.sonis_pathways.reports&backgroundType=WikiPathways_2019_Human HTTP/1.1" 200 None
LINE 431 : 2023-03-31 19:52:39,488 [INFO    ] Save file of enrichment results: Job Id:986cccfb728139710b2a1312c77a6ad4
LINE 441 : 2023-03-31 19:52:39,494 [INFO    ] Done.

LINE 421 : 2023-03-31 19:52:39,494 [DEBUG   ] Start Enrichr using library: Human_Phenotype_Ontology
LINE 422 : 2023-03-31 19:52:39,494 [INFO    ] Analysis name: sonis_pathways, Enrichr Library: Human_Phenotype_Ontology
LINE 228 : 2023-03-31 19:52:39,495 [DEBUG   ] Starting new HTTP connection (1): maayanlab.cloud:80
LINE 456 : 2023-03-31 19:52:39,664 [DEBUG   ] http://maayanlab.cloud:80 "POST /Enrichr/addList HTTP/1.1" 308 164
LINE 1001: 2023-03-31 19:52:39,667 [DEBUG   ] Starting new HTTPS connection (1): maayanlab.cloud:443
LINE 456 : 2023-03-31 19:52:40,051 [DEBUG   ] https://maayanlab.cloud:443 "POST /Enrichr/addList HTTP/1.1" 200 74
LINE 228 : 2023-03-31 19:52:41,066 [DEBUG   ] Starting new HTTP connection (1): maayanlab.cloud:80
LINE 456 : 2023-03-31 19:52:41,220 [DEBUG   ] http://maayanlab.cloud:80 "GET /Enrichr/export?userListId=60488578&filename=Human_Phenotype_Ontology.sonis_pathways.reports&backgroundType=Human_Phenotype_Ontology HTTP/1.1" 308 164
LINE 1001: 2023-03-31 19:52:41,223 [DEBUG   ] Starting new HTTPS connection (1): maayanlab.cloud:443
LINE 456 : 2023-03-31 19:52:41,468 [DEBUG   ] https://maayanlab.cloud:443 "GET /Enrichr/export?userListId=60488578&filename=Human_Phenotype_Ontology.sonis_pathways.reports&backgroundType=Human_Phenotype_Ontology HTTP/1.1" 200 None
LINE 431 : 2023-03-31 19:52:41,627 [INFO    ] Save file of enrichment results: Job Id:3f2cd2795c14be5d8b92effa92653225
LINE 441 : 2023-03-31 19:52:41,634 [INFO    ] Done.

LINE 421 : 2023-03-31 19:52:41,634 [DEBUG   ] Start Enrichr using library: GO_Biological_Process_2021
LINE 422 : 2023-03-31 19:52:41,634 [INFO    ] Analysis name: sonis_pathways, Enrichr Library: GO_Biological_Process_2021
LINE 228 : 2023-03-31 19:52:41,637 [DEBUG   ] Starting new HTTP connection (1): maayanlab.cloud:80
LINE 456 : 2023-03-31 19:52:41,794 [DEBUG   ] http://maayanlab.cloud:80 "POST /Enrichr/addList HTTP/1.1" 308 164
LINE 1001: 2023-03-31 19:52:41,797 [DEBUG   ] Starting new HTTPS connection (1): maayanlab.cloud:443
LINE 456 : 2023-03-31 19:52:42,159 [DEBUG   ] https://maayanlab.cloud:443 "POST /Enrichr/addList HTTP/1.1" 200 74
LINE 228 : 2023-03-31 19:52:43,173 [DEBUG   ] Starting new HTTP connection (1): maayanlab.cloud:80
LINE 456 : 2023-03-31 19:52:43,331 [DEBUG   ] http://maayanlab.cloud:80 "GET /Enrichr/export?userListId=60488579&filename=GO_Biological_Process_2021.sonis_pathways.reports&backgroundType=GO_Biological_Process_2021 HTTP/1.1" 308 164
LINE 1001: 2023-03-31 19:52:43,334 [DEBUG   ] Starting new HTTPS connection (1): maayanlab.cloud:443
LINE 456 : 2023-03-31 19:52:43,611 [DEBUG   ] https://maayanlab.cloud:443 "GET /Enrichr/export?userListId=60488579&filename=GO_Biological_Process_2021.sonis_pathways.reports&backgroundType=GO_Biological_Process_2021 HTTP/1.1" 200 None
LINE 431 : 2023-03-31 19:52:43,923 [INFO    ] Save file of enrichment results: Job Id:565bde0de63aefa02cd8926d7e13af6c
LINE 441 : 2023-03-31 19:52:43,945 [INFO    ] Done.

LINE 401 : 2023-03-31 19:52:43,947 [INFO    ] Connecting to Enrichr Server to get latest library names
LINE 228 : 2023-03-31 19:52:43,949 [DEBUG   ] Starting new HTTP connection (1): maayanlab.cloud:80
LINE 456 : 2023-03-31 19:52:44,105 [DEBUG   ] http://maayanlab.cloud:80 "GET /Enrichr/datasetStatistics HTTP/1.1" 308 164
LINE 1001: 2023-03-31 19:52:44,107 [DEBUG   ] Starting new HTTPS connection (1): maayanlab.cloud:443
LINE 456 : 2023-03-31 19:52:44,360 [DEBUG   ] https://maayanlab.cloud:443 "GET /Enrichr/datasetStatistics HTTP/1.1" 200 None
LINE 421 : 2023-03-31 19:52:44,516 [DEBUG   ] Start Enrichr using library: Reactome_2022
LINE 422 : 2023-03-31 19:52:44,516 [INFO    ] Analysis name: sonis_pathways, Enrichr Library: Reactome_2022
LINE 228 : 2023-03-31 19:52:44,519 [DEBUG   ] Starting new HTTP connection (1): maayanlab.cloud:80
LINE 456 : 2023-03-31 19:52:44,691 [DEBUG   ] http://maayanlab.cloud:80 "POST /Enrichr/addList HTTP/1.1" 308 164
LINE 1001: 2023-03-31 19:52:44,694 [DEBUG   ] Starting new HTTPS connection (1): maayanlab.cloud:443
LINE 456 : 2023-03-31 19:52:45,071 [DEBUG   ] https://maayanlab.cloud:443 "POST /Enrichr/addList HTTP/1.1" 200 74
LINE 228 : 2023-03-31 19:52:46,080 [DEBUG   ] Starting new HTTP connection (1): maayanlab.cloud:80
LINE 456 : 2023-03-31 19:52:46,241 [DEBUG   ] http://maayanlab.cloud:80 "GET /Enrichr/export?userListId=60488580&filename=Reactome_2022.sonis_pathways.reports&backgroundType=Reactome_2022 HTTP/1.1" 308 164
LINE 1001: 2023-03-31 19:52:46,247 [DEBUG   ] Starting new HTTPS connection (1): maayanlab.cloud:443
LINE 456 : 2023-03-31 19:52:46,526 [DEBUG   ] https://maayanlab.cloud:443 "GET /Enrichr/export?userListId=60488580&filename=Reactome_2022.sonis_pathways.reports&backgroundType=Reactome_2022 HTTP/1.1" 200 None
LINE 431 : 2023-03-31 19:52:46,752 [INFO    ] Save file of enrichment results: Job Id:43d8a0ba45ddf29f8e431f5128af40a6
LINE 441 : 2023-03-31 19:52:46,759 [INFO    ] Done.

LINE 421 : 2023-03-31 19:52:46,759 [DEBUG   ] Start Enrichr using library: KEGG_2021_Human
LINE 422 : 2023-03-31 19:52:46,759 [INFO    ] Analysis name: sonis_pathways, Enrichr Library: KEGG_2021_Human
LINE 228 : 2023-03-31 19:52:46,762 [DEBUG   ] Starting new HTTP connection (1): maayanlab.cloud:80
LINE 456 : 2023-03-31 19:52:46,911 [DEBUG   ] http://maayanlab.cloud:80 "POST /Enrichr/addList HTTP/1.1" 308 164
LINE 1001: 2023-03-31 19:52:46,914 [DEBUG   ] Starting new HTTPS connection (1): maayanlab.cloud:443
LINE 456 : 2023-03-31 19:52:47,285 [DEBUG   ] https://maayanlab.cloud:443 "POST /Enrichr/addList HTTP/1.1" 200 74
LINE 228 : 2023-03-31 19:52:48,298 [DEBUG   ] Starting new HTTP connection (1): maayanlab.cloud:80
LINE 456 : 2023-03-31 19:52:48,458 [DEBUG   ] http://maayanlab.cloud:80 "GET /Enrichr/export?userListId=60488582&filename=KEGG_2021_Human.sonis_pathways.reports&backgroundType=KEGG_2021_Human HTTP/1.1" 308 164
LINE 1001: 2023-03-31 19:52:48,461 [DEBUG   ] Starting new HTTPS connection (1): maayanlab.cloud:443
LINE 456 : 2023-03-31 19:52:48,720 [DEBUG   ] https://maayanlab.cloud:443 "GET /Enrichr/export?userListId=60488582&filename=KEGG_2021_Human.sonis_pathways.reports&backgroundType=KEGG_2021_Human HTTP/1.1" 200 None
LINE 431 : 2023-03-31 19:52:48,786 [INFO    ] Save file of enrichment results: Job Id:0420575a5d5141ecd74161c0d5694e61
LINE 441 : 2023-03-31 19:52:48,789 [INFO    ] Done.

LINE 421 : 2023-03-31 19:52:48,790 [DEBUG   ] Start Enrichr using library: BioPlanet_2019
LINE 422 : 2023-03-31 19:52:48,790 [INFO    ] Analysis name: sonis_pathways, Enrichr Library: BioPlanet_2019
LINE 228 : 2023-03-31 19:52:48,792 [DEBUG   ] Starting new HTTP connection (1): maayanlab.cloud:80
LINE 456 : 2023-03-31 19:52:48,949 [DEBUG   ] http://maayanlab.cloud:80 "POST /Enrichr/addList HTTP/1.1" 308 164
LINE 1001: 2023-03-31 19:52:48,952 [DEBUG   ] Starting new HTTPS connection (1): maayanlab.cloud:443
LINE 456 : 2023-03-31 19:52:49,310 [DEBUG   ] https://maayanlab.cloud:443 "POST /Enrichr/addList HTTP/1.1" 200 74
LINE 228 : 2023-03-31 19:52:50,325 [DEBUG   ] Starting new HTTP connection (1): maayanlab.cloud:80
LINE 456 : 2023-03-31 19:52:50,501 [DEBUG   ] http://maayanlab.cloud:80 "GET /Enrichr/export?userListId=60488584&filename=BioPlanet_2019.sonis_pathways.reports&backgroundType=BioPlanet_2019 HTTP/1.1" 308 164
LINE 1001: 2023-03-31 19:52:50,504 [DEBUG   ] Starting new HTTPS connection (1): maayanlab.cloud:443
LINE 456 : 2023-03-31 19:52:50,768 [DEBUG   ] https://maayanlab.cloud:443 "GET /Enrichr/export?userListId=60488584&filename=BioPlanet_2019.sonis_pathways.reports&backgroundType=BioPlanet_2019 HTTP/1.1" 200 None
LINE 431 : 2023-03-31 19:52:50,898 [INFO    ] Save file of enrichment results: Job Id:2c335e03133fde1b9186cca77f015616
LINE 441 : 2023-03-31 19:52:50,904 [INFO    ] Done.

LINE 421 : 2023-03-31 19:52:50,904 [DEBUG   ] Start Enrichr using library: WikiPathways_2019_Human
LINE 422 : 2023-03-31 19:52:50,904 [INFO    ] Analysis name: sonis_pathways, Enrichr Library: WikiPathways_2019_Human
LINE 228 : 2023-03-31 19:52:50,906 [DEBUG   ] Starting new HTTP connection (1): maayanlab.cloud:80
LINE 456 : 2023-03-31 19:52:51,056 [DEBUG   ] http://maayanlab.cloud:80 "POST /Enrichr/addList HTTP/1.1" 308 164
LINE 1001: 2023-03-31 19:52:51,059 [DEBUG   ] Starting new HTTPS connection (1): maayanlab.cloud:443
LINE 456 : 2023-03-31 19:52:51,423 [DEBUG   ] https://maayanlab.cloud:443 "POST /Enrichr/addList HTTP/1.1" 200 74
LINE 228 : 2023-03-31 19:52:52,431 [DEBUG   ] Starting new HTTP connection (1): maayanlab.cloud:80
LINE 456 : 2023-03-31 19:52:52,594 [DEBUG   ] http://maayanlab.cloud:80 "GET /Enrichr/export?userListId=60488585&filename=WikiPathways_2019_Human.sonis_pathways.reports&backgroundType=WikiPathways_2019_Human HTTP/1.1" 308 164
LINE 1001: 2023-03-31 19:52:52,597 [DEBUG   ] Starting new HTTPS connection (1): maayanlab.cloud:443
LINE 456 : 2023-03-31 19:52:52,880 [DEBUG   ] https://maayanlab.cloud:443 "GET /Enrichr/export?userListId=60488585&filename=WikiPathways_2019_Human.sonis_pathways.reports&backgroundType=WikiPathways_2019_Human HTTP/1.1" 200 None
LINE 431 : 2023-03-31 19:52:52,948 [INFO    ] Save file of enrichment results: Job Id:f50bceae30c76a9c41e13bab7fb317d9
LINE 441 : 2023-03-31 19:52:52,951 [INFO    ] Done.

LINE 421 : 2023-03-31 19:52:52,951 [DEBUG   ] Start Enrichr using library: Human_Phenotype_Ontology
LINE 422 : 2023-03-31 19:52:52,951 [INFO    ] Analysis name: sonis_pathways, Enrichr Library: Human_Phenotype_Ontology
LINE 228 : 2023-03-31 19:52:52,953 [DEBUG   ] Starting new HTTP connection (1): maayanlab.cloud:80
LINE 456 : 2023-03-31 19:52:53,105 [DEBUG   ] http://maayanlab.cloud:80 "POST /Enrichr/addList HTTP/1.1" 308 164
LINE 1001: 2023-03-31 19:52:53,108 [DEBUG   ] Starting new HTTPS connection (1): maayanlab.cloud:443
LINE 456 : 2023-03-31 19:52:53,462 [DEBUG   ] https://maayanlab.cloud:443 "POST /Enrichr/addList HTTP/1.1" 200 74
LINE 228 : 2023-03-31 19:52:54,475 [DEBUG   ] Starting new HTTP connection (1): maayanlab.cloud:80
LINE 456 : 2023-03-31 19:52:54,646 [DEBUG   ] http://maayanlab.cloud:80 "GET /Enrichr/export?userListId=60488586&filename=Human_Phenotype_Ontology.sonis_pathways.reports&backgroundType=Human_Phenotype_Ontology HTTP/1.1" 308 164
LINE 1001: 2023-03-31 19:52:54,657 [DEBUG   ] Starting new HTTPS connection (1): maayanlab.cloud:443
LINE 456 : 2023-03-31 19:52:54,918 [DEBUG   ] https://maayanlab.cloud:443 "GET /Enrichr/export?userListId=60488586&filename=Human_Phenotype_Ontology.sonis_pathways.reports&backgroundType=Human_Phenotype_Ontology HTTP/1.1" 200 None
LINE 431 : 2023-03-31 19:52:55,055 [INFO    ] Save file of enrichment results: Job Id:9f125f2420f1241f20180651409fa090
LINE 441 : 2023-03-31 19:52:55,063 [INFO    ] Done.

LINE 421 : 2023-03-31 19:52:55,063 [DEBUG   ] Start Enrichr using library: GO_Biological_Process_2021
LINE 422 : 2023-03-31 19:52:55,063 [INFO    ] Analysis name: sonis_pathways, Enrichr Library: GO_Biological_Process_2021
LINE 228 : 2023-03-31 19:52:55,066 [DEBUG   ] Starting new HTTP connection (1): maayanlab.cloud:80
LINE 456 : 2023-03-31 19:52:55,226 [DEBUG   ] http://maayanlab.cloud:80 "POST /Enrichr/addList HTTP/1.1" 308 164
LINE 1001: 2023-03-31 19:52:55,229 [DEBUG   ] Starting new HTTPS connection (1): maayanlab.cloud:443
LINE 456 : 2023-03-31 19:52:55,592 [DEBUG   ] https://maayanlab.cloud:443 "POST /Enrichr/addList HTTP/1.1" 200 74
LINE 228 : 2023-03-31 19:52:56,609 [DEBUG   ] Starting new HTTP connection (1): maayanlab.cloud:80
LINE 456 : 2023-03-31 19:52:56,779 [DEBUG   ] http://maayanlab.cloud:80 "GET /Enrichr/export?userListId=60488587&filename=GO_Biological_Process_2021.sonis_pathways.reports&backgroundType=GO_Biological_Process_2021 HTTP/1.1" 308 164
LINE 1001: 2023-03-31 19:52:56,782 [DEBUG   ] Starting new HTTPS connection (1): maayanlab.cloud:443
LINE 456 : 2023-03-31 19:52:57,042 [DEBUG   ] https://maayanlab.cloud:443 "GET /Enrichr/export?userListId=60488587&filename=GO_Biological_Process_2021.sonis_pathways.reports&backgroundType=GO_Biological_Process_2021 HTTP/1.1" 200 None
LINE 431 : 2023-03-31 19:52:57,249 [INFO    ] Save file of enrichment results: Job Id:84560dfc7a7125b26886033ac1111d24
LINE 441 : 2023-03-31 19:52:57,257 [INFO    ] Done.

LINE 401 : 2023-03-31 19:52:57,259 [INFO    ] Connecting to Enrichr Server to get latest library names
LINE 228 : 2023-03-31 19:52:57,261 [DEBUG   ] Starting new HTTP connection (1): maayanlab.cloud:80
LINE 456 : 2023-03-31 19:52:57,427 [DEBUG   ] http://maayanlab.cloud:80 "GET /Enrichr/datasetStatistics HTTP/1.1" 308 164
LINE 1001: 2023-03-31 19:52:57,429 [DEBUG   ] Starting new HTTPS connection (1): maayanlab.cloud:443
LINE 456 : 2023-03-31 19:52:57,673 [DEBUG   ] https://maayanlab.cloud:443 "GET /Enrichr/datasetStatistics HTTP/1.1" 200 None
LINE 421 : 2023-03-31 19:52:57,829 [DEBUG   ] Start Enrichr using library: Reactome_2022
LINE 422 : 2023-03-31 19:52:57,829 [INFO    ] Analysis name: sonis_pathways, Enrichr Library: Reactome_2022
LINE 228 : 2023-03-31 19:52:57,831 [DEBUG   ] Starting new HTTP connection (1): maayanlab.cloud:80
LINE 456 : 2023-03-31 19:52:57,999 [DEBUG   ] http://maayanlab.cloud:80 "POST /Enrichr/addList HTTP/1.1" 308 164
LINE 1001: 2023-03-31 19:52:58,001 [DEBUG   ] Starting new HTTPS connection (1): maayanlab.cloud:443
LINE 456 : 2023-03-31 19:52:58,658 [DEBUG   ] https://maayanlab.cloud:443 "POST /Enrichr/addList HTTP/1.1" 200 74
LINE 228 : 2023-03-31 19:52:59,666 [DEBUG   ] Starting new HTTP connection (1): maayanlab.cloud:80
LINE 456 : 2023-03-31 19:52:59,829 [DEBUG   ] http://maayanlab.cloud:80 "GET /Enrichr/export?userListId=60488588&filename=Reactome_2022.sonis_pathways.reports&backgroundType=Reactome_2022 HTTP/1.1" 308 164
LINE 1001: 2023-03-31 19:52:59,832 [DEBUG   ] Starting new HTTPS connection (1): maayanlab.cloud:443
LINE 456 : 2023-03-31 19:53:00,099 [DEBUG   ] https://maayanlab.cloud:443 "GET /Enrichr/export?userListId=60488588&filename=Reactome_2022.sonis_pathways.reports&backgroundType=Reactome_2022 HTTP/1.1" 200 None
LINE 431 : 2023-03-31 19:53:00,310 [INFO    ] Save file of enrichment results: Job Id:9d175a7b64535499d77e2b8b63d12a5c
LINE 441 : 2023-03-31 19:53:00,318 [INFO    ] Done.

LINE 421 : 2023-03-31 19:53:00,319 [DEBUG   ] Start Enrichr using library: KEGG_2021_Human
LINE 422 : 2023-03-31 19:53:00,319 [INFO    ] Analysis name: sonis_pathways, Enrichr Library: KEGG_2021_Human
LINE 228 : 2023-03-31 19:53:00,321 [DEBUG   ] Starting new HTTP connection (1): maayanlab.cloud:80
LINE 456 : 2023-03-31 19:53:00,472 [DEBUG   ] http://maayanlab.cloud:80 "POST /Enrichr/addList HTTP/1.1" 308 164
LINE 1001: 2023-03-31 19:53:00,476 [DEBUG   ] Starting new HTTPS connection (1): maayanlab.cloud:443
LINE 456 : 2023-03-31 19:53:00,767 [DEBUG   ] https://maayanlab.cloud:443 "POST /Enrichr/addList HTTP/1.1" 200 74
LINE 228 : 2023-03-31 19:53:01,774 [DEBUG   ] Starting new HTTP connection (1): maayanlab.cloud:80
LINE 456 : 2023-03-31 19:53:01,951 [DEBUG   ] http://maayanlab.cloud:80 "GET /Enrichr/export?userListId=60488590&filename=KEGG_2021_Human.sonis_pathways.reports&backgroundType=KEGG_2021_Human HTTP/1.1" 308 164
LINE 1001: 2023-03-31 19:53:01,953 [DEBUG   ] Starting new HTTPS connection (1): maayanlab.cloud:443
LINE 456 : 2023-03-31 19:53:02,204 [DEBUG   ] https://maayanlab.cloud:443 "GET /Enrichr/export?userListId=60488590&filename=KEGG_2021_Human.sonis_pathways.reports&backgroundType=KEGG_2021_Human HTTP/1.1" 200 None
LINE 431 : 2023-03-31 19:53:02,287 [INFO    ] Save file of enrichment results: Job Id:d13b67688b0fe4f717d097097f7d12a4
LINE 441 : 2023-03-31 19:53:02,291 [INFO    ] Done.

LINE 421 : 2023-03-31 19:53:02,291 [DEBUG   ] Start Enrichr using library: BioPlanet_2019
LINE 422 : 2023-03-31 19:53:02,291 [INFO    ] Analysis name: sonis_pathways, Enrichr Library: BioPlanet_2019
LINE 228 : 2023-03-31 19:53:02,293 [DEBUG   ] Starting new HTTP connection (1): maayanlab.cloud:80
LINE 456 : 2023-03-31 19:53:02,447 [DEBUG   ] http://maayanlab.cloud:80 "POST /Enrichr/addList HTTP/1.1" 308 164
LINE 1001: 2023-03-31 19:53:02,449 [DEBUG   ] Starting new HTTPS connection (1): maayanlab.cloud:443
LINE 456 : 2023-03-31 19:53:02,750 [DEBUG   ] https://maayanlab.cloud:443 "POST /Enrichr/addList HTTP/1.1" 200 74
LINE 228 : 2023-03-31 19:53:03,756 [DEBUG   ] Starting new HTTP connection (1): maayanlab.cloud:80
LINE 456 : 2023-03-31 19:53:03,923 [DEBUG   ] http://maayanlab.cloud:80 "GET /Enrichr/export?userListId=60488592&filename=BioPlanet_2019.sonis_pathways.reports&backgroundType=BioPlanet_2019 HTTP/1.1" 308 164
LINE 1001: 2023-03-31 19:53:03,927 [DEBUG   ] Starting new HTTPS connection (1): maayanlab.cloud:443
LINE 456 : 2023-03-31 19:53:04,200 [DEBUG   ] https://maayanlab.cloud:443 "GET /Enrichr/export?userListId=60488592&filename=BioPlanet_2019.sonis_pathways.reports&backgroundType=BioPlanet_2019 HTTP/1.1" 200 None
LINE 431 : 2023-03-31 19:53:04,359 [INFO    ] Save file of enrichment results: Job Id:6d98fb6be1e5d4823c4c7831c5d1dd2d
LINE 441 : 2023-03-31 19:53:04,367 [INFO    ] Done.

LINE 421 : 2023-03-31 19:53:04,367 [DEBUG   ] Start Enrichr using library: WikiPathways_2019_Human
LINE 422 : 2023-03-31 19:53:04,368 [INFO    ] Analysis name: sonis_pathways, Enrichr Library: WikiPathways_2019_Human
LINE 228 : 2023-03-31 19:53:04,369 [DEBUG   ] Starting new HTTP connection (1): maayanlab.cloud:80
LINE 456 : 2023-03-31 19:53:04,532 [DEBUG   ] http://maayanlab.cloud:80 "POST /Enrichr/addList HTTP/1.1" 308 164
LINE 1001: 2023-03-31 19:53:04,534 [DEBUG   ] Starting new HTTPS connection (1): maayanlab.cloud:443
LINE 456 : 2023-03-31 19:53:04,833 [DEBUG   ] https://maayanlab.cloud:443 "POST /Enrichr/addList HTTP/1.1" 200 74
LINE 228 : 2023-03-31 19:53:05,850 [DEBUG   ] Starting new HTTP connection (1): maayanlab.cloud:80
LINE 456 : 2023-03-31 19:53:06,015 [DEBUG   ] http://maayanlab.cloud:80 "GET /Enrichr/export?userListId=60488593&filename=WikiPathways_2019_Human.sonis_pathways.reports&backgroundType=WikiPathways_2019_Human HTTP/1.1" 308 164
LINE 1001: 2023-03-31 19:53:06,018 [DEBUG   ] Starting new HTTPS connection (1): maayanlab.cloud:443
LINE 456 : 2023-03-31 19:53:06,293 [DEBUG   ] https://maayanlab.cloud:443 "GET /Enrichr/export?userListId=60488593&filename=WikiPathways_2019_Human.sonis_pathways.reports&backgroundType=WikiPathways_2019_Human HTTP/1.1" 200 None
LINE 431 : 2023-03-31 19:53:06,381 [INFO    ] Save file of enrichment results: Job Id:e8e5ea6169a793275fd0cc0692b7e458
LINE 441 : 2023-03-31 19:53:06,388 [INFO    ] Done.

LINE 421 : 2023-03-31 19:53:06,388 [DEBUG   ] Start Enrichr using library: Human_Phenotype_Ontology
LINE 422 : 2023-03-31 19:53:06,388 [INFO    ] Analysis name: sonis_pathways, Enrichr Library: Human_Phenotype_Ontology
LINE 228 : 2023-03-31 19:53:06,391 [DEBUG   ] Starting new HTTP connection (1): maayanlab.cloud:80
LINE 456 : 2023-03-31 19:53:06,561 [DEBUG   ] http://maayanlab.cloud:80 "POST /Enrichr/addList HTTP/1.1" 308 164
LINE 1001: 2023-03-31 19:53:06,564 [DEBUG   ] Starting new HTTPS connection (1): maayanlab.cloud:443
LINE 456 : 2023-03-31 19:53:06,859 [DEBUG   ] https://maayanlab.cloud:443 "POST /Enrichr/addList HTTP/1.1" 200 74
LINE 228 : 2023-03-31 19:53:07,876 [DEBUG   ] Starting new HTTP connection (1): maayanlab.cloud:80
LINE 456 : 2023-03-31 19:53:08,035 [DEBUG   ] http://maayanlab.cloud:80 "GET /Enrichr/export?userListId=60488594&filename=Human_Phenotype_Ontology.sonis_pathways.reports&backgroundType=Human_Phenotype_Ontology HTTP/1.1" 308 164
LINE 1001: 2023-03-31 19:53:08,038 [DEBUG   ] Starting new HTTPS connection (1): maayanlab.cloud:443
LINE 456 : 2023-03-31 19:53:08,303 [DEBUG   ] https://maayanlab.cloud:443 "GET /Enrichr/export?userListId=60488594&filename=Human_Phenotype_Ontology.sonis_pathways.reports&backgroundType=Human_Phenotype_Ontology HTTP/1.1" 200 None
LINE 431 : 2023-03-31 19:53:08,388 [INFO    ] Save file of enrichment results: Job Id:8a1e12108736e7e9d80b1d5b8a99e5da
LINE 441 : 2023-03-31 19:53:08,392 [INFO    ] Done.

LINE 421 : 2023-03-31 19:53:08,392 [DEBUG   ] Start Enrichr using library: GO_Biological_Process_2021
LINE 422 : 2023-03-31 19:53:08,392 [INFO    ] Analysis name: sonis_pathways, Enrichr Library: GO_Biological_Process_2021
LINE 228 : 2023-03-31 19:53:08,395 [DEBUG   ] Starting new HTTP connection (1): maayanlab.cloud:80
LINE 456 : 2023-03-31 19:53:08,552 [DEBUG   ] http://maayanlab.cloud:80 "POST /Enrichr/addList HTTP/1.1" 308 164
LINE 1001: 2023-03-31 19:53:08,555 [DEBUG   ] Starting new HTTPS connection (1): maayanlab.cloud:443
LINE 456 : 2023-03-31 19:53:08,864 [DEBUG   ] https://maayanlab.cloud:443 "POST /Enrichr/addList HTTP/1.1" 200 74
LINE 228 : 2023-03-31 19:53:09,880 [DEBUG   ] Starting new HTTP connection (1): maayanlab.cloud:80
LINE 456 : 2023-03-31 19:53:10,036 [DEBUG   ] http://maayanlab.cloud:80 "GET /Enrichr/export?userListId=60488595&filename=GO_Biological_Process_2021.sonis_pathways.reports&backgroundType=GO_Biological_Process_2021 HTTP/1.1" 308 164
LINE 1001: 2023-03-31 19:53:10,040 [DEBUG   ] Starting new HTTPS connection (1): maayanlab.cloud:443
LINE 456 : 2023-03-31 19:53:10,307 [DEBUG   ] https://maayanlab.cloud:443 "GET /Enrichr/export?userListId=60488595&filename=GO_Biological_Process_2021.sonis_pathways.reports&backgroundType=GO_Biological_Process_2021 HTTP/1.1" 200 None
LINE 431 : 2023-03-31 19:53:10,530 [INFO    ] Save file of enrichment results: Job Id:31e5a4fb371e99e0d69cabdeead431f8
LINE 441 : 2023-03-31 19:53:10,541 [INFO    ] Done.

LINE 401 : 2023-03-31 19:53:10,544 [INFO    ] Connecting to Enrichr Server to get latest library names
LINE 228 : 2023-03-31 19:53:10,546 [DEBUG   ] Starting new HTTP connection (1): maayanlab.cloud:80
LINE 456 : 2023-03-31 19:53:10,700 [DEBUG   ] http://maayanlab.cloud:80 "GET /Enrichr/datasetStatistics HTTP/1.1" 308 164
LINE 1001: 2023-03-31 19:53:10,703 [DEBUG   ] Starting new HTTPS connection (1): maayanlab.cloud:443
LINE 456 : 2023-03-31 19:53:10,959 [DEBUG   ] https://maayanlab.cloud:443 "GET /Enrichr/datasetStatistics HTTP/1.1" 200 None
LINE 421 : 2023-03-31 19:53:11,115 [DEBUG   ] Start Enrichr using library: Reactome_2022
LINE 422 : 2023-03-31 19:53:11,115 [INFO    ] Analysis name: sonis_pathways, Enrichr Library: Reactome_2022
LINE 228 : 2023-03-31 19:53:11,120 [DEBUG   ] Starting new HTTP connection (1): maayanlab.cloud:80
LINE 456 : 2023-03-31 19:53:11,292 [DEBUG   ] http://maayanlab.cloud:80 "POST /Enrichr/addList HTTP/1.1" 308 164
LINE 1001: 2023-03-31 19:53:11,295 [DEBUG   ] Starting new HTTPS connection (1): maayanlab.cloud:443
LINE 456 : 2023-03-31 19:53:11,624 [DEBUG   ] https://maayanlab.cloud:443 "POST /Enrichr/addList HTTP/1.1" 200 74
LINE 228 : 2023-03-31 19:53:12,641 [DEBUG   ] Starting new HTTP connection (1): maayanlab.cloud:80
LINE 456 : 2023-03-31 19:53:12,796 [DEBUG   ] http://maayanlab.cloud:80 "GET /Enrichr/export?userListId=60488597&filename=Reactome_2022.sonis_pathways.reports&backgroundType=Reactome_2022 HTTP/1.1" 308 164
LINE 1001: 2023-03-31 19:53:12,799 [DEBUG   ] Starting new HTTPS connection (1): maayanlab.cloud:443
LINE 456 : 2023-03-31 19:53:13,071 [DEBUG   ] https://maayanlab.cloud:443 "GET /Enrichr/export?userListId=60488597&filename=Reactome_2022.sonis_pathways.reports&backgroundType=Reactome_2022 HTTP/1.1" 200 None
LINE 431 : 2023-03-31 19:53:13,190 [INFO    ] Save file of enrichment results: Job Id:78c5a0ec20e1fdd8d9bb97d8f83d8983
LINE 441 : 2023-03-31 19:53:13,195 [INFO    ] Done.

LINE 421 : 2023-03-31 19:53:13,195 [DEBUG   ] Start Enrichr using library: KEGG_2021_Human
LINE 422 : 2023-03-31 19:53:13,195 [INFO    ] Analysis name: sonis_pathways, Enrichr Library: KEGG_2021_Human
LINE 228 : 2023-03-31 19:53:13,197 [DEBUG   ] Starting new HTTP connection (1): maayanlab.cloud:80
LINE 456 : 2023-03-31 19:53:13,358 [DEBUG   ] http://maayanlab.cloud:80 "POST /Enrichr/addList HTTP/1.1" 308 164
LINE 1001: 2023-03-31 19:53:13,360 [DEBUG   ] Starting new HTTPS connection (1): maayanlab.cloud:443
LINE 456 : 2023-03-31 19:53:13,654 [DEBUG   ] https://maayanlab.cloud:443 "POST /Enrichr/addList HTTP/1.1" 200 74
LINE 228 : 2023-03-31 19:53:14,664 [DEBUG   ] Starting new HTTP connection (1): maayanlab.cloud:80
LINE 456 : 2023-03-31 19:53:14,821 [DEBUG   ] http://maayanlab.cloud:80 "GET /Enrichr/export?userListId=60488598&filename=KEGG_2021_Human.sonis_pathways.reports&backgroundType=KEGG_2021_Human HTTP/1.1" 308 164
LINE 1001: 2023-03-31 19:53:14,823 [DEBUG   ] Starting new HTTPS connection (1): maayanlab.cloud:443
LINE 456 : 2023-03-31 19:53:15,079 [DEBUG   ] https://maayanlab.cloud:443 "GET /Enrichr/export?userListId=60488598&filename=KEGG_2021_Human.sonis_pathways.reports&backgroundType=KEGG_2021_Human HTTP/1.1" 200 None
LINE 431 : 2023-03-31 19:53:15,159 [INFO    ] Save file of enrichment results: Job Id:5d7121663a7a7aabbde1bbee0ed669cf
LINE 441 : 2023-03-31 19:53:15,163 [INFO    ] Done.

LINE 421 : 2023-03-31 19:53:15,163 [DEBUG   ] Start Enrichr using library: BioPlanet_2019
LINE 422 : 2023-03-31 19:53:15,163 [INFO    ] Analysis name: sonis_pathways, Enrichr Library: BioPlanet_2019
LINE 228 : 2023-03-31 19:53:15,166 [DEBUG   ] Starting new HTTP connection (1): maayanlab.cloud:80
LINE 456 : 2023-03-31 19:53:15,317 [DEBUG   ] http://maayanlab.cloud:80 "POST /Enrichr/addList HTTP/1.1" 308 164
LINE 1001: 2023-03-31 19:53:15,323 [DEBUG   ] Starting new HTTPS connection (1): maayanlab.cloud:443
LINE 456 : 2023-03-31 19:53:15,623 [DEBUG   ] https://maayanlab.cloud:443 "POST /Enrichr/addList HTTP/1.1" 200 74
LINE 228 : 2023-03-31 19:53:16,631 [DEBUG   ] Starting new HTTP connection (1): maayanlab.cloud:80
LINE 456 : 2023-03-31 19:53:16,832 [DEBUG   ] http://maayanlab.cloud:80 "GET /Enrichr/export?userListId=60488600&filename=BioPlanet_2019.sonis_pathways.reports&backgroundType=BioPlanet_2019 HTTP/1.1" 308 164
LINE 1001: 2023-03-31 19:53:16,834 [DEBUG   ] Starting new HTTPS connection (1): maayanlab.cloud:443
LINE 456 : 2023-03-31 19:53:17,099 [DEBUG   ] https://maayanlab.cloud:443 "GET /Enrichr/export?userListId=60488600&filename=BioPlanet_2019.sonis_pathways.reports&backgroundType=BioPlanet_2019 HTTP/1.1" 200 None
LINE 431 : 2023-03-31 19:53:17,240 [INFO    ] Save file of enrichment results: Job Id:e83a95a3e59102f4d07dd1897b575c01
LINE 441 : 2023-03-31 19:53:17,246 [INFO    ] Done.

LINE 421 : 2023-03-31 19:53:17,246 [DEBUG   ] Start Enrichr using library: WikiPathways_2019_Human
LINE 422 : 2023-03-31 19:53:17,246 [INFO    ] Analysis name: sonis_pathways, Enrichr Library: WikiPathways_2019_Human
LINE 228 : 2023-03-31 19:53:17,248 [DEBUG   ] Starting new HTTP connection (1): maayanlab.cloud:80
LINE 456 : 2023-03-31 19:53:17,411 [DEBUG   ] http://maayanlab.cloud:80 "POST /Enrichr/addList HTTP/1.1" 308 164
LINE 1001: 2023-03-31 19:53:17,414 [DEBUG   ] Starting new HTTPS connection (1): maayanlab.cloud:443
LINE 456 : 2023-03-31 19:53:17,733 [DEBUG   ] https://maayanlab.cloud:443 "POST /Enrichr/addList HTTP/1.1" 200 74
LINE 228 : 2023-03-31 19:53:18,737 [DEBUG   ] Starting new HTTP connection (1): maayanlab.cloud:80
LINE 456 : 2023-03-31 19:53:18,898 [DEBUG   ] http://maayanlab.cloud:80 "GET /Enrichr/export?userListId=60488601&filename=WikiPathways_2019_Human.sonis_pathways.reports&backgroundType=WikiPathways_2019_Human HTTP/1.1" 308 164
LINE 1001: 2023-03-31 19:53:18,902 [DEBUG   ] Starting new HTTPS connection (1): maayanlab.cloud:443
LINE 456 : 2023-03-31 19:53:19,157 [DEBUG   ] https://maayanlab.cloud:443 "GET /Enrichr/export?userListId=60488601&filename=WikiPathways_2019_Human.sonis_pathways.reports&backgroundType=WikiPathways_2019_Human HTTP/1.1" 200 None
LINE 431 : 2023-03-31 19:53:19,240 [INFO    ] Save file of enrichment results: Job Id:fc2b1d714d4cfa674b7619906b22c7ac
LINE 441 : 2023-03-31 19:53:19,244 [INFO    ] Done.

LINE 421 : 2023-03-31 19:53:19,244 [DEBUG   ] Start Enrichr using library: Human_Phenotype_Ontology
LINE 422 : 2023-03-31 19:53:19,244 [INFO    ] Analysis name: sonis_pathways, Enrichr Library: Human_Phenotype_Ontology
LINE 228 : 2023-03-31 19:53:19,246 [DEBUG   ] Starting new HTTP connection (1): maayanlab.cloud:80
LINE 456 : 2023-03-31 19:53:19,395 [DEBUG   ] http://maayanlab.cloud:80 "POST /Enrichr/addList HTTP/1.1" 308 164
LINE 1001: 2023-03-31 19:53:19,399 [DEBUG   ] Starting new HTTPS connection (1): maayanlab.cloud:443
LINE 456 : 2023-03-31 19:53:19,713 [DEBUG   ] https://maayanlab.cloud:443 "POST /Enrichr/addList HTTP/1.1" 200 74
LINE 228 : 2023-03-31 19:53:20,723 [DEBUG   ] Starting new HTTP connection (1): maayanlab.cloud:80
LINE 456 : 2023-03-31 19:53:20,885 [DEBUG   ] http://maayanlab.cloud:80 "GET /Enrichr/export?userListId=60488602&filename=Human_Phenotype_Ontology.sonis_pathways.reports&backgroundType=Human_Phenotype_Ontology HTTP/1.1" 308 164
LINE 1001: 2023-03-31 19:53:20,888 [DEBUG   ] Starting new HTTPS connection (1): maayanlab.cloud:443
LINE 456 : 2023-03-31 19:53:21,141 [DEBUG   ] https://maayanlab.cloud:443 "GET /Enrichr/export?userListId=60488602&filename=Human_Phenotype_Ontology.sonis_pathways.reports&backgroundType=Human_Phenotype_Ontology HTTP/1.1" 200 None
LINE 431 : 2023-03-31 19:53:21,222 [INFO    ] Save file of enrichment results: Job Id:e2308e802b7c5d992bceacfdc92042f8
LINE 441 : 2023-03-31 19:53:21,231 [INFO    ] Done.

LINE 421 : 2023-03-31 19:53:21,231 [DEBUG   ] Start Enrichr using library: GO_Biological_Process_2021
LINE 422 : 2023-03-31 19:53:21,231 [INFO    ] Analysis name: sonis_pathways, Enrichr Library: GO_Biological_Process_2021
LINE 228 : 2023-03-31 19:53:21,233 [DEBUG   ] Starting new HTTP connection (1): maayanlab.cloud:80
LINE 456 : 2023-03-31 19:53:21,398 [DEBUG   ] http://maayanlab.cloud:80 "POST /Enrichr/addList HTTP/1.1" 308 164
LINE 1001: 2023-03-31 19:53:21,401 [DEBUG   ] Starting new HTTPS connection (1): maayanlab.cloud:443
LINE 456 : 2023-03-31 19:53:21,715 [DEBUG   ] https://maayanlab.cloud:443 "POST /Enrichr/addList HTTP/1.1" 200 74
LINE 228 : 2023-03-31 19:53:22,727 [DEBUG   ] Starting new HTTP connection (1): maayanlab.cloud:80
LINE 456 : 2023-03-31 19:53:22,896 [DEBUG   ] http://maayanlab.cloud:80 "GET /Enrichr/export?userListId=60488603&filename=GO_Biological_Process_2021.sonis_pathways.reports&backgroundType=GO_Biological_Process_2021 HTTP/1.1" 308 164
LINE 1001: 2023-03-31 19:53:22,901 [DEBUG   ] Starting new HTTPS connection (1): maayanlab.cloud:443
LINE 456 : 2023-03-31 19:53:23,168 [DEBUG   ] https://maayanlab.cloud:443 "GET /Enrichr/export?userListId=60488603&filename=GO_Biological_Process_2021.sonis_pathways.reports&backgroundType=GO_Biological_Process_2021 HTTP/1.1" 200 None
LINE 431 : 2023-03-31 19:53:23,395 [INFO    ] Save file of enrichment results: Job Id:805936705cb013a0841fd868cf7f7591
LINE 441 : 2023-03-31 19:53:23,405 [INFO    ] Done.

LINE 401 : 2023-03-31 19:53:23,407 [INFO    ] Connecting to Enrichr Server to get latest library names
LINE 228 : 2023-03-31 19:53:23,409 [DEBUG   ] Starting new HTTP connection (1): maayanlab.cloud:80
LINE 456 : 2023-03-31 19:53:23,564 [DEBUG   ] http://maayanlab.cloud:80 "GET /Enrichr/datasetStatistics HTTP/1.1" 308 164
LINE 1001: 2023-03-31 19:53:23,566 [DEBUG   ] Starting new HTTPS connection (1): maayanlab.cloud:443
LINE 456 : 2023-03-31 19:53:23,805 [DEBUG   ] https://maayanlab.cloud:443 "GET /Enrichr/datasetStatistics HTTP/1.1" 200 None
LINE 421 : 2023-03-31 19:53:23,951 [DEBUG   ] Start Enrichr using library: Reactome_2022
LINE 422 : 2023-03-31 19:53:23,951 [INFO    ] Analysis name: sonis_pathways, Enrichr Library: Reactome_2022
LINE 228 : 2023-03-31 19:53:23,953 [DEBUG   ] Starting new HTTP connection (1): maayanlab.cloud:80
LINE 456 : 2023-03-31 19:53:24,110 [DEBUG   ] http://maayanlab.cloud:80 "POST /Enrichr/addList HTTP/1.1" 308 164
LINE 1001: 2023-03-31 19:53:24,112 [DEBUG   ] Starting new HTTPS connection (1): maayanlab.cloud:443
LINE 456 : 2023-03-31 19:53:24,475 [DEBUG   ] https://maayanlab.cloud:443 "POST /Enrichr/addList HTTP/1.1" 200 74
LINE 228 : 2023-03-31 19:53:25,482 [DEBUG   ] Starting new HTTP connection (1): maayanlab.cloud:80
LINE 456 : 2023-03-31 19:53:25,644 [DEBUG   ] http://maayanlab.cloud:80 "GET /Enrichr/export?userListId=60488604&filename=Reactome_2022.sonis_pathways.reports&backgroundType=Reactome_2022 HTTP/1.1" 308 164
LINE 1001: 2023-03-31 19:53:25,646 [DEBUG   ] Starting new HTTPS connection (1): maayanlab.cloud:443
LINE 456 : 2023-03-31 19:53:25,929 [DEBUG   ] https://maayanlab.cloud:443 "GET /Enrichr/export?userListId=60488604&filename=Reactome_2022.sonis_pathways.reports&backgroundType=Reactome_2022 HTTP/1.1" 200 None
LINE 431 : 2023-03-31 19:53:26,089 [INFO    ] Save file of enrichment results: Job Id:34eee6d854679272a73f9fc09b98948d
LINE 441 : 2023-03-31 19:53:26,097 [INFO    ] Done.

LINE 421 : 2023-03-31 19:53:26,097 [DEBUG   ] Start Enrichr using library: KEGG_2021_Human
LINE 422 : 2023-03-31 19:53:26,097 [INFO    ] Analysis name: sonis_pathways, Enrichr Library: KEGG_2021_Human
LINE 228 : 2023-03-31 19:53:26,099 [DEBUG   ] Starting new HTTP connection (1): maayanlab.cloud:80
LINE 456 : 2023-03-31 19:53:26,245 [DEBUG   ] http://maayanlab.cloud:80 "POST /Enrichr/addList HTTP/1.1" 308 164
LINE 1001: 2023-03-31 19:53:26,249 [DEBUG   ] Starting new HTTPS connection (1): maayanlab.cloud:443
LINE 456 : 2023-03-31 19:53:26,547 [DEBUG   ] https://maayanlab.cloud:443 "POST /Enrichr/addList HTTP/1.1" 200 74
LINE 228 : 2023-03-31 19:53:27,565 [DEBUG   ] Starting new HTTP connection (1): maayanlab.cloud:80
LINE 456 : 2023-03-31 19:53:27,735 [DEBUG   ] http://maayanlab.cloud:80 "GET /Enrichr/export?userListId=60488606&filename=KEGG_2021_Human.sonis_pathways.reports&backgroundType=KEGG_2021_Human HTTP/1.1" 308 164
LINE 1001: 2023-03-31 19:53:27,737 [DEBUG   ] Starting new HTTPS connection (1): maayanlab.cloud:443
LINE 456 : 2023-03-31 19:53:28,031 [DEBUG   ] https://maayanlab.cloud:443 "GET /Enrichr/export?userListId=60488606&filename=KEGG_2021_Human.sonis_pathways.reports&backgroundType=KEGG_2021_Human HTTP/1.1" 200 None
LINE 431 : 2023-03-31 19:53:28,109 [INFO    ] Save file of enrichment results: Job Id:cf7057c30412eada017de2b87fd1b4e8
LINE 441 : 2023-03-31 19:53:28,112 [INFO    ] Done.

LINE 421 : 2023-03-31 19:53:28,112 [DEBUG   ] Start Enrichr using library: BioPlanet_2019
LINE 422 : 2023-03-31 19:53:28,112 [INFO    ] Analysis name: sonis_pathways, Enrichr Library: BioPlanet_2019
LINE 228 : 2023-03-31 19:53:28,115 [DEBUG   ] Starting new HTTP connection (1): maayanlab.cloud:80
LINE 456 : 2023-03-31 19:53:28,273 [DEBUG   ] http://maayanlab.cloud:80 "POST /Enrichr/addList HTTP/1.1" 308 164
LINE 1001: 2023-03-31 19:53:28,276 [DEBUG   ] Starting new HTTPS connection (1): maayanlab.cloud:443
LINE 456 : 2023-03-31 19:53:28,573 [DEBUG   ] https://maayanlab.cloud:443 "POST /Enrichr/addList HTTP/1.1" 200 74
LINE 228 : 2023-03-31 19:53:29,589 [DEBUG   ] Starting new HTTP connection (1): maayanlab.cloud:80
LINE 456 : 2023-03-31 19:53:29,749 [DEBUG   ] http://maayanlab.cloud:80 "GET /Enrichr/export?userListId=60488608&filename=BioPlanet_2019.sonis_pathways.reports&backgroundType=BioPlanet_2019 HTTP/1.1" 308 164
LINE 1001: 2023-03-31 19:53:29,752 [DEBUG   ] Starting new HTTPS connection (1): maayanlab.cloud:443
LINE 456 : 2023-03-31 19:53:30,024 [DEBUG   ] https://maayanlab.cloud:443 "GET /Enrichr/export?userListId=60488608&filename=BioPlanet_2019.sonis_pathways.reports&backgroundType=BioPlanet_2019 HTTP/1.1" 200 None
LINE 431 : 2023-03-31 19:53:30,176 [INFO    ] Save file of enrichment results: Job Id:46038017227daab7f199e2cdd383f1b5
LINE 441 : 2023-03-31 19:53:30,182 [INFO    ] Done.

LINE 421 : 2023-03-31 19:53:30,182 [DEBUG   ] Start Enrichr using library: WikiPathways_2019_Human
LINE 422 : 2023-03-31 19:53:30,182 [INFO    ] Analysis name: sonis_pathways, Enrichr Library: WikiPathways_2019_Human
LINE 228 : 2023-03-31 19:53:30,184 [DEBUG   ] Starting new HTTP connection (1): maayanlab.cloud:80
LINE 456 : 2023-03-31 19:53:30,335 [DEBUG   ] http://maayanlab.cloud:80 "POST /Enrichr/addList HTTP/1.1" 308 164
LINE 1001: 2023-03-31 19:53:30,337 [DEBUG   ] Starting new HTTPS connection (1): maayanlab.cloud:443
LINE 456 : 2023-03-31 19:53:30,639 [DEBUG   ] https://maayanlab.cloud:443 "POST /Enrichr/addList HTTP/1.1" 200 74
LINE 228 : 2023-03-31 19:53:31,644 [DEBUG   ] Starting new HTTP connection (1): maayanlab.cloud:80
LINE 456 : 2023-03-31 19:53:31,800 [DEBUG   ] http://maayanlab.cloud:80 "GET /Enrichr/export?userListId=60488609&filename=WikiPathways_2019_Human.sonis_pathways.reports&backgroundType=WikiPathways_2019_Human HTTP/1.1" 308 164
LINE 1001: 2023-03-31 19:53:31,803 [DEBUG   ] Starting new HTTPS connection (1): maayanlab.cloud:443
LINE 456 : 2023-03-31 19:53:32,063 [DEBUG   ] https://maayanlab.cloud:443 "GET /Enrichr/export?userListId=60488609&filename=WikiPathways_2019_Human.sonis_pathways.reports&backgroundType=WikiPathways_2019_Human HTTP/1.1" 200 None
LINE 431 : 2023-03-31 19:53:32,146 [INFO    ] Save file of enrichment results: Job Id:a799c61abd24eec0a081dc75064b18a9
LINE 441 : 2023-03-31 19:53:32,152 [INFO    ] Done.

LINE 421 : 2023-03-31 19:53:32,152 [DEBUG   ] Start Enrichr using library: Human_Phenotype_Ontology
LINE 422 : 2023-03-31 19:53:32,152 [INFO    ] Analysis name: sonis_pathways, Enrichr Library: Human_Phenotype_Ontology
LINE 228 : 2023-03-31 19:53:32,154 [DEBUG   ] Starting new HTTP connection (1): maayanlab.cloud:80
LINE 456 : 2023-03-31 19:53:32,303 [DEBUG   ] http://maayanlab.cloud:80 "POST /Enrichr/addList HTTP/1.1" 308 164
LINE 1001: 2023-03-31 19:53:32,305 [DEBUG   ] Starting new HTTPS connection (1): maayanlab.cloud:443
LINE 456 : 2023-03-31 19:53:32,616 [DEBUG   ] https://maayanlab.cloud:443 "POST /Enrichr/addList HTTP/1.1" 200 74
LINE 228 : 2023-03-31 19:53:33,633 [DEBUG   ] Starting new HTTP connection (1): maayanlab.cloud:80
LINE 456 : 2023-03-31 19:53:33,789 [DEBUG   ] http://maayanlab.cloud:80 "GET /Enrichr/export?userListId=60488610&filename=Human_Phenotype_Ontology.sonis_pathways.reports&backgroundType=Human_Phenotype_Ontology HTTP/1.1" 308 164
LINE 1001: 2023-03-31 19:53:33,793 [DEBUG   ] Starting new HTTPS connection (1): maayanlab.cloud:443
LINE 456 : 2023-03-31 19:53:34,055 [DEBUG   ] https://maayanlab.cloud:443 "GET /Enrichr/export?userListId=60488610&filename=Human_Phenotype_Ontology.sonis_pathways.reports&backgroundType=Human_Phenotype_Ontology HTTP/1.1" 200 None
LINE 431 : 2023-03-31 19:53:34,136 [INFO    ] Save file of enrichment results: Job Id:3f98bfa2a822d3f47c23f3572c550815
LINE 441 : 2023-03-31 19:53:34,139 [INFO    ] Done.

LINE 421 : 2023-03-31 19:53:34,139 [DEBUG   ] Start Enrichr using library: GO_Biological_Process_2021
LINE 422 : 2023-03-31 19:53:34,140 [INFO    ] Analysis name: sonis_pathways, Enrichr Library: GO_Biological_Process_2021
LINE 228 : 2023-03-31 19:53:34,141 [DEBUG   ] Starting new HTTP connection (1): maayanlab.cloud:80
LINE 456 : 2023-03-31 19:53:34,289 [DEBUG   ] http://maayanlab.cloud:80 "POST /Enrichr/addList HTTP/1.1" 308 164
LINE 1001: 2023-03-31 19:53:34,294 [DEBUG   ] Starting new HTTPS connection (1): maayanlab.cloud:443
LINE 456 : 2023-03-31 19:53:34,604 [DEBUG   ] https://maayanlab.cloud:443 "POST /Enrichr/addList HTTP/1.1" 200 74
LINE 228 : 2023-03-31 19:53:35,617 [DEBUG   ] Starting new HTTP connection (1): maayanlab.cloud:80
LINE 456 : 2023-03-31 19:53:35,773 [DEBUG   ] http://maayanlab.cloud:80 "GET /Enrichr/export?userListId=60488611&filename=GO_Biological_Process_2021.sonis_pathways.reports&backgroundType=GO_Biological_Process_2021 HTTP/1.1" 308 164
LINE 1001: 2023-03-31 19:53:35,776 [DEBUG   ] Starting new HTTPS connection (1): maayanlab.cloud:443
LINE 456 : 2023-03-31 19:53:36,048 [DEBUG   ] https://maayanlab.cloud:443 "GET /Enrichr/export?userListId=60488611&filename=GO_Biological_Process_2021.sonis_pathways.reports&backgroundType=GO_Biological_Process_2021 HTTP/1.1" 200 None
LINE 431 : 2023-03-31 19:53:36,259 [INFO    ] Save file of enrichment results: Job Id:b51d499608eed7499c31acae6759947f
LINE 441 : 2023-03-31 19:53:36,272 [INFO    ] Done.

LINE 401 : 2023-03-31 19:53:36,275 [INFO    ] Connecting to Enrichr Server to get latest library names
LINE 228 : 2023-03-31 19:53:36,276 [DEBUG   ] Starting new HTTP connection (1): maayanlab.cloud:80
LINE 456 : 2023-03-31 19:53:36,431 [DEBUG   ] http://maayanlab.cloud:80 "GET /Enrichr/datasetStatistics HTTP/1.1" 308 164
LINE 1001: 2023-03-31 19:53:36,438 [DEBUG   ] Starting new HTTPS connection (1): maayanlab.cloud:443
LINE 456 : 2023-03-31 19:53:36,722 [DEBUG   ] https://maayanlab.cloud:443 "GET /Enrichr/datasetStatistics HTTP/1.1" 200 None
LINE 421 : 2023-03-31 19:53:36,878 [DEBUG   ] Start Enrichr using library: Reactome_2022
LINE 422 : 2023-03-31 19:53:36,878 [INFO    ] Analysis name: sonis_pathways, Enrichr Library: Reactome_2022
LINE 228 : 2023-03-31 19:53:36,879 [DEBUG   ] Starting new HTTP connection (1): maayanlab.cloud:80
LINE 456 : 2023-03-31 19:53:37,035 [DEBUG   ] http://maayanlab.cloud:80 "POST /Enrichr/addList HTTP/1.1" 308 164
LINE 1001: 2023-03-31 19:53:37,037 [DEBUG   ] Starting new HTTPS connection (1): maayanlab.cloud:443
LINE 456 : 2023-03-31 19:53:37,395 [DEBUG   ] https://maayanlab.cloud:443 "POST /Enrichr/addList HTTP/1.1" 200 74
LINE 228 : 2023-03-31 19:53:38,413 [DEBUG   ] Starting new HTTP connection (1): maayanlab.cloud:80
LINE 456 : 2023-03-31 19:53:38,583 [DEBUG   ] http://maayanlab.cloud:80 "GET /Enrichr/export?userListId=60488612&filename=Reactome_2022.sonis_pathways.reports&backgroundType=Reactome_2022 HTTP/1.1" 308 164
LINE 1001: 2023-03-31 19:53:38,586 [DEBUG   ] Starting new HTTPS connection (1): maayanlab.cloud:443
LINE 456 : 2023-03-31 19:53:38,891 [DEBUG   ] https://maayanlab.cloud:443 "GET /Enrichr/export?userListId=60488612&filename=Reactome_2022.sonis_pathways.reports&backgroundType=Reactome_2022 HTTP/1.1" 200 None
LINE 431 : 2023-03-31 19:53:39,067 [INFO    ] Save file of enrichment results: Job Id:96025efca84dfaba8831fc11c42739bb
LINE 441 : 2023-03-31 19:53:39,075 [INFO    ] Done.

LINE 421 : 2023-03-31 19:53:39,075 [DEBUG   ] Start Enrichr using library: KEGG_2021_Human
LINE 422 : 2023-03-31 19:53:39,076 [INFO    ] Analysis name: sonis_pathways, Enrichr Library: KEGG_2021_Human
LINE 228 : 2023-03-31 19:53:39,077 [DEBUG   ] Starting new HTTP connection (1): maayanlab.cloud:80
LINE 456 : 2023-03-31 19:53:39,236 [DEBUG   ] http://maayanlab.cloud:80 "POST /Enrichr/addList HTTP/1.1" 308 164
LINE 1001: 2023-03-31 19:53:39,240 [DEBUG   ] Starting new HTTPS connection (1): maayanlab.cloud:443
LINE 456 : 2023-03-31 19:53:39,588 [DEBUG   ] https://maayanlab.cloud:443 "POST /Enrichr/addList HTTP/1.1" 200 74
LINE 228 : 2023-03-31 19:53:40,593 [DEBUG   ] Starting new HTTP connection (1): maayanlab.cloud:80
LINE 456 : 2023-03-31 19:53:40,746 [DEBUG   ] http://maayanlab.cloud:80 "GET /Enrichr/export?userListId=60488614&filename=KEGG_2021_Human.sonis_pathways.reports&backgroundType=KEGG_2021_Human HTTP/1.1" 308 164
LINE 1001: 2023-03-31 19:53:40,749 [DEBUG   ] Starting new HTTPS connection (1): maayanlab.cloud:443
LINE 456 : 2023-03-31 19:53:41,015 [DEBUG   ] https://maayanlab.cloud:443 "GET /Enrichr/export?userListId=60488614&filename=KEGG_2021_Human.sonis_pathways.reports&backgroundType=KEGG_2021_Human HTTP/1.1" 200 None
LINE 431 : 2023-03-31 19:53:41,153 [INFO    ] Save file of enrichment results: Job Id:e57d046be4ffd64ecb9b19ba9f14586c
LINE 441 : 2023-03-31 19:53:41,158 [INFO    ] Done.

LINE 421 : 2023-03-31 19:53:41,158 [DEBUG   ] Start Enrichr using library: BioPlanet_2019
LINE 422 : 2023-03-31 19:53:41,158 [INFO    ] Analysis name: sonis_pathways, Enrichr Library: BioPlanet_2019
LINE 228 : 2023-03-31 19:53:41,160 [DEBUG   ] Starting new HTTP connection (1): maayanlab.cloud:80
LINE 456 : 2023-03-31 19:53:41,317 [DEBUG   ] http://maayanlab.cloud:80 "POST /Enrichr/addList HTTP/1.1" 308 164
LINE 1001: 2023-03-31 19:53:41,320 [DEBUG   ] Starting new HTTPS connection (1): maayanlab.cloud:443
LINE 456 : 2023-03-31 19:53:41,657 [DEBUG   ] https://maayanlab.cloud:443 "POST /Enrichr/addList HTTP/1.1" 200 74
LINE 228 : 2023-03-31 19:53:42,676 [DEBUG   ] Starting new HTTP connection (1): maayanlab.cloud:80
LINE 456 : 2023-03-31 19:53:42,820 [DEBUG   ] http://maayanlab.cloud:80 "GET /Enrichr/export?userListId=60488615&filename=BioPlanet_2019.sonis_pathways.reports&backgroundType=BioPlanet_2019 HTTP/1.1" 308 164
LINE 1001: 2023-03-31 19:53:42,823 [DEBUG   ] Starting new HTTPS connection (1): maayanlab.cloud:443
LINE 456 : 2023-03-31 19:53:43,080 [DEBUG   ] https://maayanlab.cloud:443 "GET /Enrichr/export?userListId=60488615&filename=BioPlanet_2019.sonis_pathways.reports&backgroundType=BioPlanet_2019 HTTP/1.1" 200 None
LINE 431 : 2023-03-31 19:53:43,310 [INFO    ] Save file of enrichment results: Job Id:24e2427dd2512073eece0bcacf8830a1
LINE 441 : 2023-03-31 19:53:43,320 [INFO    ] Done.

LINE 421 : 2023-03-31 19:53:43,320 [DEBUG   ] Start Enrichr using library: WikiPathways_2019_Human
LINE 422 : 2023-03-31 19:53:43,320 [INFO    ] Analysis name: sonis_pathways, Enrichr Library: WikiPathways_2019_Human
LINE 228 : 2023-03-31 19:53:43,321 [DEBUG   ] Starting new HTTP connection (1): maayanlab.cloud:80
LINE 456 : 2023-03-31 19:53:43,497 [DEBUG   ] http://maayanlab.cloud:80 "POST /Enrichr/addList HTTP/1.1" 308 164
LINE 1001: 2023-03-31 19:53:43,500 [DEBUG   ] Starting new HTTPS connection (1): maayanlab.cloud:443
LINE 456 : 2023-03-31 19:53:43,842 [DEBUG   ] https://maayanlab.cloud:443 "POST /Enrichr/addList HTTP/1.1" 200 74
LINE 228 : 2023-03-31 19:53:44,860 [DEBUG   ] Starting new HTTP connection (1): maayanlab.cloud:80
LINE 456 : 2023-03-31 19:53:45,037 [DEBUG   ] http://maayanlab.cloud:80 "GET /Enrichr/export?userListId=60488616&filename=WikiPathways_2019_Human.sonis_pathways.reports&backgroundType=WikiPathways_2019_Human HTTP/1.1" 308 164
LINE 1001: 2023-03-31 19:53:45,040 [DEBUG   ] Starting new HTTPS connection (1): maayanlab.cloud:443
LINE 456 : 2023-03-31 19:53:45,296 [DEBUG   ] https://maayanlab.cloud:443 "GET /Enrichr/export?userListId=60488616&filename=WikiPathways_2019_Human.sonis_pathways.reports&backgroundType=WikiPathways_2019_Human HTTP/1.1" 200 None
LINE 431 : 2023-03-31 19:53:45,433 [INFO    ] Save file of enrichment results: Job Id:ca4cafbfea74038aff2cb71a361992bf
LINE 441 : 2023-03-31 19:53:45,438 [INFO    ] Done.

LINE 421 : 2023-03-31 19:53:45,438 [DEBUG   ] Start Enrichr using library: Human_Phenotype_Ontology
LINE 422 : 2023-03-31 19:53:45,438 [INFO    ] Analysis name: sonis_pathways, Enrichr Library: Human_Phenotype_Ontology
LINE 228 : 2023-03-31 19:53:45,441 [DEBUG   ] Starting new HTTP connection (1): maayanlab.cloud:80
LINE 456 : 2023-03-31 19:53:45,599 [DEBUG   ] http://maayanlab.cloud:80 "POST /Enrichr/addList HTTP/1.1" 308 164
LINE 1001: 2023-03-31 19:53:45,604 [DEBUG   ] Starting new HTTPS connection (1): maayanlab.cloud:443
LINE 456 : 2023-03-31 19:53:45,932 [DEBUG   ] https://maayanlab.cloud:443 "POST /Enrichr/addList HTTP/1.1" 200 74
LINE 228 : 2023-03-31 19:53:46,950 [DEBUG   ] Starting new HTTP connection (1): maayanlab.cloud:80
LINE 456 : 2023-03-31 19:53:47,105 [DEBUG   ] http://maayanlab.cloud:80 "GET /Enrichr/export?userListId=60488618&filename=Human_Phenotype_Ontology.sonis_pathways.reports&backgroundType=Human_Phenotype_Ontology HTTP/1.1" 308 164
LINE 1001: 2023-03-31 19:53:47,107 [DEBUG   ] Starting new HTTPS connection (1): maayanlab.cloud:443
LINE 456 : 2023-03-31 19:53:47,377 [DEBUG   ] https://maayanlab.cloud:443 "GET /Enrichr/export?userListId=60488618&filename=Human_Phenotype_Ontology.sonis_pathways.reports&backgroundType=Human_Phenotype_Ontology HTTP/1.1" 200 None
LINE 431 : 2023-03-31 19:53:47,530 [INFO    ] Save file of enrichment results: Job Id:d33907c52e2088f141c991a4ee8e521c
LINE 441 : 2023-03-31 19:53:47,536 [INFO    ] Done.

LINE 421 : 2023-03-31 19:53:47,537 [DEBUG   ] Start Enrichr using library: GO_Biological_Process_2021
LINE 422 : 2023-03-31 19:53:47,537 [INFO    ] Analysis name: sonis_pathways, Enrichr Library: GO_Biological_Process_2021
LINE 228 : 2023-03-31 19:53:47,538 [DEBUG   ] Starting new HTTP connection (1): maayanlab.cloud:80
LINE 456 : 2023-03-31 19:53:47,691 [DEBUG   ] http://maayanlab.cloud:80 "POST /Enrichr/addList HTTP/1.1" 308 164
LINE 1001: 2023-03-31 19:53:47,694 [DEBUG   ] Starting new HTTPS connection (1): maayanlab.cloud:443
LINE 456 : 2023-03-31 19:53:48,041 [DEBUG   ] https://maayanlab.cloud:443 "POST /Enrichr/addList HTTP/1.1" 200 74
LINE 228 : 2023-03-31 19:53:49,057 [DEBUG   ] Starting new HTTP connection (1): maayanlab.cloud:80
LINE 456 : 2023-03-31 19:53:49,235 [DEBUG   ] http://maayanlab.cloud:80 "GET /Enrichr/export?userListId=60488619&filename=GO_Biological_Process_2021.sonis_pathways.reports&backgroundType=GO_Biological_Process_2021 HTTP/1.1" 308 164
LINE 1001: 2023-03-31 19:53:49,237 [DEBUG   ] Starting new HTTPS connection (1): maayanlab.cloud:443
LINE 456 : 2023-03-31 19:53:49,516 [DEBUG   ] https://maayanlab.cloud:443 "GET /Enrichr/export?userListId=60488619&filename=GO_Biological_Process_2021.sonis_pathways.reports&backgroundType=GO_Biological_Process_2021 HTTP/1.1" 200 None
LINE 431 : 2023-03-31 19:53:49,816 [INFO    ] Save file of enrichment results: Job Id:9bb3c5a1c307cd272c7287ad7c1e037d
LINE 441 : 2023-03-31 19:53:49,840 [INFO    ] Done.

LINE 401 : 2023-03-31 19:53:49,843 [INFO    ] Connecting to Enrichr Server to get latest library names
LINE 228 : 2023-03-31 19:53:49,845 [DEBUG   ] Starting new HTTP connection (1): maayanlab.cloud:80
LINE 456 : 2023-03-31 19:53:50,005 [DEBUG   ] http://maayanlab.cloud:80 "GET /Enrichr/datasetStatistics HTTP/1.1" 308 164
LINE 1001: 2023-03-31 19:53:50,010 [DEBUG   ] Starting new HTTPS connection (1): maayanlab.cloud:443
LINE 456 : 2023-03-31 19:53:50,280 [DEBUG   ] https://maayanlab.cloud:443 "GET /Enrichr/datasetStatistics HTTP/1.1" 200 None
LINE 421 : 2023-03-31 19:53:50,437 [DEBUG   ] Start Enrichr using library: Reactome_2022
LINE 422 : 2023-03-31 19:53:50,437 [INFO    ] Analysis name: sonis_pathways, Enrichr Library: Reactome_2022
LINE 228 : 2023-03-31 19:53:50,439 [DEBUG   ] Starting new HTTP connection (1): maayanlab.cloud:80
LINE 456 : 2023-03-31 19:53:50,596 [DEBUG   ] http://maayanlab.cloud:80 "POST /Enrichr/addList HTTP/1.1" 308 164
LINE 1001: 2023-03-31 19:53:50,598 [DEBUG   ] Starting new HTTPS connection (1): maayanlab.cloud:443
LINE 456 : 2023-03-31 19:53:50,905 [DEBUG   ] https://maayanlab.cloud:443 "POST /Enrichr/addList HTTP/1.1" 200 74
LINE 228 : 2023-03-31 19:53:51,912 [DEBUG   ] Starting new HTTP connection (1): maayanlab.cloud:80
LINE 456 : 2023-03-31 19:53:52,068 [DEBUG   ] http://maayanlab.cloud:80 "GET /Enrichr/export?userListId=60488621&filename=Reactome_2022.sonis_pathways.reports&backgroundType=Reactome_2022 HTTP/1.1" 308 164
LINE 1001: 2023-03-31 19:53:52,071 [DEBUG   ] Starting new HTTPS connection (1): maayanlab.cloud:443
LINE 456 : 2023-03-31 19:53:52,369 [DEBUG   ] https://maayanlab.cloud:443 "GET /Enrichr/export?userListId=60488621&filename=Reactome_2022.sonis_pathways.reports&backgroundType=Reactome_2022 HTTP/1.1" 200 None
LINE 431 : 2023-03-31 19:53:52,560 [INFO    ] Save file of enrichment results: Job Id:2a85920ee68c5224396b37087bb8425f
LINE 441 : 2023-03-31 19:53:52,571 [INFO    ] Done.

LINE 421 : 2023-03-31 19:53:52,571 [DEBUG   ] Start Enrichr using library: KEGG_2021_Human
LINE 422 : 2023-03-31 19:53:52,571 [INFO    ] Analysis name: sonis_pathways, Enrichr Library: KEGG_2021_Human
LINE 228 : 2023-03-31 19:53:52,572 [DEBUG   ] Starting new HTTP connection (1): maayanlab.cloud:80
LINE 456 : 2023-03-31 19:53:52,729 [DEBUG   ] http://maayanlab.cloud:80 "POST /Enrichr/addList HTTP/1.1" 308 164
LINE 1001: 2023-03-31 19:53:52,731 [DEBUG   ] Starting new HTTPS connection (1): maayanlab.cloud:443
LINE 456 : 2023-03-31 19:53:53,050 [DEBUG   ] https://maayanlab.cloud:443 "POST /Enrichr/addList HTTP/1.1" 200 74
LINE 228 : 2023-03-31 19:53:54,066 [DEBUG   ] Starting new HTTP connection (1): maayanlab.cloud:80
LINE 456 : 2023-03-31 19:53:54,245 [DEBUG   ] http://maayanlab.cloud:80 "GET /Enrichr/export?userListId=60488622&filename=KEGG_2021_Human.sonis_pathways.reports&backgroundType=KEGG_2021_Human HTTP/1.1" 308 164
LINE 1001: 2023-03-31 19:53:54,247 [DEBUG   ] Starting new HTTPS connection (1): maayanlab.cloud:443
LINE 456 : 2023-03-31 19:53:54,496 [DEBUG   ] https://maayanlab.cloud:443 "GET /Enrichr/export?userListId=60488622&filename=KEGG_2021_Human.sonis_pathways.reports&backgroundType=KEGG_2021_Human HTTP/1.1" 200 None
LINE 431 : 2023-03-31 19:53:54,571 [INFO    ] Save file of enrichment results: Job Id:ac1fbfc6f5e75d653bdd903ed6e7cbac
LINE 441 : 2023-03-31 19:53:54,575 [INFO    ] Done.

LINE 421 : 2023-03-31 19:53:54,575 [DEBUG   ] Start Enrichr using library: BioPlanet_2019
LINE 422 : 2023-03-31 19:53:54,575 [INFO    ] Analysis name: sonis_pathways, Enrichr Library: BioPlanet_2019
LINE 228 : 2023-03-31 19:53:54,577 [DEBUG   ] Starting new HTTP connection (1): maayanlab.cloud:80
LINE 456 : 2023-03-31 19:53:54,725 [DEBUG   ] http://maayanlab.cloud:80 "POST /Enrichr/addList HTTP/1.1" 308 164
LINE 1001: 2023-03-31 19:53:54,729 [DEBUG   ] Starting new HTTPS connection (1): maayanlab.cloud:443
LINE 456 : 2023-03-31 19:53:55,053 [DEBUG   ] https://maayanlab.cloud:443 "POST /Enrichr/addList HTTP/1.1" 200 74
LINE 228 : 2023-03-31 19:53:56,071 [DEBUG   ] Starting new HTTP connection (1): maayanlab.cloud:80
LINE 456 : 2023-03-31 19:53:56,229 [DEBUG   ] http://maayanlab.cloud:80 "GET /Enrichr/export?userListId=60488623&filename=BioPlanet_2019.sonis_pathways.reports&backgroundType=BioPlanet_2019 HTTP/1.1" 308 164
LINE 1001: 2023-03-31 19:53:56,232 [DEBUG   ] Starting new HTTPS connection (1): maayanlab.cloud:443
LINE 456 : 2023-03-31 19:53:56,495 [DEBUG   ] https://maayanlab.cloud:443 "GET /Enrichr/export?userListId=60488623&filename=BioPlanet_2019.sonis_pathways.reports&backgroundType=BioPlanet_2019 HTTP/1.1" 200 None
LINE 431 : 2023-03-31 19:53:56,706 [INFO    ] Save file of enrichment results: Job Id:d6666db3c2ed0f4780ed61dae134fcb4
LINE 441 : 2023-03-31 19:53:56,715 [INFO    ] Done.

LINE 421 : 2023-03-31 19:53:56,715 [DEBUG   ] Start Enrichr using library: WikiPathways_2019_Human
LINE 422 : 2023-03-31 19:53:56,715 [INFO    ] Analysis name: sonis_pathways, Enrichr Library: WikiPathways_2019_Human
LINE 228 : 2023-03-31 19:53:56,718 [DEBUG   ] Starting new HTTP connection (1): maayanlab.cloud:80
LINE 456 : 2023-03-31 19:53:56,872 [DEBUG   ] http://maayanlab.cloud:80 "POST /Enrichr/addList HTTP/1.1" 308 164
LINE 1001: 2023-03-31 19:53:56,875 [DEBUG   ] Starting new HTTPS connection (1): maayanlab.cloud:443
LINE 456 : 2023-03-31 19:53:57,192 [DEBUG   ] https://maayanlab.cloud:443 "POST /Enrichr/addList HTTP/1.1" 200 74
LINE 228 : 2023-03-31 19:53:58,210 [DEBUG   ] Starting new HTTP connection (1): maayanlab.cloud:80
LINE 456 : 2023-03-31 19:53:58,365 [DEBUG   ] http://maayanlab.cloud:80 "GET /Enrichr/export?userListId=60488624&filename=WikiPathways_2019_Human.sonis_pathways.reports&backgroundType=WikiPathways_2019_Human HTTP/1.1" 308 164
LINE 1001: 2023-03-31 19:53:58,368 [DEBUG   ] Starting new HTTPS connection (1): maayanlab.cloud:443
LINE 456 : 2023-03-31 19:53:58,649 [DEBUG   ] https://maayanlab.cloud:443 "GET /Enrichr/export?userListId=60488624&filename=WikiPathways_2019_Human.sonis_pathways.reports&backgroundType=WikiPathways_2019_Human HTTP/1.1" 200 None
LINE 431 : 2023-03-31 19:53:58,800 [INFO    ] Save file of enrichment results: Job Id:dfc952dcfa2fc6d7ef03d1dcee32c4cb
LINE 441 : 2023-03-31 19:53:58,807 [INFO    ] Done.

LINE 421 : 2023-03-31 19:53:58,807 [DEBUG   ] Start Enrichr using library: Human_Phenotype_Ontology
LINE 422 : 2023-03-31 19:53:58,807 [INFO    ] Analysis name: sonis_pathways, Enrichr Library: Human_Phenotype_Ontology
LINE 228 : 2023-03-31 19:53:58,810 [DEBUG   ] Starting new HTTP connection (1): maayanlab.cloud:80
LINE 456 : 2023-03-31 19:53:58,965 [DEBUG   ] http://maayanlab.cloud:80 "POST /Enrichr/addList HTTP/1.1" 308 164
LINE 1001: 2023-03-31 19:53:58,968 [DEBUG   ] Starting new HTTPS connection (1): maayanlab.cloud:443
LINE 456 : 2023-03-31 19:53:59,283 [DEBUG   ] https://maayanlab.cloud:443 "POST /Enrichr/addList HTTP/1.1" 200 74
LINE 228 : 2023-03-31 19:54:00,290 [DEBUG   ] Starting new HTTP connection (1): maayanlab.cloud:80
LINE 456 : 2023-03-31 19:54:00,446 [DEBUG   ] http://maayanlab.cloud:80 "GET /Enrichr/export?userListId=60488625&filename=Human_Phenotype_Ontology.sonis_pathways.reports&backgroundType=Human_Phenotype_Ontology HTTP/1.1" 308 164
LINE 1001: 2023-03-31 19:54:00,449 [DEBUG   ] Starting new HTTPS connection (1): maayanlab.cloud:443
LINE 456 : 2023-03-31 19:54:00,707 [DEBUG   ] https://maayanlab.cloud:443 "GET /Enrichr/export?userListId=60488625&filename=Human_Phenotype_Ontology.sonis_pathways.reports&backgroundType=Human_Phenotype_Ontology HTTP/1.1" 200 None
LINE 431 : 2023-03-31 19:54:00,872 [INFO    ] Save file of enrichment results: Job Id:283498a65040340a67a94e81e40c4d50
LINE 441 : 2023-03-31 19:54:00,880 [INFO    ] Done.

LINE 421 : 2023-03-31 19:54:00,880 [DEBUG   ] Start Enrichr using library: GO_Biological_Process_2021
LINE 422 : 2023-03-31 19:54:00,880 [INFO    ] Analysis name: sonis_pathways, Enrichr Library: GO_Biological_Process_2021
LINE 228 : 2023-03-31 19:54:00,882 [DEBUG   ] Starting new HTTP connection (1): maayanlab.cloud:80
LINE 456 : 2023-03-31 19:54:01,042 [DEBUG   ] http://maayanlab.cloud:80 "POST /Enrichr/addList HTTP/1.1" 308 164
LINE 1001: 2023-03-31 19:54:01,045 [DEBUG   ] Starting new HTTPS connection (1): maayanlab.cloud:443
LINE 456 : 2023-03-31 19:54:01,358 [DEBUG   ] https://maayanlab.cloud:443 "POST /Enrichr/addList HTTP/1.1" 200 74
LINE 228 : 2023-03-31 19:54:02,372 [DEBUG   ] Starting new HTTP connection (1): maayanlab.cloud:80
LINE 456 : 2023-03-31 19:54:02,546 [DEBUG   ] http://maayanlab.cloud:80 "GET /Enrichr/export?userListId=60488626&filename=GO_Biological_Process_2021.sonis_pathways.reports&backgroundType=GO_Biological_Process_2021 HTTP/1.1" 308 164
LINE 1001: 2023-03-31 19:54:02,550 [DEBUG   ] Starting new HTTPS connection (1): maayanlab.cloud:443
LINE 456 : 2023-03-31 19:54:02,834 [DEBUG   ] https://maayanlab.cloud:443 "GET /Enrichr/export?userListId=60488626&filename=GO_Biological_Process_2021.sonis_pathways.reports&backgroundType=GO_Biological_Process_2021 HTTP/1.1" 200 None
LINE 431 : 2023-03-31 19:54:03,306 [INFO    ] Save file of enrichment results: Job Id:d63fe24754d259c530b0c437c8cf51cf
LINE 441 : 2023-03-31 19:54:03,320 [INFO    ] Done.

LINE 401 : 2023-03-31 19:54:03,323 [INFO    ] Connecting to Enrichr Server to get latest library names
LINE 228 : 2023-03-31 19:54:03,324 [DEBUG   ] Starting new HTTP connection (1): maayanlab.cloud:80
LINE 456 : 2023-03-31 19:54:03,500 [DEBUG   ] http://maayanlab.cloud:80 "GET /Enrichr/datasetStatistics HTTP/1.1" 308 164
LINE 1001: 2023-03-31 19:54:03,502 [DEBUG   ] Starting new HTTPS connection (1): maayanlab.cloud:443
LINE 456 : 2023-03-31 19:54:03,776 [DEBUG   ] https://maayanlab.cloud:443 "GET /Enrichr/datasetStatistics HTTP/1.1" 200 None
LINE 421 : 2023-03-31 19:54:03,934 [DEBUG   ] Start Enrichr using library: Reactome_2022
LINE 422 : 2023-03-31 19:54:03,934 [INFO    ] Analysis name: sonis_pathways, Enrichr Library: Reactome_2022
LINE 228 : 2023-03-31 19:54:03,935 [DEBUG   ] Starting new HTTP connection (1): maayanlab.cloud:80
LINE 456 : 2023-03-31 19:54:04,090 [DEBUG   ] http://maayanlab.cloud:80 "POST /Enrichr/addList HTTP/1.1" 308 164
LINE 1001: 2023-03-31 19:54:04,093 [DEBUG   ] Starting new HTTPS connection (1): maayanlab.cloud:443
LINE 456 : 2023-03-31 19:54:04,514 [DEBUG   ] https://maayanlab.cloud:443 "POST /Enrichr/addList HTTP/1.1" 200 74
LINE 228 : 2023-03-31 19:54:05,529 [DEBUG   ] Starting new HTTP connection (1): maayanlab.cloud:80
LINE 456 : 2023-03-31 19:54:05,680 [DEBUG   ] http://maayanlab.cloud:80 "GET /Enrichr/export?userListId=60488629&filename=Reactome_2022.sonis_pathways.reports&backgroundType=Reactome_2022 HTTP/1.1" 308 164
LINE 1001: 2023-03-31 19:54:05,683 [DEBUG   ] Starting new HTTPS connection (1): maayanlab.cloud:443
LINE 456 : 2023-03-31 19:54:06,044 [DEBUG   ] https://maayanlab.cloud:443 "GET /Enrichr/export?userListId=60488629&filename=Reactome_2022.sonis_pathways.reports&backgroundType=Reactome_2022 HTTP/1.1" 200 None
LINE 431 : 2023-03-31 19:54:06,287 [INFO    ] Save file of enrichment results: Job Id:1ebb878889fe9d7f59fcf3a886a4f096
LINE 441 : 2023-03-31 19:54:06,301 [INFO    ] Done.

LINE 421 : 2023-03-31 19:54:06,301 [DEBUG   ] Start Enrichr using library: KEGG_2021_Human
LINE 422 : 2023-03-31 19:54:06,301 [INFO    ] Analysis name: sonis_pathways, Enrichr Library: KEGG_2021_Human
LINE 228 : 2023-03-31 19:54:06,304 [DEBUG   ] Starting new HTTP connection (1): maayanlab.cloud:80
LINE 456 : 2023-03-31 19:54:06,460 [DEBUG   ] http://maayanlab.cloud:80 "POST /Enrichr/addList HTTP/1.1" 308 164
LINE 1001: 2023-03-31 19:54:06,464 [DEBUG   ] Starting new HTTPS connection (1): maayanlab.cloud:443
LINE 456 : 2023-03-31 19:54:06,869 [DEBUG   ] https://maayanlab.cloud:443 "POST /Enrichr/addList HTTP/1.1" 200 74
LINE 228 : 2023-03-31 19:54:07,882 [DEBUG   ] Starting new HTTP connection (1): maayanlab.cloud:80
LINE 456 : 2023-03-31 19:54:08,042 [DEBUG   ] http://maayanlab.cloud:80 "GET /Enrichr/export?userListId=60488630&filename=KEGG_2021_Human.sonis_pathways.reports&backgroundType=KEGG_2021_Human HTTP/1.1" 308 164
LINE 1001: 2023-03-31 19:54:08,045 [DEBUG   ] Starting new HTTPS connection (1): maayanlab.cloud:443
LINE 456 : 2023-03-31 19:54:08,311 [DEBUG   ] https://maayanlab.cloud:443 "GET /Enrichr/export?userListId=60488630&filename=KEGG_2021_Human.sonis_pathways.reports&backgroundType=KEGG_2021_Human HTTP/1.1" 200 None
LINE 431 : 2023-03-31 19:54:08,386 [INFO    ] Save file of enrichment results: Job Id:520935832bfe2f0980945e1dba51fc98
LINE 441 : 2023-03-31 19:54:08,391 [INFO    ] Done.

LINE 421 : 2023-03-31 19:54:08,391 [DEBUG   ] Start Enrichr using library: BioPlanet_2019
LINE 422 : 2023-03-31 19:54:08,391 [INFO    ] Analysis name: sonis_pathways, Enrichr Library: BioPlanet_2019
LINE 228 : 2023-03-31 19:54:08,394 [DEBUG   ] Starting new HTTP connection (1): maayanlab.cloud:80
LINE 456 : 2023-03-31 19:54:08,569 [DEBUG   ] http://maayanlab.cloud:80 "POST /Enrichr/addList HTTP/1.1" 308 164
LINE 1001: 2023-03-31 19:54:08,572 [DEBUG   ] Starting new HTTPS connection (1): maayanlab.cloud:443
LINE 456 : 2023-03-31 19:54:08,978 [DEBUG   ] https://maayanlab.cloud:443 "POST /Enrichr/addList HTTP/1.1" 200 74
LINE 228 : 2023-03-31 19:54:09,990 [DEBUG   ] Starting new HTTP connection (1): maayanlab.cloud:80
LINE 456 : 2023-03-31 19:54:10,144 [DEBUG   ] http://maayanlab.cloud:80 "GET /Enrichr/export?userListId=60488631&filename=BioPlanet_2019.sonis_pathways.reports&backgroundType=BioPlanet_2019 HTTP/1.1" 308 164
LINE 1001: 2023-03-31 19:54:10,146 [DEBUG   ] Starting new HTTPS connection (1): maayanlab.cloud:443
LINE 456 : 2023-03-31 19:54:10,416 [DEBUG   ] https://maayanlab.cloud:443 "GET /Enrichr/export?userListId=60488631&filename=BioPlanet_2019.sonis_pathways.reports&backgroundType=BioPlanet_2019 HTTP/1.1" 200 None
LINE 431 : 2023-03-31 19:54:10,718 [INFO    ] Save file of enrichment results: Job Id:f584e192beb1dbaee08c07422c2afa45
LINE 441 : 2023-03-31 19:54:10,732 [INFO    ] Done.

LINE 421 : 2023-03-31 19:54:10,732 [DEBUG   ] Start Enrichr using library: WikiPathways_2019_Human
LINE 422 : 2023-03-31 19:54:10,732 [INFO    ] Analysis name: sonis_pathways, Enrichr Library: WikiPathways_2019_Human
LINE 228 : 2023-03-31 19:54:10,735 [DEBUG   ] Starting new HTTP connection (1): maayanlab.cloud:80
LINE 456 : 2023-03-31 19:54:10,886 [DEBUG   ] http://maayanlab.cloud:80 "POST /Enrichr/addList HTTP/1.1" 308 164
LINE 1001: 2023-03-31 19:54:10,889 [DEBUG   ] Starting new HTTPS connection (1): maayanlab.cloud:443
LINE 456 : 2023-03-31 19:54:11,302 [DEBUG   ] https://maayanlab.cloud:443 "POST /Enrichr/addList HTTP/1.1" 200 74
LINE 228 : 2023-03-31 19:54:12,306 [DEBUG   ] Starting new HTTP connection (1): maayanlab.cloud:80
LINE 456 : 2023-03-31 19:54:12,459 [DEBUG   ] http://maayanlab.cloud:80 "GET /Enrichr/export?userListId=60488632&filename=WikiPathways_2019_Human.sonis_pathways.reports&backgroundType=WikiPathways_2019_Human HTTP/1.1" 308 164
LINE 1001: 2023-03-31 19:54:12,462 [DEBUG   ] Starting new HTTPS connection (1): maayanlab.cloud:443
LINE 456 : 2023-03-31 19:54:12,730 [DEBUG   ] https://maayanlab.cloud:443 "GET /Enrichr/export?userListId=60488632&filename=WikiPathways_2019_Human.sonis_pathways.reports&backgroundType=WikiPathways_2019_Human HTTP/1.1" 200 None
LINE 431 : 2023-03-31 19:54:12,818 [INFO    ] Save file of enrichment results: Job Id:f99a8ed6f89087312fcef542ee7f2984
LINE 441 : 2023-03-31 19:54:12,824 [INFO    ] Done.

LINE 421 : 2023-03-31 19:54:12,824 [DEBUG   ] Start Enrichr using library: Human_Phenotype_Ontology
LINE 422 : 2023-03-31 19:54:12,824 [INFO    ] Analysis name: sonis_pathways, Enrichr Library: Human_Phenotype_Ontology
LINE 228 : 2023-03-31 19:54:12,826 [DEBUG   ] Starting new HTTP connection (1): maayanlab.cloud:80
LINE 456 : 2023-03-31 19:54:12,993 [DEBUG   ] http://maayanlab.cloud:80 "POST /Enrichr/addList HTTP/1.1" 308 164
LINE 1001: 2023-03-31 19:54:12,996 [DEBUG   ] Starting new HTTPS connection (1): maayanlab.cloud:443
LINE 456 : 2023-03-31 19:54:13,404 [DEBUG   ] https://maayanlab.cloud:443 "POST /Enrichr/addList HTTP/1.1" 200 74
LINE 228 : 2023-03-31 19:54:14,411 [DEBUG   ] Starting new HTTP connection (1): maayanlab.cloud:80
LINE 456 : 2023-03-31 19:54:14,580 [DEBUG   ] http://maayanlab.cloud:80 "GET /Enrichr/export?userListId=60488633&filename=Human_Phenotype_Ontology.sonis_pathways.reports&backgroundType=Human_Phenotype_Ontology HTTP/1.1" 308 164
LINE 1001: 2023-03-31 19:54:14,584 [DEBUG   ] Starting new HTTPS connection (1): maayanlab.cloud:443
LINE 456 : 2023-03-31 19:54:14,839 [DEBUG   ] https://maayanlab.cloud:443 "GET /Enrichr/export?userListId=60488633&filename=Human_Phenotype_Ontology.sonis_pathways.reports&backgroundType=Human_Phenotype_Ontology HTTP/1.1" 200 None
LINE 431 : 2023-03-31 19:54:14,973 [INFO    ] Save file of enrichment results: Job Id:5875e37c98185d25a80d71c13e6c0962
LINE 441 : 2023-03-31 19:54:14,978 [INFO    ] Done.

LINE 421 : 2023-03-31 19:54:14,978 [DEBUG   ] Start Enrichr using library: GO_Biological_Process_2021
LINE 422 : 2023-03-31 19:54:14,978 [INFO    ] Analysis name: sonis_pathways, Enrichr Library: GO_Biological_Process_2021
LINE 228 : 2023-03-31 19:54:14,980 [DEBUG   ] Starting new HTTP connection (1): maayanlab.cloud:80
LINE 456 : 2023-03-31 19:54:15,133 [DEBUG   ] http://maayanlab.cloud:80 "POST /Enrichr/addList HTTP/1.1" 308 164
LINE 1001: 2023-03-31 19:54:15,137 [DEBUG   ] Starting new HTTPS connection (1): maayanlab.cloud:443
LINE 456 : 2023-03-31 19:54:15,533 [DEBUG   ] https://maayanlab.cloud:443 "POST /Enrichr/addList HTTP/1.1" 200 74
LINE 228 : 2023-03-31 19:54:16,537 [DEBUG   ] Starting new HTTP connection (1): maayanlab.cloud:80
LINE 456 : 2023-03-31 19:54:16,701 [DEBUG   ] http://maayanlab.cloud:80 "GET /Enrichr/export?userListId=60488635&filename=GO_Biological_Process_2021.sonis_pathways.reports&backgroundType=GO_Biological_Process_2021 HTTP/1.1" 308 164
LINE 1001: 2023-03-31 19:54:16,704 [DEBUG   ] Starting new HTTPS connection (1): maayanlab.cloud:443
LINE 456 : 2023-03-31 19:54:16,974 [DEBUG   ] https://maayanlab.cloud:443 "GET /Enrichr/export?userListId=60488635&filename=GO_Biological_Process_2021.sonis_pathways.reports&backgroundType=GO_Biological_Process_2021 HTTP/1.1" 200 None
LINE 431 : 2023-03-31 19:54:17,281 [INFO    ] Save file of enrichment results: Job Id:52f9553b9b05fdb358bb323c9f771f77
LINE 441 : 2023-03-31 19:54:17,301 [INFO    ] Done.

LINE 401 : 2023-03-31 19:54:17,303 [INFO    ] Connecting to Enrichr Server to get latest library names
LINE 228 : 2023-03-31 19:54:17,304 [DEBUG   ] Starting new HTTP connection (1): maayanlab.cloud:80
LINE 456 : 2023-03-31 19:54:17,465 [DEBUG   ] http://maayanlab.cloud:80 "GET /Enrichr/datasetStatistics HTTP/1.1" 308 164
LINE 1001: 2023-03-31 19:54:17,468 [DEBUG   ] Starting new HTTPS connection (1): maayanlab.cloud:443
LINE 456 : 2023-03-31 19:54:17,719 [DEBUG   ] https://maayanlab.cloud:443 "GET /Enrichr/datasetStatistics HTTP/1.1" 200 None
LINE 421 : 2023-03-31 19:54:17,874 [DEBUG   ] Start Enrichr using library: Reactome_2022
LINE 422 : 2023-03-31 19:54:17,874 [INFO    ] Analysis name: sonis_pathways, Enrichr Library: Reactome_2022
LINE 228 : 2023-03-31 19:54:17,876 [DEBUG   ] Starting new HTTP connection (1): maayanlab.cloud:80
LINE 456 : 2023-03-31 19:54:18,032 [DEBUG   ] http://maayanlab.cloud:80 "POST /Enrichr/addList HTTP/1.1" 308 164
LINE 1001: 2023-03-31 19:54:18,035 [DEBUG   ] Starting new HTTPS connection (1): maayanlab.cloud:443
LINE 456 : 2023-03-31 19:54:18,371 [DEBUG   ] https://maayanlab.cloud:443 "POST /Enrichr/addList HTTP/1.1" 200 74
LINE 228 : 2023-03-31 19:54:19,383 [DEBUG   ] Starting new HTTP connection (1): maayanlab.cloud:80
LINE 456 : 2023-03-31 19:54:19,560 [DEBUG   ] http://maayanlab.cloud:80 "GET /Enrichr/export?userListId=60488636&filename=Reactome_2022.sonis_pathways.reports&backgroundType=Reactome_2022 HTTP/1.1" 308 164
LINE 1001: 2023-03-31 19:54:19,562 [DEBUG   ] Starting new HTTPS connection (1): maayanlab.cloud:443
LINE 456 : 2023-03-31 19:54:19,829 [DEBUG   ] https://maayanlab.cloud:443 "GET /Enrichr/export?userListId=60488636&filename=Reactome_2022.sonis_pathways.reports&backgroundType=Reactome_2022 HTTP/1.1" 200 None
LINE 431 : 2023-03-31 19:54:20,046 [INFO    ] Save file of enrichment results: Job Id:559b13a53bbf13b3873df07a2254662f
LINE 441 : 2023-03-31 19:54:20,056 [INFO    ] Done.

LINE 421 : 2023-03-31 19:54:20,056 [DEBUG   ] Start Enrichr using library: KEGG_2021_Human
LINE 422 : 2023-03-31 19:54:20,056 [INFO    ] Analysis name: sonis_pathways, Enrichr Library: KEGG_2021_Human
LINE 228 : 2023-03-31 19:54:20,058 [DEBUG   ] Starting new HTTP connection (1): maayanlab.cloud:80
LINE 456 : 2023-03-31 19:54:20,211 [DEBUG   ] http://maayanlab.cloud:80 "POST /Enrichr/addList HTTP/1.1" 308 164
LINE 1001: 2023-03-31 19:54:20,215 [DEBUG   ] Starting new HTTPS connection (1): maayanlab.cloud:443
LINE 456 : 2023-03-31 19:54:20,505 [DEBUG   ] https://maayanlab.cloud:443 "POST /Enrichr/addList HTTP/1.1" 200 74
LINE 228 : 2023-03-31 19:54:21,522 [DEBUG   ] Starting new HTTP connection (1): maayanlab.cloud:80
LINE 456 : 2023-03-31 19:54:21,674 [DEBUG   ] http://maayanlab.cloud:80 "GET /Enrichr/export?userListId=60488638&filename=KEGG_2021_Human.sonis_pathways.reports&backgroundType=KEGG_2021_Human HTTP/1.1" 308 164
LINE 1001: 2023-03-31 19:54:21,677 [DEBUG   ] Starting new HTTPS connection (1): maayanlab.cloud:443
LINE 456 : 2023-03-31 19:54:21,936 [DEBUG   ] https://maayanlab.cloud:443 "GET /Enrichr/export?userListId=60488638&filename=KEGG_2021_Human.sonis_pathways.reports&backgroundType=KEGG_2021_Human HTTP/1.1" 200 None
LINE 431 : 2023-03-31 19:54:22,023 [INFO    ] Save file of enrichment results: Job Id:a9666888d4fae45781577061148846a7
LINE 441 : 2023-03-31 19:54:22,026 [INFO    ] Done.

LINE 421 : 2023-03-31 19:54:22,026 [DEBUG   ] Start Enrichr using library: BioPlanet_2019
LINE 422 : 2023-03-31 19:54:22,026 [INFO    ] Analysis name: sonis_pathways, Enrichr Library: BioPlanet_2019
LINE 228 : 2023-03-31 19:54:22,028 [DEBUG   ] Starting new HTTP connection (1): maayanlab.cloud:80
LINE 456 : 2023-03-31 19:54:22,187 [DEBUG   ] http://maayanlab.cloud:80 "POST /Enrichr/addList HTTP/1.1" 308 164
LINE 1001: 2023-03-31 19:54:22,190 [DEBUG   ] Starting new HTTPS connection (1): maayanlab.cloud:443
LINE 456 : 2023-03-31 19:54:22,485 [DEBUG   ] https://maayanlab.cloud:443 "POST /Enrichr/addList HTTP/1.1" 200 74
LINE 228 : 2023-03-31 19:54:23,491 [DEBUG   ] Starting new HTTP connection (1): maayanlab.cloud:80
LINE 456 : 2023-03-31 19:54:23,642 [DEBUG   ] http://maayanlab.cloud:80 "GET /Enrichr/export?userListId=60488639&filename=BioPlanet_2019.sonis_pathways.reports&backgroundType=BioPlanet_2019 HTTP/1.1" 308 164
LINE 1001: 2023-03-31 19:54:23,645 [DEBUG   ] Starting new HTTPS connection (1): maayanlab.cloud:443
LINE 456 : 2023-03-31 19:54:23,910 [DEBUG   ] https://maayanlab.cloud:443 "GET /Enrichr/export?userListId=60488639&filename=BioPlanet_2019.sonis_pathways.reports&backgroundType=BioPlanet_2019 HTTP/1.1" 200 None
LINE 431 : 2023-03-31 19:54:24,053 [INFO    ] Save file of enrichment results: Job Id:f56a82be02aeed19df03eaf9c0b88ee4
LINE 441 : 2023-03-31 19:54:24,059 [INFO    ] Done.

LINE 421 : 2023-03-31 19:54:24,059 [DEBUG   ] Start Enrichr using library: WikiPathways_2019_Human
LINE 422 : 2023-03-31 19:54:24,059 [INFO    ] Analysis name: sonis_pathways, Enrichr Library: WikiPathways_2019_Human
LINE 228 : 2023-03-31 19:54:24,061 [DEBUG   ] Starting new HTTP connection (1): maayanlab.cloud:80
LINE 456 : 2023-03-31 19:54:24,215 [DEBUG   ] http://maayanlab.cloud:80 "POST /Enrichr/addList HTTP/1.1" 308 164
LINE 1001: 2023-03-31 19:54:24,218 [DEBUG   ] Starting new HTTPS connection (1): maayanlab.cloud:443
LINE 456 : 2023-03-31 19:54:24,516 [DEBUG   ] https://maayanlab.cloud:443 "POST /Enrichr/addList HTTP/1.1" 200 74
LINE 228 : 2023-03-31 19:54:25,535 [DEBUG   ] Starting new HTTP connection (1): maayanlab.cloud:80
LINE 456 : 2023-03-31 19:54:25,709 [DEBUG   ] http://maayanlab.cloud:80 "GET /Enrichr/export?userListId=60488640&filename=WikiPathways_2019_Human.sonis_pathways.reports&backgroundType=WikiPathways_2019_Human HTTP/1.1" 308 164
LINE 1001: 2023-03-31 19:54:25,712 [DEBUG   ] Starting new HTTPS connection (1): maayanlab.cloud:443
LINE 456 : 2023-03-31 19:54:25,988 [DEBUG   ] https://maayanlab.cloud:443 "GET /Enrichr/export?userListId=60488640&filename=WikiPathways_2019_Human.sonis_pathways.reports&backgroundType=WikiPathways_2019_Human HTTP/1.1" 200 None
LINE 431 : 2023-03-31 19:54:26,066 [INFO    ] Save file of enrichment results: Job Id:86eb2e783df5a0813fe35d42de447a37
LINE 441 : 2023-03-31 19:54:26,070 [INFO    ] Done.

LINE 421 : 2023-03-31 19:54:26,070 [DEBUG   ] Start Enrichr using library: Human_Phenotype_Ontology
LINE 422 : 2023-03-31 19:54:26,070 [INFO    ] Analysis name: sonis_pathways, Enrichr Library: Human_Phenotype_Ontology
LINE 228 : 2023-03-31 19:54:26,073 [DEBUG   ] Starting new HTTP connection (1): maayanlab.cloud:80
LINE 456 : 2023-03-31 19:54:26,240 [DEBUG   ] http://maayanlab.cloud:80 "POST /Enrichr/addList HTTP/1.1" 308 164
LINE 1001: 2023-03-31 19:54:26,243 [DEBUG   ] Starting new HTTPS connection (1): maayanlab.cloud:443
LINE 456 : 2023-03-31 19:54:26,532 [DEBUG   ] https://maayanlab.cloud:443 "POST /Enrichr/addList HTTP/1.1" 200 74
LINE 228 : 2023-03-31 19:54:27,549 [DEBUG   ] Starting new HTTP connection (1): maayanlab.cloud:80
LINE 456 : 2023-03-31 19:54:27,709 [DEBUG   ] http://maayanlab.cloud:80 "GET /Enrichr/export?userListId=60488642&filename=Human_Phenotype_Ontology.sonis_pathways.reports&backgroundType=Human_Phenotype_Ontology HTTP/1.1" 308 164
LINE 1001: 2023-03-31 19:54:27,713 [DEBUG   ] Starting new HTTPS connection (1): maayanlab.cloud:443
LINE 456 : 2023-03-31 19:54:27,971 [DEBUG   ] https://maayanlab.cloud:443 "GET /Enrichr/export?userListId=60488642&filename=Human_Phenotype_Ontology.sonis_pathways.reports&backgroundType=Human_Phenotype_Ontology HTTP/1.1" 200 None
LINE 431 : 2023-03-31 19:54:28,060 [INFO    ] Save file of enrichment results: Job Id:d87c4ea6c4d168a24a83d04d9780d870
LINE 441 : 2023-03-31 19:54:28,064 [INFO    ] Done.

LINE 421 : 2023-03-31 19:54:28,064 [DEBUG   ] Start Enrichr using library: GO_Biological_Process_2021
LINE 422 : 2023-03-31 19:54:28,064 [INFO    ] Analysis name: sonis_pathways, Enrichr Library: GO_Biological_Process_2021
LINE 228 : 2023-03-31 19:54:28,067 [DEBUG   ] Starting new HTTP connection (1): maayanlab.cloud:80
LINE 456 : 2023-03-31 19:54:28,219 [DEBUG   ] http://maayanlab.cloud:80 "POST /Enrichr/addList HTTP/1.1" 308 164
LINE 1001: 2023-03-31 19:54:28,224 [DEBUG   ] Starting new HTTPS connection (1): maayanlab.cloud:443
LINE 456 : 2023-03-31 19:54:28,527 [DEBUG   ] https://maayanlab.cloud:443 "POST /Enrichr/addList HTTP/1.1" 200 74
LINE 228 : 2023-03-31 19:54:29,534 [DEBUG   ] Starting new HTTP connection (1): maayanlab.cloud:80
LINE 456 : 2023-03-31 19:54:29,698 [DEBUG   ] http://maayanlab.cloud:80 "GET /Enrichr/export?userListId=60488644&filename=GO_Biological_Process_2021.sonis_pathways.reports&backgroundType=GO_Biological_Process_2021 HTTP/1.1" 308 164
LINE 1001: 2023-03-31 19:54:29,701 [DEBUG   ] Starting new HTTPS connection (1): maayanlab.cloud:443
LINE 456 : 2023-03-31 19:54:29,963 [DEBUG   ] https://maayanlab.cloud:443 "GET /Enrichr/export?userListId=60488644&filename=GO_Biological_Process_2021.sonis_pathways.reports&backgroundType=GO_Biological_Process_2021 HTTP/1.1" 200 None
LINE 431 : 2023-03-31 19:54:30,120 [INFO    ] Save file of enrichment results: Job Id:02e577f8378dbec438ffcf0d507ad68b
LINE 441 : 2023-03-31 19:54:30,128 [INFO    ] Done.

LINE 401 : 2023-03-31 19:54:30,130 [INFO    ] Connecting to Enrichr Server to get latest library names
LINE 228 : 2023-03-31 19:54:30,131 [DEBUG   ] Starting new HTTP connection (1): maayanlab.cloud:80
LINE 456 : 2023-03-31 19:54:30,293 [DEBUG   ] http://maayanlab.cloud:80 "GET /Enrichr/datasetStatistics HTTP/1.1" 308 164
LINE 1001: 2023-03-31 19:54:30,295 [DEBUG   ] Starting new HTTPS connection (1): maayanlab.cloud:443
LINE 456 : 2023-03-31 19:54:30,559 [DEBUG   ] https://maayanlab.cloud:443 "GET /Enrichr/datasetStatistics HTTP/1.1" 200 None
LINE 421 : 2023-03-31 19:54:30,707 [DEBUG   ] Start Enrichr using library: Reactome_2022
LINE 422 : 2023-03-31 19:54:30,709 [INFO    ] Analysis name: sonis_pathways, Enrichr Library: Reactome_2022
LINE 228 : 2023-03-31 19:54:30,710 [DEBUG   ] Starting new HTTP connection (1): maayanlab.cloud:80
LINE 456 : 2023-03-31 19:54:30,873 [DEBUG   ] http://maayanlab.cloud:80 "POST /Enrichr/addList HTTP/1.1" 308 164
LINE 1001: 2023-03-31 19:54:30,876 [DEBUG   ] Starting new HTTPS connection (1): maayanlab.cloud:443
LINE 456 : 2023-03-31 19:54:31,207 [DEBUG   ] https://maayanlab.cloud:443 "POST /Enrichr/addList HTTP/1.1" 200 74
LINE 228 : 2023-03-31 19:54:32,218 [DEBUG   ] Starting new HTTP connection (1): maayanlab.cloud:80
LINE 456 : 2023-03-31 19:54:32,376 [DEBUG   ] http://maayanlab.cloud:80 "GET /Enrichr/export?userListId=60488646&filename=Reactome_2022.sonis_pathways.reports&backgroundType=Reactome_2022 HTTP/1.1" 308 164
LINE 1001: 2023-03-31 19:54:32,379 [DEBUG   ] Starting new HTTPS connection (1): maayanlab.cloud:443
LINE 456 : 2023-03-31 19:54:32,703 [DEBUG   ] https://maayanlab.cloud:443 "GET /Enrichr/export?userListId=60488646&filename=Reactome_2022.sonis_pathways.reports&backgroundType=Reactome_2022 HTTP/1.1" 200 None
LINE 431 : 2023-03-31 19:54:32,799 [INFO    ] Save file of enrichment results: Job Id:7917ed97038c3d01ed229144bfe2b70d
LINE 441 : 2023-03-31 19:54:32,803 [INFO    ] Done.

LINE 421 : 2023-03-31 19:54:32,803 [DEBUG   ] Start Enrichr using library: KEGG_2021_Human
LINE 422 : 2023-03-31 19:54:32,803 [INFO    ] Analysis name: sonis_pathways, Enrichr Library: KEGG_2021_Human
LINE 228 : 2023-03-31 19:54:32,806 [DEBUG   ] Starting new HTTP connection (1): maayanlab.cloud:80
LINE 456 : 2023-03-31 19:54:32,961 [DEBUG   ] http://maayanlab.cloud:80 "POST /Enrichr/addList HTTP/1.1" 308 164
LINE 1001: 2023-03-31 19:54:32,965 [DEBUG   ] Starting new HTTPS connection (1): maayanlab.cloud:443
LINE 456 : 2023-03-31 19:54:33,287 [DEBUG   ] https://maayanlab.cloud:443 "POST /Enrichr/addList HTTP/1.1" 200 74
LINE 228 : 2023-03-31 19:54:34,299 [DEBUG   ] Starting new HTTP connection (1): maayanlab.cloud:80
LINE 456 : 2023-03-31 19:54:34,464 [DEBUG   ] http://maayanlab.cloud:80 "GET /Enrichr/export?userListId=60488647&filename=KEGG_2021_Human.sonis_pathways.reports&backgroundType=KEGG_2021_Human HTTP/1.1" 308 164
LINE 1001: 2023-03-31 19:54:34,467 [DEBUG   ] Starting new HTTPS connection (1): maayanlab.cloud:443
LINE 456 : 2023-03-31 19:54:34,736 [DEBUG   ] https://maayanlab.cloud:443 "GET /Enrichr/export?userListId=60488647&filename=KEGG_2021_Human.sonis_pathways.reports&backgroundType=KEGG_2021_Human HTTP/1.1" 200 None
LINE 431 : 2023-03-31 19:54:34,807 [INFO    ] Save file of enrichment results: Job Id:89d912b6de5b1f3b930457ca43904de1
LINE 441 : 2023-03-31 19:54:34,810 [INFO    ] Done.

LINE 421 : 2023-03-31 19:54:34,810 [DEBUG   ] Start Enrichr using library: BioPlanet_2019
LINE 422 : 2023-03-31 19:54:34,810 [INFO    ] Analysis name: sonis_pathways, Enrichr Library: BioPlanet_2019
LINE 228 : 2023-03-31 19:54:34,811 [DEBUG   ] Starting new HTTP connection (1): maayanlab.cloud:80
LINE 456 : 2023-03-31 19:54:34,974 [DEBUG   ] http://maayanlab.cloud:80 "POST /Enrichr/addList HTTP/1.1" 308 164
LINE 1001: 2023-03-31 19:54:34,978 [DEBUG   ] Starting new HTTPS connection (1): maayanlab.cloud:443
LINE 456 : 2023-03-31 19:54:35,315 [DEBUG   ] https://maayanlab.cloud:443 "POST /Enrichr/addList HTTP/1.1" 200 74
LINE 228 : 2023-03-31 19:54:36,329 [DEBUG   ] Starting new HTTP connection (1): maayanlab.cloud:80
LINE 456 : 2023-03-31 19:54:36,498 [DEBUG   ] http://maayanlab.cloud:80 "GET /Enrichr/export?userListId=60488648&filename=BioPlanet_2019.sonis_pathways.reports&backgroundType=BioPlanet_2019 HTTP/1.1" 308 164
LINE 1001: 2023-03-31 19:54:36,500 [DEBUG   ] Starting new HTTPS connection (1): maayanlab.cloud:443
LINE 456 : 2023-03-31 19:54:36,758 [DEBUG   ] https://maayanlab.cloud:443 "GET /Enrichr/export?userListId=60488648&filename=BioPlanet_2019.sonis_pathways.reports&backgroundType=BioPlanet_2019 HTTP/1.1" 200 None
LINE 431 : 2023-03-31 19:54:36,833 [INFO    ] Save file of enrichment results: Job Id:90a43b8e67934d873ee1b37b10cdce2d
LINE 441 : 2023-03-31 19:54:36,838 [INFO    ] Done.

LINE 421 : 2023-03-31 19:54:36,838 [DEBUG   ] Start Enrichr using library: WikiPathways_2019_Human
LINE 422 : 2023-03-31 19:54:36,838 [INFO    ] Analysis name: sonis_pathways, Enrichr Library: WikiPathways_2019_Human
LINE 228 : 2023-03-31 19:54:36,841 [DEBUG   ] Starting new HTTP connection (1): maayanlab.cloud:80
LINE 456 : 2023-03-31 19:54:36,992 [DEBUG   ] http://maayanlab.cloud:80 "POST /Enrichr/addList HTTP/1.1" 308 164
LINE 1001: 2023-03-31 19:54:36,994 [DEBUG   ] Starting new HTTPS connection (1): maayanlab.cloud:443
LINE 456 : 2023-03-31 19:54:37,317 [DEBUG   ] https://maayanlab.cloud:443 "POST /Enrichr/addList HTTP/1.1" 200 74
LINE 228 : 2023-03-31 19:54:38,329 [DEBUG   ] Starting new HTTP connection (1): maayanlab.cloud:80
LINE 456 : 2023-03-31 19:54:38,491 [DEBUG   ] http://maayanlab.cloud:80 "GET /Enrichr/export?userListId=60488650&filename=WikiPathways_2019_Human.sonis_pathways.reports&backgroundType=WikiPathways_2019_Human HTTP/1.1" 308 164
LINE 1001: 2023-03-31 19:54:38,496 [DEBUG   ] Starting new HTTPS connection (1): maayanlab.cloud:443
LINE 456 : 2023-03-31 19:54:38,763 [DEBUG   ] https://maayanlab.cloud:443 "GET /Enrichr/export?userListId=60488650&filename=WikiPathways_2019_Human.sonis_pathways.reports&backgroundType=WikiPathways_2019_Human HTTP/1.1" 200 None
LINE 431 : 2023-03-31 19:54:38,835 [INFO    ] Save file of enrichment results: Job Id:3e7be942b307be3ace9c27b26ba74ac2
LINE 441 : 2023-03-31 19:54:38,839 [INFO    ] Done.

LINE 421 : 2023-03-31 19:54:38,839 [DEBUG   ] Start Enrichr using library: Human_Phenotype_Ontology
LINE 422 : 2023-03-31 19:54:38,839 [INFO    ] Analysis name: sonis_pathways, Enrichr Library: Human_Phenotype_Ontology
LINE 228 : 2023-03-31 19:54:38,841 [DEBUG   ] Starting new HTTP connection (1): maayanlab.cloud:80
LINE 456 : 2023-03-31 19:54:38,992 [DEBUG   ] http://maayanlab.cloud:80 "POST /Enrichr/addList HTTP/1.1" 308 164
LINE 1001: 2023-03-31 19:54:38,995 [DEBUG   ] Starting new HTTPS connection (1): maayanlab.cloud:443
LINE 456 : 2023-03-31 19:54:39,317 [DEBUG   ] https://maayanlab.cloud:443 "POST /Enrichr/addList HTTP/1.1" 200 74
LINE 228 : 2023-03-31 19:54:40,330 [DEBUG   ] Starting new HTTP connection (1): maayanlab.cloud:80
LINE 456 : 2023-03-31 19:54:40,484 [DEBUG   ] http://maayanlab.cloud:80 "GET /Enrichr/export?userListId=60488651&filename=Human_Phenotype_Ontology.sonis_pathways.reports&backgroundType=Human_Phenotype_Ontology HTTP/1.1" 308 164
LINE 1001: 2023-03-31 19:54:40,489 [DEBUG   ] Starting new HTTPS connection (1): maayanlab.cloud:443
LINE 456 : 2023-03-31 19:54:40,761 [DEBUG   ] https://maayanlab.cloud:443 "GET /Enrichr/export?userListId=60488651&filename=Human_Phenotype_Ontology.sonis_pathways.reports&backgroundType=Human_Phenotype_Ontology HTTP/1.1" 200 None
LINE 431 : 2023-03-31 19:54:40,843 [INFO    ] Save file of enrichment results: Job Id:e123072965f113ea9ca5c407957e003a
LINE 441 : 2023-03-31 19:54:40,848 [INFO    ] Done.

LINE 421 : 2023-03-31 19:54:40,848 [DEBUG   ] Start Enrichr using library: GO_Biological_Process_2021
LINE 422 : 2023-03-31 19:54:40,848 [INFO    ] Analysis name: sonis_pathways, Enrichr Library: GO_Biological_Process_2021
LINE 228 : 2023-03-31 19:54:40,851 [DEBUG   ] Starting new HTTP connection (1): maayanlab.cloud:80
LINE 456 : 2023-03-31 19:54:41,011 [DEBUG   ] http://maayanlab.cloud:80 "POST /Enrichr/addList HTTP/1.1" 308 164
LINE 1001: 2023-03-31 19:54:41,013 [DEBUG   ] Starting new HTTPS connection (1): maayanlab.cloud:443
LINE 456 : 2023-03-31 19:54:41,348 [DEBUG   ] https://maayanlab.cloud:443 "POST /Enrichr/addList HTTP/1.1" 200 74
LINE 228 : 2023-03-31 19:54:42,361 [DEBUG   ] Starting new HTTP connection (1): maayanlab.cloud:80
LINE 456 : 2023-03-31 19:54:42,533 [DEBUG   ] http://maayanlab.cloud:80 "GET /Enrichr/export?userListId=60488653&filename=GO_Biological_Process_2021.sonis_pathways.reports&backgroundType=GO_Biological_Process_2021 HTTP/1.1" 308 164
LINE 1001: 2023-03-31 19:54:42,536 [DEBUG   ] Starting new HTTPS connection (1): maayanlab.cloud:443
LINE 456 : 2023-03-31 19:54:42,800 [DEBUG   ] https://maayanlab.cloud:443 "GET /Enrichr/export?userListId=60488653&filename=GO_Biological_Process_2021.sonis_pathways.reports&backgroundType=GO_Biological_Process_2021 HTTP/1.1" 200 None
LINE 431 : 2023-03-31 19:54:43,111 [INFO    ] Save file of enrichment results: Job Id:9b8eaec26a77c59b6e6bc518d5193167
LINE 441 : 2023-03-31 19:54:43,122 [INFO    ] Done.

LINE 152 : 2023-03-31 20:00:25,980 [DEBUG   ] pickle loaded: C:\Users\sz_xy\anaconda3\envs\mtx_project\lib\site-packages\pandas\core\frame.py
LINE 152 : 2023-03-31 20:00:26,240 [DEBUG   ] pickle loaded: C:\Users\sz_xy\anaconda3\envs\mtx_project\lib\site-packages\jedi\third_party\typeshed\stdlib\3\builtins.pyi
LINE 152 : 2023-03-31 20:00:26,246 [DEBUG   ] pickle loaded: C:\Users\sz_xy\anaconda3\envs\mtx_project\lib\site-packages\pandas\__init__.py
LINE 152 : 2023-03-31 20:00:26,250 [DEBUG   ] pickle loaded: C:\Users\sz_xy\anaconda3\envs\mtx_project\lib\site-packages\pandas\core\__init__.py
LINE 152 : 2023-03-31 20:00:26,308 [DEBUG   ] pickle loaded: C:\Users\sz_xy\anaconda3\envs\mtx_project\lib\site-packages\pandas\core\generic.py
LINE 152 : 2023-03-31 20:00:26,351 [DEBUG   ] pickle loaded: C:\Users\sz_xy\anaconda3\envs\mtx_project\lib\site-packages\pandas\core\base.py
LINE 152 : 2023-03-31 20:00:26,364 [DEBUG   ] pickle loaded: C:\Users\sz_xy\anaconda3\envs\mtx_project\lib\site-packages\pandas\core\accessor.py
LINE 152 : 2023-03-31 20:00:26,472 [DEBUG   ] pickle loaded: C:\Users\sz_xy\anaconda3\envs\mtx_project\lib\site-packages\pandas\core\indexing.py
LINE 152 : 2023-03-31 20:00:26,503 [DEBUG   ] pickle loaded: C:\Users\sz_xy\anaconda3\envs\mtx_project\lib\site-packages\pandas\core\arraylike.py
LINE 152 : 2023-03-31 20:00:26,576 [DEBUG   ] pickle loaded: C:\Users\sz_xy\anaconda3\envs\mtx_project\lib\typing.py
LINE 152 : 2023-03-31 20:00:26,591 [DEBUG   ] pickle loaded: C:\Users\sz_xy\anaconda3\envs\mtx_project\lib\site-packages\jedi\third_party\typeshed\stdlib\3\typing.pyi
LINE 401 : 2023-03-31 20:12:37,604 [INFO    ] Connecting to Enrichr Server to get latest library names
LINE 228 : 2023-03-31 20:12:37,606 [DEBUG   ] Starting new HTTP connection (1): maayanlab.cloud:80
LINE 456 : 2023-03-31 20:12:37,794 [DEBUG   ] http://maayanlab.cloud:80 "GET /Enrichr/datasetStatistics HTTP/1.1" 308 164
LINE 1001: 2023-03-31 20:12:37,796 [DEBUG   ] Starting new HTTPS connection (1): maayanlab.cloud:443
LINE 456 : 2023-03-31 20:12:38,047 [DEBUG   ] https://maayanlab.cloud:443 "GET /Enrichr/datasetStatistics HTTP/1.1" 200 None
LINE 421 : 2023-03-31 20:12:38,199 [DEBUG   ] Start Enrichr using library: Reactome_2022
LINE 422 : 2023-03-31 20:12:38,199 [INFO    ] Analysis name: sonis_pathways, Enrichr Library: Reactome_2022
LINE 228 : 2023-03-31 20:12:38,201 [DEBUG   ] Starting new HTTP connection (1): maayanlab.cloud:80
LINE 456 : 2023-03-31 20:12:38,368 [DEBUG   ] http://maayanlab.cloud:80 "POST /Enrichr/addList HTTP/1.1" 308 164
LINE 1001: 2023-03-31 20:12:38,370 [DEBUG   ] Starting new HTTPS connection (1): maayanlab.cloud:443
LINE 456 : 2023-03-31 20:12:38,643 [DEBUG   ] https://maayanlab.cloud:443 "POST /Enrichr/addList HTTP/1.1" 200 74
LINE 228 : 2023-03-31 20:12:39,652 [DEBUG   ] Starting new HTTP connection (1): maayanlab.cloud:80
LINE 456 : 2023-03-31 20:12:39,808 [DEBUG   ] http://maayanlab.cloud:80 "GET /Enrichr/export?userListId=60488788&filename=Reactome_2022.sonis_pathways.reports&backgroundType=Reactome_2022 HTTP/1.1" 308 164
LINE 1001: 2023-03-31 20:12:39,811 [DEBUG   ] Starting new HTTPS connection (1): maayanlab.cloud:443
LINE 456 : 2023-03-31 20:12:40,098 [DEBUG   ] https://maayanlab.cloud:443 "GET /Enrichr/export?userListId=60488788&filename=Reactome_2022.sonis_pathways.reports&backgroundType=Reactome_2022 HTTP/1.1" 200 None
LINE 431 : 2023-03-31 20:12:40,149 [INFO    ] Save file of enrichment results: Job Id:2ec7308fc4ec297168d025fe925ee690
LINE 441 : 2023-03-31 20:12:40,151 [INFO    ] Done.

LINE 421 : 2023-03-31 20:12:40,152 [DEBUG   ] Start Enrichr using library: KEGG_2021_Human
LINE 422 : 2023-03-31 20:12:40,152 [INFO    ] Analysis name: sonis_pathways, Enrichr Library: KEGG_2021_Human
LINE 228 : 2023-03-31 20:12:40,153 [DEBUG   ] Starting new HTTP connection (1): maayanlab.cloud:80
LINE 456 : 2023-03-31 20:12:40,323 [DEBUG   ] http://maayanlab.cloud:80 "POST /Enrichr/addList HTTP/1.1" 308 164
LINE 1001: 2023-03-31 20:12:40,327 [DEBUG   ] Starting new HTTPS connection (1): maayanlab.cloud:443
LINE 456 : 2023-03-31 20:12:40,619 [DEBUG   ] https://maayanlab.cloud:443 "POST /Enrichr/addList HTTP/1.1" 200 74
LINE 228 : 2023-03-31 20:12:41,625 [DEBUG   ] Starting new HTTP connection (1): maayanlab.cloud:80
LINE 456 : 2023-03-31 20:12:41,773 [DEBUG   ] http://maayanlab.cloud:80 "GET /Enrichr/export?userListId=60488789&filename=KEGG_2021_Human.sonis_pathways.reports&backgroundType=KEGG_2021_Human HTTP/1.1" 308 164
LINE 1001: 2023-03-31 20:12:41,776 [DEBUG   ] Starting new HTTPS connection (1): maayanlab.cloud:443
LINE 456 : 2023-03-31 20:12:42,035 [DEBUG   ] https://maayanlab.cloud:443 "GET /Enrichr/export?userListId=60488789&filename=KEGG_2021_Human.sonis_pathways.reports&backgroundType=KEGG_2021_Human HTTP/1.1" 200 1108
LINE 431 : 2023-03-31 20:12:42,045 [INFO    ] Save file of enrichment results: Job Id:92620bb7aab3152523fafc00e860abae
LINE 441 : 2023-03-31 20:12:42,048 [INFO    ] Done.

LINE 421 : 2023-03-31 20:12:42,048 [DEBUG   ] Start Enrichr using library: BioPlanet_2019
LINE 422 : 2023-03-31 20:12:42,048 [INFO    ] Analysis name: sonis_pathways, Enrichr Library: BioPlanet_2019
LINE 228 : 2023-03-31 20:12:42,051 [DEBUG   ] Starting new HTTP connection (1): maayanlab.cloud:80
LINE 456 : 2023-03-31 20:12:42,206 [DEBUG   ] http://maayanlab.cloud:80 "POST /Enrichr/addList HTTP/1.1" 308 164
LINE 1001: 2023-03-31 20:12:42,208 [DEBUG   ] Starting new HTTPS connection (1): maayanlab.cloud:443
LINE 456 : 2023-03-31 20:12:42,489 [DEBUG   ] https://maayanlab.cloud:443 "POST /Enrichr/addList HTTP/1.1" 200 74
LINE 228 : 2023-03-31 20:12:43,500 [DEBUG   ] Starting new HTTP connection (1): maayanlab.cloud:80
LINE 456 : 2023-03-31 20:12:43,671 [DEBUG   ] http://maayanlab.cloud:80 "GET /Enrichr/export?userListId=60488790&filename=BioPlanet_2019.sonis_pathways.reports&backgroundType=BioPlanet_2019 HTTP/1.1" 308 164
LINE 1001: 2023-03-31 20:12:43,674 [DEBUG   ] Starting new HTTPS connection (1): maayanlab.cloud:443
LINE 456 : 2023-03-31 20:12:43,932 [DEBUG   ] https://maayanlab.cloud:443 "GET /Enrichr/export?userListId=60488790&filename=BioPlanet_2019.sonis_pathways.reports&backgroundType=BioPlanet_2019 HTTP/1.1" 200 4818
LINE 431 : 2023-03-31 20:12:43,939 [INFO    ] Save file of enrichment results: Job Id:78a41e8109735b931a0e6647d5db20af
LINE 441 : 2023-03-31 20:12:43,950 [INFO    ] Done.

LINE 421 : 2023-03-31 20:12:43,950 [DEBUG   ] Start Enrichr using library: WikiPathways_2019_Human
LINE 422 : 2023-03-31 20:12:43,950 [INFO    ] Analysis name: sonis_pathways, Enrichr Library: WikiPathways_2019_Human
LINE 228 : 2023-03-31 20:12:43,953 [DEBUG   ] Starting new HTTP connection (1): maayanlab.cloud:80
LINE 456 : 2023-03-31 20:12:44,109 [DEBUG   ] http://maayanlab.cloud:80 "POST /Enrichr/addList HTTP/1.1" 308 164
LINE 1001: 2023-03-31 20:12:44,112 [DEBUG   ] Starting new HTTPS connection (1): maayanlab.cloud:443
LINE 456 : 2023-03-31 20:12:44,387 [DEBUG   ] https://maayanlab.cloud:443 "POST /Enrichr/addList HTTP/1.1" 200 74
LINE 228 : 2023-03-31 20:12:45,391 [DEBUG   ] Starting new HTTP connection (1): maayanlab.cloud:80
LINE 456 : 2023-03-31 20:12:45,555 [DEBUG   ] http://maayanlab.cloud:80 "GET /Enrichr/export?userListId=60488791&filename=WikiPathways_2019_Human.sonis_pathways.reports&backgroundType=WikiPathways_2019_Human HTTP/1.1" 308 164
LINE 1001: 2023-03-31 20:12:45,557 [DEBUG   ] Starting new HTTPS connection (1): maayanlab.cloud:443
LINE 456 : 2023-03-31 20:12:45,816 [DEBUG   ] https://maayanlab.cloud:443 "GET /Enrichr/export?userListId=60488791&filename=WikiPathways_2019_Human.sonis_pathways.reports&backgroundType=WikiPathways_2019_Human HTTP/1.1" 200 2694
LINE 431 : 2023-03-31 20:12:45,821 [INFO    ] Save file of enrichment results: Job Id:dfb09b35a2a1c20e6f1b9e8818203b28
LINE 441 : 2023-03-31 20:12:45,824 [INFO    ] Done.

LINE 421 : 2023-03-31 20:12:45,824 [DEBUG   ] Start Enrichr using library: Human_Phenotype_Ontology
LINE 422 : 2023-03-31 20:12:45,824 [INFO    ] Analysis name: sonis_pathways, Enrichr Library: Human_Phenotype_Ontology
LINE 228 : 2023-03-31 20:12:45,825 [DEBUG   ] Starting new HTTP connection (1): maayanlab.cloud:80
LINE 456 : 2023-03-31 20:12:45,993 [DEBUG   ] http://maayanlab.cloud:80 "POST /Enrichr/addList HTTP/1.1" 308 164
LINE 1001: 2023-03-31 20:12:45,996 [DEBUG   ] Starting new HTTPS connection (1): maayanlab.cloud:443
LINE 456 : 2023-03-31 20:12:46,272 [DEBUG   ] https://maayanlab.cloud:443 "POST /Enrichr/addList HTTP/1.1" 200 74
LINE 228 : 2023-03-31 20:12:47,282 [DEBUG   ] Starting new HTTP connection (1): maayanlab.cloud:80
LINE 456 : 2023-03-31 20:12:47,437 [DEBUG   ] http://maayanlab.cloud:80 "GET /Enrichr/export?userListId=60488792&filename=Human_Phenotype_Ontology.sonis_pathways.reports&backgroundType=Human_Phenotype_Ontology HTTP/1.1" 308 164
LINE 1001: 2023-03-31 20:12:47,441 [DEBUG   ] Starting new HTTPS connection (1): maayanlab.cloud:443
LINE 456 : 2023-03-31 20:12:47,706 [DEBUG   ] https://maayanlab.cloud:443 "GET /Enrichr/export?userListId=60488792&filename=Human_Phenotype_Ontology.sonis_pathways.reports&backgroundType=Human_Phenotype_Ontology HTTP/1.1" 200 3471
LINE 431 : 2023-03-31 20:12:47,714 [INFO    ] Save file of enrichment results: Job Id:500aaa2f382fd1bfc1d66e93f16ca4ca
LINE 441 : 2023-03-31 20:12:47,718 [INFO    ] Done.

LINE 421 : 2023-03-31 20:12:47,718 [DEBUG   ] Start Enrichr using library: GO_Biological_Process_2021
LINE 422 : 2023-03-31 20:12:47,718 [INFO    ] Analysis name: sonis_pathways, Enrichr Library: GO_Biological_Process_2021
LINE 228 : 2023-03-31 20:12:47,721 [DEBUG   ] Starting new HTTP connection (1): maayanlab.cloud:80
LINE 456 : 2023-03-31 20:12:47,870 [DEBUG   ] http://maayanlab.cloud:80 "POST /Enrichr/addList HTTP/1.1" 308 164
LINE 1001: 2023-03-31 20:12:47,873 [DEBUG   ] Starting new HTTPS connection (1): maayanlab.cloud:443
LINE 456 : 2023-03-31 20:12:48,156 [DEBUG   ] https://maayanlab.cloud:443 "POST /Enrichr/addList HTTP/1.1" 200 74
LINE 228 : 2023-03-31 20:12:49,166 [DEBUG   ] Starting new HTTP connection (1): maayanlab.cloud:80
LINE 456 : 2023-03-31 20:12:49,335 [DEBUG   ] http://maayanlab.cloud:80 "GET /Enrichr/export?userListId=60488793&filename=GO_Biological_Process_2021.sonis_pathways.reports&backgroundType=GO_Biological_Process_2021 HTTP/1.1" 308 164
LINE 1001: 2023-03-31 20:12:49,338 [DEBUG   ] Starting new HTTPS connection (1): maayanlab.cloud:443
LINE 456 : 2023-03-31 20:12:49,601 [DEBUG   ] https://maayanlab.cloud:443 "GET /Enrichr/export?userListId=60488793&filename=GO_Biological_Process_2021.sonis_pathways.reports&backgroundType=GO_Biological_Process_2021 HTTP/1.1" 200 None
LINE 431 : 2023-03-31 20:12:49,683 [INFO    ] Save file of enrichment results: Job Id:0737326404519917c9f21adccf02cdd1
LINE 441 : 2023-03-31 20:12:49,685 [INFO    ] Done.

LINE 401 : 2023-03-31 20:12:49,687 [INFO    ] Connecting to Enrichr Server to get latest library names
LINE 228 : 2023-03-31 20:12:49,689 [DEBUG   ] Starting new HTTP connection (1): maayanlab.cloud:80
LINE 456 : 2023-03-31 20:12:49,849 [DEBUG   ] http://maayanlab.cloud:80 "GET /Enrichr/datasetStatistics HTTP/1.1" 308 164
LINE 1001: 2023-03-31 20:12:49,852 [DEBUG   ] Starting new HTTPS connection (1): maayanlab.cloud:443
LINE 456 : 2023-03-31 20:12:50,106 [DEBUG   ] https://maayanlab.cloud:443 "GET /Enrichr/datasetStatistics HTTP/1.1" 200 None
LINE 421 : 2023-03-31 20:12:50,262 [DEBUG   ] Start Enrichr using library: Reactome_2022
LINE 422 : 2023-03-31 20:12:50,262 [INFO    ] Analysis name: sonis_pathways, Enrichr Library: Reactome_2022
LINE 228 : 2023-03-31 20:12:50,263 [DEBUG   ] Starting new HTTP connection (1): maayanlab.cloud:80
LINE 456 : 2023-03-31 20:12:50,421 [DEBUG   ] http://maayanlab.cloud:80 "POST /Enrichr/addList HTTP/1.1" 308 164
LINE 1001: 2023-03-31 20:12:50,423 [DEBUG   ] Starting new HTTPS connection (1): maayanlab.cloud:443
LINE 456 : 2023-03-31 20:12:50,706 [DEBUG   ] https://maayanlab.cloud:443 "POST /Enrichr/addList HTTP/1.1" 200 74
LINE 228 : 2023-03-31 20:12:51,727 [DEBUG   ] Starting new HTTP connection (1): maayanlab.cloud:80
LINE 456 : 2023-03-31 20:12:51,888 [DEBUG   ] http://maayanlab.cloud:80 "GET /Enrichr/export?userListId=60488794&filename=Reactome_2022.sonis_pathways.reports&backgroundType=Reactome_2022 HTTP/1.1" 308 164
LINE 1001: 2023-03-31 20:12:51,892 [DEBUG   ] Starting new HTTPS connection (1): maayanlab.cloud:443
LINE 456 : 2023-03-31 20:12:52,178 [DEBUG   ] https://maayanlab.cloud:443 "GET /Enrichr/export?userListId=60488794&filename=Reactome_2022.sonis_pathways.reports&backgroundType=Reactome_2022 HTTP/1.1" 200 6458
LINE 431 : 2023-03-31 20:12:52,183 [INFO    ] Save file of enrichment results: Job Id:3f3368e64f6f2ecefe5cea2dcd724f08
LINE 441 : 2023-03-31 20:12:52,184 [INFO    ] Done.

LINE 421 : 2023-03-31 20:12:52,184 [DEBUG   ] Start Enrichr using library: KEGG_2021_Human
LINE 422 : 2023-03-31 20:12:52,184 [INFO    ] Analysis name: sonis_pathways, Enrichr Library: KEGG_2021_Human
LINE 228 : 2023-03-31 20:12:52,186 [DEBUG   ] Starting new HTTP connection (1): maayanlab.cloud:80
LINE 456 : 2023-03-31 20:12:52,337 [DEBUG   ] http://maayanlab.cloud:80 "POST /Enrichr/addList HTTP/1.1" 308 164
LINE 1001: 2023-03-31 20:12:52,339 [DEBUG   ] Starting new HTTPS connection (1): maayanlab.cloud:443
LINE 456 : 2023-03-31 20:12:52,626 [DEBUG   ] https://maayanlab.cloud:443 "POST /Enrichr/addList HTTP/1.1" 200 74
LINE 228 : 2023-03-31 20:12:53,633 [DEBUG   ] Starting new HTTP connection (1): maayanlab.cloud:80
LINE 456 : 2023-03-31 20:12:53,806 [DEBUG   ] http://maayanlab.cloud:80 "GET /Enrichr/export?userListId=60488795&filename=KEGG_2021_Human.sonis_pathways.reports&backgroundType=KEGG_2021_Human HTTP/1.1" 308 164
LINE 1001: 2023-03-31 20:12:53,808 [DEBUG   ] Starting new HTTPS connection (1): maayanlab.cloud:443
LINE 456 : 2023-03-31 20:12:54,072 [DEBUG   ] https://maayanlab.cloud:443 "GET /Enrichr/export?userListId=60488795&filename=KEGG_2021_Human.sonis_pathways.reports&backgroundType=KEGG_2021_Human HTTP/1.1" 200 1529
LINE 431 : 2023-03-31 20:12:54,077 [INFO    ] Save file of enrichment results: Job Id:9c4ef4481d45f9329b9036481d59e4dc
LINE 441 : 2023-03-31 20:12:54,078 [INFO    ] Done.

LINE 421 : 2023-03-31 20:12:54,078 [DEBUG   ] Start Enrichr using library: BioPlanet_2019
LINE 422 : 2023-03-31 20:12:54,078 [INFO    ] Analysis name: sonis_pathways, Enrichr Library: BioPlanet_2019
LINE 228 : 2023-03-31 20:12:54,080 [DEBUG   ] Starting new HTTP connection (1): maayanlab.cloud:80
LINE 456 : 2023-03-31 20:12:54,234 [DEBUG   ] http://maayanlab.cloud:80 "POST /Enrichr/addList HTTP/1.1" 308 164
LINE 1001: 2023-03-31 20:12:54,236 [DEBUG   ] Starting new HTTPS connection (1): maayanlab.cloud:443
LINE 456 : 2023-03-31 20:12:54,520 [DEBUG   ] https://maayanlab.cloud:443 "POST /Enrichr/addList HTTP/1.1" 200 74
LINE 228 : 2023-03-31 20:12:55,538 [DEBUG   ] Starting new HTTP connection (1): maayanlab.cloud:80
LINE 456 : 2023-03-31 20:12:55,692 [DEBUG   ] http://maayanlab.cloud:80 "GET /Enrichr/export?userListId=60488796&filename=BioPlanet_2019.sonis_pathways.reports&backgroundType=BioPlanet_2019 HTTP/1.1" 308 164
LINE 1001: 2023-03-31 20:12:55,696 [DEBUG   ] Starting new HTTPS connection (1): maayanlab.cloud:443
LINE 456 : 2023-03-31 20:12:55,960 [DEBUG   ] https://maayanlab.cloud:443 "GET /Enrichr/export?userListId=60488796&filename=BioPlanet_2019.sonis_pathways.reports&backgroundType=BioPlanet_2019 HTTP/1.1" 200 6593
LINE 431 : 2023-03-31 20:12:55,966 [INFO    ] Save file of enrichment results: Job Id:9c5c4bdb62bb500be123dcb6313e951e
LINE 441 : 2023-03-31 20:12:55,967 [INFO    ] Done.

LINE 421 : 2023-03-31 20:12:55,967 [DEBUG   ] Start Enrichr using library: WikiPathways_2019_Human
LINE 422 : 2023-03-31 20:12:55,967 [INFO    ] Analysis name: sonis_pathways, Enrichr Library: WikiPathways_2019_Human
LINE 228 : 2023-03-31 20:12:55,969 [DEBUG   ] Starting new HTTP connection (1): maayanlab.cloud:80
LINE 456 : 2023-03-31 20:12:56,128 [DEBUG   ] http://maayanlab.cloud:80 "POST /Enrichr/addList HTTP/1.1" 308 164
LINE 1001: 2023-03-31 20:12:56,129 [DEBUG   ] Starting new HTTPS connection (1): maayanlab.cloud:443
LINE 456 : 2023-03-31 20:12:56,424 [DEBUG   ] https://maayanlab.cloud:443 "POST /Enrichr/addList HTTP/1.1" 200 74
LINE 228 : 2023-03-31 20:12:57,433 [DEBUG   ] Starting new HTTP connection (1): maayanlab.cloud:80
LINE 456 : 2023-03-31 20:12:57,590 [DEBUG   ] http://maayanlab.cloud:80 "GET /Enrichr/export?userListId=60488797&filename=WikiPathways_2019_Human.sonis_pathways.reports&backgroundType=WikiPathways_2019_Human HTTP/1.1" 308 164
LINE 1001: 2023-03-31 20:12:57,595 [DEBUG   ] Starting new HTTPS connection (1): maayanlab.cloud:443
LINE 456 : 2023-03-31 20:12:57,847 [DEBUG   ] https://maayanlab.cloud:443 "GET /Enrichr/export?userListId=60488797&filename=WikiPathways_2019_Human.sonis_pathways.reports&backgroundType=WikiPathways_2019_Human HTTP/1.1" 200 4294
LINE 431 : 2023-03-31 20:12:57,855 [INFO    ] Save file of enrichment results: Job Id:8a4e175929684004f2262d3ac94d9b7a
LINE 441 : 2023-03-31 20:12:57,858 [INFO    ] Done.

LINE 421 : 2023-03-31 20:12:57,858 [DEBUG   ] Start Enrichr using library: Human_Phenotype_Ontology
LINE 422 : 2023-03-31 20:12:57,858 [INFO    ] Analysis name: sonis_pathways, Enrichr Library: Human_Phenotype_Ontology
LINE 228 : 2023-03-31 20:12:57,860 [DEBUG   ] Starting new HTTP connection (1): maayanlab.cloud:80
LINE 456 : 2023-03-31 20:12:58,019 [DEBUG   ] http://maayanlab.cloud:80 "POST /Enrichr/addList HTTP/1.1" 308 164
LINE 1001: 2023-03-31 20:12:58,023 [DEBUG   ] Starting new HTTPS connection (1): maayanlab.cloud:443
LINE 456 : 2023-03-31 20:12:58,308 [DEBUG   ] https://maayanlab.cloud:443 "POST /Enrichr/addList HTTP/1.1" 200 74
LINE 228 : 2023-03-31 20:12:59,323 [DEBUG   ] Starting new HTTP connection (1): maayanlab.cloud:80
LINE 456 : 2023-03-31 20:12:59,498 [DEBUG   ] http://maayanlab.cloud:80 "GET /Enrichr/export?userListId=60488798&filename=Human_Phenotype_Ontology.sonis_pathways.reports&backgroundType=Human_Phenotype_Ontology HTTP/1.1" 308 164
LINE 1001: 2023-03-31 20:12:59,502 [DEBUG   ] Starting new HTTPS connection (1): maayanlab.cloud:443
LINE 456 : 2023-03-31 20:12:59,782 [DEBUG   ] https://maayanlab.cloud:443 "GET /Enrichr/export?userListId=60488798&filename=Human_Phenotype_Ontology.sonis_pathways.reports&backgroundType=Human_Phenotype_Ontology HTTP/1.1" 200 None
LINE 431 : 2023-03-31 20:12:59,852 [INFO    ] Save file of enrichment results: Job Id:cb956580ba9013c13eabafd573cd1c80
LINE 441 : 2023-03-31 20:12:59,855 [INFO    ] Done.

LINE 421 : 2023-03-31 20:12:59,855 [DEBUG   ] Start Enrichr using library: GO_Biological_Process_2021
LINE 422 : 2023-03-31 20:12:59,855 [INFO    ] Analysis name: sonis_pathways, Enrichr Library: GO_Biological_Process_2021
LINE 228 : 2023-03-31 20:12:59,858 [DEBUG   ] Starting new HTTP connection (1): maayanlab.cloud:80
LINE 456 : 2023-03-31 20:13:00,012 [DEBUG   ] http://maayanlab.cloud:80 "POST /Enrichr/addList HTTP/1.1" 308 164
LINE 1001: 2023-03-31 20:13:00,016 [DEBUG   ] Starting new HTTPS connection (1): maayanlab.cloud:443
LINE 456 : 2023-03-31 20:13:00,303 [DEBUG   ] https://maayanlab.cloud:443 "POST /Enrichr/addList HTTP/1.1" 200 74
LINE 228 : 2023-03-31 20:13:01,314 [DEBUG   ] Starting new HTTP connection (1): maayanlab.cloud:80
LINE 456 : 2023-03-31 20:13:01,469 [DEBUG   ] http://maayanlab.cloud:80 "GET /Enrichr/export?userListId=60488799&filename=GO_Biological_Process_2021.sonis_pathways.reports&backgroundType=GO_Biological_Process_2021 HTTP/1.1" 308 164
LINE 1001: 2023-03-31 20:13:01,471 [DEBUG   ] Starting new HTTPS connection (1): maayanlab.cloud:443
LINE 456 : 2023-03-31 20:13:01,726 [DEBUG   ] https://maayanlab.cloud:443 "GET /Enrichr/export?userListId=60488799&filename=GO_Biological_Process_2021.sonis_pathways.reports&backgroundType=GO_Biological_Process_2021 HTTP/1.1" 200 None
LINE 431 : 2023-03-31 20:13:01,810 [INFO    ] Save file of enrichment results: Job Id:1a7f4e71bde59a5eee9b8f017827465c
LINE 441 : 2023-03-31 20:13:01,813 [INFO    ] Done.

LINE 401 : 2023-03-31 20:13:01,816 [INFO    ] Connecting to Enrichr Server to get latest library names
LINE 228 : 2023-03-31 20:13:01,818 [DEBUG   ] Starting new HTTP connection (1): maayanlab.cloud:80
LINE 456 : 2023-03-31 20:13:01,967 [DEBUG   ] http://maayanlab.cloud:80 "GET /Enrichr/datasetStatistics HTTP/1.1" 308 164
LINE 1001: 2023-03-31 20:13:01,969 [DEBUG   ] Starting new HTTPS connection (1): maayanlab.cloud:443
LINE 456 : 2023-03-31 20:13:02,222 [DEBUG   ] https://maayanlab.cloud:443 "GET /Enrichr/datasetStatistics HTTP/1.1" 200 None
LINE 421 : 2023-03-31 20:13:02,378 [DEBUG   ] Start Enrichr using library: Reactome_2022
LINE 422 : 2023-03-31 20:13:02,378 [INFO    ] Analysis name: sonis_pathways, Enrichr Library: Reactome_2022
LINE 228 : 2023-03-31 20:13:02,379 [DEBUG   ] Starting new HTTP connection (1): maayanlab.cloud:80
LINE 456 : 2023-03-31 20:13:02,535 [DEBUG   ] http://maayanlab.cloud:80 "POST /Enrichr/addList HTTP/1.1" 308 164
LINE 1001: 2023-03-31 20:13:02,537 [DEBUG   ] Starting new HTTPS connection (1): maayanlab.cloud:443
LINE 456 : 2023-03-31 20:13:02,846 [DEBUG   ] https://maayanlab.cloud:443 "POST /Enrichr/addList HTTP/1.1" 200 74
LINE 228 : 2023-03-31 20:13:03,858 [DEBUG   ] Starting new HTTP connection (1): maayanlab.cloud:80
LINE 456 : 2023-03-31 20:13:04,015 [DEBUG   ] http://maayanlab.cloud:80 "GET /Enrichr/export?userListId=60488800&filename=Reactome_2022.sonis_pathways.reports&backgroundType=Reactome_2022 HTTP/1.1" 308 164
LINE 1001: 2023-03-31 20:13:04,017 [DEBUG   ] Starting new HTTPS connection (1): maayanlab.cloud:443
LINE 456 : 2023-03-31 20:13:04,324 [DEBUG   ] https://maayanlab.cloud:443 "GET /Enrichr/export?userListId=60488800&filename=Reactome_2022.sonis_pathways.reports&backgroundType=Reactome_2022 HTTP/1.1" 200 6352
LINE 431 : 2023-03-31 20:13:04,329 [INFO    ] Save file of enrichment results: Job Id:41496a2944fd6a7489cbb74c6003a238
LINE 441 : 2023-03-31 20:13:04,332 [INFO    ] Done.

LINE 421 : 2023-03-31 20:13:04,332 [DEBUG   ] Start Enrichr using library: KEGG_2021_Human
LINE 422 : 2023-03-31 20:13:04,332 [INFO    ] Analysis name: sonis_pathways, Enrichr Library: KEGG_2021_Human
LINE 228 : 2023-03-31 20:13:04,334 [DEBUG   ] Starting new HTTP connection (1): maayanlab.cloud:80
LINE 456 : 2023-03-31 20:13:04,501 [DEBUG   ] http://maayanlab.cloud:80 "POST /Enrichr/addList HTTP/1.1" 308 164
LINE 1001: 2023-03-31 20:13:04,503 [DEBUG   ] Starting new HTTPS connection (1): maayanlab.cloud:443
LINE 456 : 2023-03-31 20:13:04,811 [DEBUG   ] https://maayanlab.cloud:443 "POST /Enrichr/addList HTTP/1.1" 200 74
LINE 228 : 2023-03-31 20:13:05,824 [DEBUG   ] Starting new HTTP connection (1): maayanlab.cloud:80
LINE 456 : 2023-03-31 20:13:05,981 [DEBUG   ] http://maayanlab.cloud:80 "GET /Enrichr/export?userListId=60488801&filename=KEGG_2021_Human.sonis_pathways.reports&backgroundType=KEGG_2021_Human HTTP/1.1" 308 164
LINE 1001: 2023-03-31 20:13:05,983 [DEBUG   ] Starting new HTTPS connection (1): maayanlab.cloud:443
LINE 456 : 2023-03-31 20:13:06,251 [DEBUG   ] https://maayanlab.cloud:443 "GET /Enrichr/export?userListId=60488801&filename=KEGG_2021_Human.sonis_pathways.reports&backgroundType=KEGG_2021_Human HTTP/1.1" 200 2203
LINE 431 : 2023-03-31 20:13:06,255 [INFO    ] Save file of enrichment results: Job Id:7b5cad9de48969ee739ffad11f372279
LINE 441 : 2023-03-31 20:13:06,258 [INFO    ] Done.

LINE 421 : 2023-03-31 20:13:06,258 [DEBUG   ] Start Enrichr using library: BioPlanet_2019
LINE 422 : 2023-03-31 20:13:06,258 [INFO    ] Analysis name: sonis_pathways, Enrichr Library: BioPlanet_2019
LINE 228 : 2023-03-31 20:13:06,260 [DEBUG   ] Starting new HTTP connection (1): maayanlab.cloud:80
LINE 456 : 2023-03-31 20:13:06,415 [DEBUG   ] http://maayanlab.cloud:80 "POST /Enrichr/addList HTTP/1.1" 308 164
LINE 1001: 2023-03-31 20:13:06,418 [DEBUG   ] Starting new HTTPS connection (1): maayanlab.cloud:443
LINE 456 : 2023-03-31 20:13:06,738 [DEBUG   ] https://maayanlab.cloud:443 "POST /Enrichr/addList HTTP/1.1" 200 74
LINE 228 : 2023-03-31 20:13:07,749 [DEBUG   ] Starting new HTTP connection (1): maayanlab.cloud:80
LINE 456 : 2023-03-31 20:13:07,908 [DEBUG   ] http://maayanlab.cloud:80 "GET /Enrichr/export?userListId=60488802&filename=BioPlanet_2019.sonis_pathways.reports&backgroundType=BioPlanet_2019 HTTP/1.1" 308 164
LINE 1001: 2023-03-31 20:13:07,910 [DEBUG   ] Starting new HTTPS connection (1): maayanlab.cloud:443
LINE 456 : 2023-03-31 20:13:08,173 [DEBUG   ] https://maayanlab.cloud:443 "GET /Enrichr/export?userListId=60488802&filename=BioPlanet_2019.sonis_pathways.reports&backgroundType=BioPlanet_2019 HTTP/1.1" 200 None
LINE 431 : 2023-03-31 20:13:08,239 [INFO    ] Save file of enrichment results: Job Id:78c59f9ac6a31e4ab01ecd6f34655a1a
LINE 441 : 2023-03-31 20:13:08,243 [INFO    ] Done.

LINE 421 : 2023-03-31 20:13:08,243 [DEBUG   ] Start Enrichr using library: WikiPathways_2019_Human
LINE 422 : 2023-03-31 20:13:08,243 [INFO    ] Analysis name: sonis_pathways, Enrichr Library: WikiPathways_2019_Human
LINE 228 : 2023-03-31 20:13:08,245 [DEBUG   ] Starting new HTTP connection (1): maayanlab.cloud:80
LINE 456 : 2023-03-31 20:13:08,402 [DEBUG   ] http://maayanlab.cloud:80 "POST /Enrichr/addList HTTP/1.1" 308 164
LINE 1001: 2023-03-31 20:13:08,404 [DEBUG   ] Starting new HTTPS connection (1): maayanlab.cloud:443
LINE 456 : 2023-03-31 20:13:08,718 [DEBUG   ] https://maayanlab.cloud:443 "POST /Enrichr/addList HTTP/1.1" 200 74
LINE 228 : 2023-03-31 20:13:09,724 [DEBUG   ] Starting new HTTP connection (1): maayanlab.cloud:80
LINE 456 : 2023-03-31 20:13:09,904 [DEBUG   ] http://maayanlab.cloud:80 "GET /Enrichr/export?userListId=60488803&filename=WikiPathways_2019_Human.sonis_pathways.reports&backgroundType=WikiPathways_2019_Human HTTP/1.1" 308 164
LINE 1001: 2023-03-31 20:13:09,908 [DEBUG   ] Starting new HTTPS connection (1): maayanlab.cloud:443
LINE 456 : 2023-03-31 20:13:10,162 [DEBUG   ] https://maayanlab.cloud:443 "GET /Enrichr/export?userListId=60488803&filename=WikiPathways_2019_Human.sonis_pathways.reports&backgroundType=WikiPathways_2019_Human HTTP/1.1" 200 1923
LINE 431 : 2023-03-31 20:13:10,168 [INFO    ] Save file of enrichment results: Job Id:461e64a187f46b58ff7d73c59bc154e4
LINE 441 : 2023-03-31 20:13:10,170 [INFO    ] Done.

LINE 421 : 2023-03-31 20:13:10,170 [DEBUG   ] Start Enrichr using library: Human_Phenotype_Ontology
LINE 422 : 2023-03-31 20:13:10,170 [INFO    ] Analysis name: sonis_pathways, Enrichr Library: Human_Phenotype_Ontology
LINE 228 : 2023-03-31 20:13:10,171 [DEBUG   ] Starting new HTTP connection (1): maayanlab.cloud:80
LINE 456 : 2023-03-31 20:13:10,330 [DEBUG   ] http://maayanlab.cloud:80 "POST /Enrichr/addList HTTP/1.1" 308 164
LINE 1001: 2023-03-31 20:13:10,333 [DEBUG   ] Starting new HTTPS connection (1): maayanlab.cloud:443
LINE 456 : 2023-03-31 20:13:10,667 [DEBUG   ] https://maayanlab.cloud:443 "POST /Enrichr/addList HTTP/1.1" 200 74
LINE 228 : 2023-03-31 20:13:11,673 [DEBUG   ] Starting new HTTP connection (1): maayanlab.cloud:80
LINE 456 : 2023-03-31 20:13:11,829 [DEBUG   ] http://maayanlab.cloud:80 "GET /Enrichr/export?userListId=60488804&filename=Human_Phenotype_Ontology.sonis_pathways.reports&backgroundType=Human_Phenotype_Ontology HTTP/1.1" 308 164
LINE 1001: 2023-03-31 20:13:11,832 [DEBUG   ] Starting new HTTPS connection (1): maayanlab.cloud:443
LINE 456 : 2023-03-31 20:13:12,096 [DEBUG   ] https://maayanlab.cloud:443 "GET /Enrichr/export?userListId=60488804&filename=Human_Phenotype_Ontology.sonis_pathways.reports&backgroundType=Human_Phenotype_Ontology HTTP/1.1" 200 None
LINE 431 : 2023-03-31 20:13:12,167 [INFO    ] Save file of enrichment results: Job Id:3322f822c0f5dca14b08587430114103
LINE 441 : 2023-03-31 20:13:12,172 [INFO    ] Done.

LINE 421 : 2023-03-31 20:13:12,172 [DEBUG   ] Start Enrichr using library: GO_Biological_Process_2021
LINE 422 : 2023-03-31 20:13:12,172 [INFO    ] Analysis name: sonis_pathways, Enrichr Library: GO_Biological_Process_2021
LINE 228 : 2023-03-31 20:13:12,176 [DEBUG   ] Starting new HTTP connection (1): maayanlab.cloud:80
LINE 456 : 2023-03-31 20:13:12,331 [DEBUG   ] http://maayanlab.cloud:80 "POST /Enrichr/addList HTTP/1.1" 308 164
LINE 1001: 2023-03-31 20:13:12,334 [DEBUG   ] Starting new HTTPS connection (1): maayanlab.cloud:443
LINE 456 : 2023-03-31 20:13:12,656 [DEBUG   ] https://maayanlab.cloud:443 "POST /Enrichr/addList HTTP/1.1" 200 74
LINE 228 : 2023-03-31 20:13:13,673 [DEBUG   ] Starting new HTTP connection (1): maayanlab.cloud:80
LINE 456 : 2023-03-31 20:13:13,822 [DEBUG   ] http://maayanlab.cloud:80 "GET /Enrichr/export?userListId=60488805&filename=GO_Biological_Process_2021.sonis_pathways.reports&backgroundType=GO_Biological_Process_2021 HTTP/1.1" 308 164
LINE 1001: 2023-03-31 20:13:13,826 [DEBUG   ] Starting new HTTPS connection (1): maayanlab.cloud:443
LINE 456 : 2023-03-31 20:13:14,085 [DEBUG   ] https://maayanlab.cloud:443 "GET /Enrichr/export?userListId=60488805&filename=GO_Biological_Process_2021.sonis_pathways.reports&backgroundType=GO_Biological_Process_2021 HTTP/1.1" 200 None
LINE 431 : 2023-03-31 20:13:14,226 [INFO    ] Save file of enrichment results: Job Id:dafa2d0afacbe617d7cda77b1d246807
LINE 441 : 2023-03-31 20:13:14,231 [INFO    ] Done.

LINE 401 : 2023-03-31 20:13:14,234 [INFO    ] Connecting to Enrichr Server to get latest library names
LINE 228 : 2023-03-31 20:13:14,236 [DEBUG   ] Starting new HTTP connection (1): maayanlab.cloud:80
LINE 456 : 2023-03-31 20:13:14,391 [DEBUG   ] http://maayanlab.cloud:80 "GET /Enrichr/datasetStatistics HTTP/1.1" 308 164
LINE 1001: 2023-03-31 20:13:14,393 [DEBUG   ] Starting new HTTPS connection (1): maayanlab.cloud:443
LINE 456 : 2023-03-31 20:13:14,675 [DEBUG   ] https://maayanlab.cloud:443 "GET /Enrichr/datasetStatistics HTTP/1.1" 200 None
LINE 421 : 2023-03-31 20:13:14,833 [DEBUG   ] Start Enrichr using library: Reactome_2022
LINE 422 : 2023-03-31 20:13:14,833 [INFO    ] Analysis name: sonis_pathways, Enrichr Library: Reactome_2022
LINE 228 : 2023-03-31 20:13:14,835 [DEBUG   ] Starting new HTTP connection (1): maayanlab.cloud:80
LINE 456 : 2023-03-31 20:13:14,990 [DEBUG   ] http://maayanlab.cloud:80 "POST /Enrichr/addList HTTP/1.1" 308 164
LINE 1001: 2023-03-31 20:13:14,993 [DEBUG   ] Starting new HTTPS connection (1): maayanlab.cloud:443
LINE 456 : 2023-03-31 20:13:15,316 [DEBUG   ] https://maayanlab.cloud:443 "POST /Enrichr/addList HTTP/1.1" 200 74
LINE 228 : 2023-03-31 20:13:16,329 [DEBUG   ] Starting new HTTP connection (1): maayanlab.cloud:80
LINE 456 : 2023-03-31 20:13:16,527 [DEBUG   ] http://maayanlab.cloud:80 "GET /Enrichr/export?userListId=60488806&filename=Reactome_2022.sonis_pathways.reports&backgroundType=Reactome_2022 HTTP/1.1" 308 164
LINE 1001: 2023-03-31 20:13:16,530 [DEBUG   ] Starting new HTTPS connection (1): maayanlab.cloud:443
LINE 456 : 2023-03-31 20:13:16,837 [DEBUG   ] https://maayanlab.cloud:443 "GET /Enrichr/export?userListId=60488806&filename=Reactome_2022.sonis_pathways.reports&backgroundType=Reactome_2022 HTTP/1.1" 200 None
LINE 431 : 2023-03-31 20:13:16,943 [INFO    ] Save file of enrichment results: Job Id:d5d6ed81e4207f44e3bdca9a90d57788
LINE 441 : 2023-03-31 20:13:16,949 [INFO    ] Done.

LINE 421 : 2023-03-31 20:13:16,949 [DEBUG   ] Start Enrichr using library: KEGG_2021_Human
LINE 422 : 2023-03-31 20:13:16,949 [INFO    ] Analysis name: sonis_pathways, Enrichr Library: KEGG_2021_Human
LINE 228 : 2023-03-31 20:13:16,951 [DEBUG   ] Starting new HTTP connection (1): maayanlab.cloud:80
LINE 456 : 2023-03-31 20:13:17,110 [DEBUG   ] http://maayanlab.cloud:80 "POST /Enrichr/addList HTTP/1.1" 308 164
LINE 1001: 2023-03-31 20:13:17,112 [DEBUG   ] Starting new HTTPS connection (1): maayanlab.cloud:443
LINE 456 : 2023-03-31 20:13:17,452 [DEBUG   ] https://maayanlab.cloud:443 "POST /Enrichr/addList HTTP/1.1" 200 74
LINE 228 : 2023-03-31 20:13:18,468 [DEBUG   ] Starting new HTTP connection (1): maayanlab.cloud:80
LINE 456 : 2023-03-31 20:13:18,628 [DEBUG   ] http://maayanlab.cloud:80 "GET /Enrichr/export?userListId=60488807&filename=KEGG_2021_Human.sonis_pathways.reports&backgroundType=KEGG_2021_Human HTTP/1.1" 308 164
LINE 1001: 2023-03-31 20:13:18,632 [DEBUG   ] Starting new HTTPS connection (1): maayanlab.cloud:443
LINE 456 : 2023-03-31 20:13:18,890 [DEBUG   ] https://maayanlab.cloud:443 "GET /Enrichr/export?userListId=60488807&filename=KEGG_2021_Human.sonis_pathways.reports&backgroundType=KEGG_2021_Human HTTP/1.1" 200 5700
LINE 431 : 2023-03-31 20:13:18,896 [INFO    ] Save file of enrichment results: Job Id:76f7f830dfa8b4b2e6f7acdc0f13fa75
LINE 441 : 2023-03-31 20:13:18,897 [INFO    ] Done.

LINE 421 : 2023-03-31 20:13:18,899 [DEBUG   ] Start Enrichr using library: BioPlanet_2019
LINE 422 : 2023-03-31 20:13:18,899 [INFO    ] Analysis name: sonis_pathways, Enrichr Library: BioPlanet_2019
LINE 228 : 2023-03-31 20:13:18,900 [DEBUG   ] Starting new HTTP connection (1): maayanlab.cloud:80
LINE 456 : 2023-03-31 20:13:19,048 [DEBUG   ] http://maayanlab.cloud:80 "POST /Enrichr/addList HTTP/1.1" 308 164
LINE 1001: 2023-03-31 20:13:19,050 [DEBUG   ] Starting new HTTPS connection (1): maayanlab.cloud:443
LINE 456 : 2023-03-31 20:13:19,380 [DEBUG   ] https://maayanlab.cloud:443 "POST /Enrichr/addList HTTP/1.1" 200 74
LINE 228 : 2023-03-31 20:13:20,385 [DEBUG   ] Starting new HTTP connection (1): maayanlab.cloud:80
LINE 456 : 2023-03-31 20:13:20,546 [DEBUG   ] http://maayanlab.cloud:80 "GET /Enrichr/export?userListId=60488808&filename=BioPlanet_2019.sonis_pathways.reports&backgroundType=BioPlanet_2019 HTTP/1.1" 308 164
LINE 1001: 2023-03-31 20:13:20,549 [DEBUG   ] Starting new HTTPS connection (1): maayanlab.cloud:443
LINE 456 : 2023-03-31 20:13:20,824 [DEBUG   ] https://maayanlab.cloud:443 "GET /Enrichr/export?userListId=60488808&filename=BioPlanet_2019.sonis_pathways.reports&backgroundType=BioPlanet_2019 HTTP/1.1" 200 None
LINE 431 : 2023-03-31 20:13:20,904 [INFO    ] Save file of enrichment results: Job Id:b25d44816d3909fe9dc8e61c665976e5
LINE 441 : 2023-03-31 20:13:20,908 [INFO    ] Done.

LINE 421 : 2023-03-31 20:13:20,908 [DEBUG   ] Start Enrichr using library: WikiPathways_2019_Human
LINE 422 : 2023-03-31 20:13:20,908 [INFO    ] Analysis name: sonis_pathways, Enrichr Library: WikiPathways_2019_Human
LINE 228 : 2023-03-31 20:13:20,910 [DEBUG   ] Starting new HTTP connection (1): maayanlab.cloud:80
LINE 456 : 2023-03-31 20:13:21,058 [DEBUG   ] http://maayanlab.cloud:80 "POST /Enrichr/addList HTTP/1.1" 308 164
LINE 1001: 2023-03-31 20:13:21,061 [DEBUG   ] Starting new HTTPS connection (1): maayanlab.cloud:443
LINE 456 : 2023-03-31 20:13:21,381 [DEBUG   ] https://maayanlab.cloud:443 "POST /Enrichr/addList HTTP/1.1" 200 74
LINE 228 : 2023-03-31 20:13:22,389 [DEBUG   ] Starting new HTTP connection (1): maayanlab.cloud:80
LINE 456 : 2023-03-31 20:13:22,553 [DEBUG   ] http://maayanlab.cloud:80 "GET /Enrichr/export?userListId=60488809&filename=WikiPathways_2019_Human.sonis_pathways.reports&backgroundType=WikiPathways_2019_Human HTTP/1.1" 308 164
LINE 1001: 2023-03-31 20:13:22,559 [DEBUG   ] Starting new HTTPS connection (1): maayanlab.cloud:443
LINE 456 : 2023-03-31 20:13:22,827 [DEBUG   ] https://maayanlab.cloud:443 "GET /Enrichr/export?userListId=60488809&filename=WikiPathways_2019_Human.sonis_pathways.reports&backgroundType=WikiPathways_2019_Human HTTP/1.1" 200 7074
LINE 431 : 2023-03-31 20:13:22,834 [INFO    ] Save file of enrichment results: Job Id:20b904d5563362c13c0d90e888878914
LINE 441 : 2023-03-31 20:13:22,837 [INFO    ] Done.

LINE 421 : 2023-03-31 20:13:22,837 [DEBUG   ] Start Enrichr using library: Human_Phenotype_Ontology
LINE 422 : 2023-03-31 20:13:22,837 [INFO    ] Analysis name: sonis_pathways, Enrichr Library: Human_Phenotype_Ontology
LINE 228 : 2023-03-31 20:13:22,838 [DEBUG   ] Starting new HTTP connection (1): maayanlab.cloud:80
LINE 456 : 2023-03-31 20:13:23,020 [DEBUG   ] http://maayanlab.cloud:80 "POST /Enrichr/addList HTTP/1.1" 308 164
LINE 1001: 2023-03-31 20:13:23,022 [DEBUG   ] Starting new HTTPS connection (1): maayanlab.cloud:443
LINE 456 : 2023-03-31 20:13:23,355 [DEBUG   ] https://maayanlab.cloud:443 "POST /Enrichr/addList HTTP/1.1" 200 74
LINE 228 : 2023-03-31 20:13:24,365 [DEBUG   ] Starting new HTTP connection (1): maayanlab.cloud:80
LINE 456 : 2023-03-31 20:13:24,517 [DEBUG   ] http://maayanlab.cloud:80 "GET /Enrichr/export?userListId=60488810&filename=Human_Phenotype_Ontology.sonis_pathways.reports&backgroundType=Human_Phenotype_Ontology HTTP/1.1" 308 164
LINE 1001: 2023-03-31 20:13:24,521 [DEBUG   ] Starting new HTTPS connection (1): maayanlab.cloud:443
LINE 456 : 2023-03-31 20:13:24,792 [DEBUG   ] https://maayanlab.cloud:443 "GET /Enrichr/export?userListId=60488810&filename=Human_Phenotype_Ontology.sonis_pathways.reports&backgroundType=Human_Phenotype_Ontology HTTP/1.1" 200 None
LINE 431 : 2023-03-31 20:13:24,944 [INFO    ] Save file of enrichment results: Job Id:d15ec059279990a7c5993638e1ee8853
LINE 441 : 2023-03-31 20:13:24,948 [INFO    ] Done.

LINE 421 : 2023-03-31 20:13:24,948 [DEBUG   ] Start Enrichr using library: GO_Biological_Process_2021
LINE 422 : 2023-03-31 20:13:24,948 [INFO    ] Analysis name: sonis_pathways, Enrichr Library: GO_Biological_Process_2021
LINE 228 : 2023-03-31 20:13:24,950 [DEBUG   ] Starting new HTTP connection (1): maayanlab.cloud:80
LINE 456 : 2023-03-31 20:13:25,107 [DEBUG   ] http://maayanlab.cloud:80 "POST /Enrichr/addList HTTP/1.1" 308 164
LINE 1001: 2023-03-31 20:13:25,109 [DEBUG   ] Starting new HTTPS connection (1): maayanlab.cloud:443
LINE 456 : 2023-03-31 20:13:25,434 [DEBUG   ] https://maayanlab.cloud:443 "POST /Enrichr/addList HTTP/1.1" 200 74
LINE 228 : 2023-03-31 20:13:26,446 [DEBUG   ] Starting new HTTP connection (1): maayanlab.cloud:80
LINE 456 : 2023-03-31 20:13:26,610 [DEBUG   ] http://maayanlab.cloud:80 "GET /Enrichr/export?userListId=60488811&filename=GO_Biological_Process_2021.sonis_pathways.reports&backgroundType=GO_Biological_Process_2021 HTTP/1.1" 308 164
LINE 1001: 2023-03-31 20:13:26,613 [DEBUG   ] Starting new HTTPS connection (1): maayanlab.cloud:443
LINE 456 : 2023-03-31 20:13:26,886 [DEBUG   ] https://maayanlab.cloud:443 "GET /Enrichr/export?userListId=60488811&filename=GO_Biological_Process_2021.sonis_pathways.reports&backgroundType=GO_Biological_Process_2021 HTTP/1.1" 200 None
LINE 431 : 2023-03-31 20:13:27,058 [INFO    ] Save file of enrichment results: Job Id:6462da15f0a105b3476e363413f9d7e2
LINE 441 : 2023-03-31 20:13:27,070 [INFO    ] Done.

LINE 401 : 2023-03-31 20:13:27,073 [INFO    ] Connecting to Enrichr Server to get latest library names
LINE 228 : 2023-03-31 20:13:27,076 [DEBUG   ] Starting new HTTP connection (1): maayanlab.cloud:80
LINE 456 : 2023-03-31 20:13:27,231 [DEBUG   ] http://maayanlab.cloud:80 "GET /Enrichr/datasetStatistics HTTP/1.1" 308 164
LINE 1001: 2023-03-31 20:13:27,234 [DEBUG   ] Starting new HTTPS connection (1): maayanlab.cloud:443
LINE 456 : 2023-03-31 20:13:27,482 [DEBUG   ] https://maayanlab.cloud:443 "GET /Enrichr/datasetStatistics HTTP/1.1" 200 None
LINE 421 : 2023-03-31 20:13:27,633 [DEBUG   ] Start Enrichr using library: Reactome_2022
LINE 422 : 2023-03-31 20:13:27,633 [INFO    ] Analysis name: sonis_pathways, Enrichr Library: Reactome_2022
LINE 228 : 2023-03-31 20:13:27,635 [DEBUG   ] Starting new HTTP connection (1): maayanlab.cloud:80
LINE 456 : 2023-03-31 20:13:27,789 [DEBUG   ] http://maayanlab.cloud:80 "POST /Enrichr/addList HTTP/1.1" 308 164
LINE 1001: 2023-03-31 20:13:27,792 [DEBUG   ] Starting new HTTPS connection (1): maayanlab.cloud:443
LINE 456 : 2023-03-31 20:13:28,111 [DEBUG   ] https://maayanlab.cloud:443 "POST /Enrichr/addList HTTP/1.1" 200 74
LINE 228 : 2023-03-31 20:13:29,124 [DEBUG   ] Starting new HTTP connection (1): maayanlab.cloud:80
LINE 456 : 2023-03-31 20:13:29,282 [DEBUG   ] http://maayanlab.cloud:80 "GET /Enrichr/export?userListId=60488812&filename=Reactome_2022.sonis_pathways.reports&backgroundType=Reactome_2022 HTTP/1.1" 308 164
LINE 1001: 2023-03-31 20:13:29,286 [DEBUG   ] Starting new HTTPS connection (1): maayanlab.cloud:443
LINE 456 : 2023-03-31 20:13:29,588 [DEBUG   ] https://maayanlab.cloud:443 "GET /Enrichr/export?userListId=60488812&filename=Reactome_2022.sonis_pathways.reports&backgroundType=Reactome_2022 HTTP/1.1" 200 None
LINE 431 : 2023-03-31 20:13:29,668 [INFO    ] Save file of enrichment results: Job Id:bfd1113ace04274cbb66b7ceef4ae48e
LINE 441 : 2023-03-31 20:13:29,674 [INFO    ] Done.

LINE 421 : 2023-03-31 20:13:29,674 [DEBUG   ] Start Enrichr using library: KEGG_2021_Human
LINE 422 : 2023-03-31 20:13:29,674 [INFO    ] Analysis name: sonis_pathways, Enrichr Library: KEGG_2021_Human
LINE 228 : 2023-03-31 20:13:29,677 [DEBUG   ] Starting new HTTP connection (1): maayanlab.cloud:80
LINE 456 : 2023-03-31 20:13:29,840 [DEBUG   ] http://maayanlab.cloud:80 "POST /Enrichr/addList HTTP/1.1" 308 164
LINE 1001: 2023-03-31 20:13:29,842 [DEBUG   ] Starting new HTTPS connection (1): maayanlab.cloud:443
LINE 456 : 2023-03-31 20:13:30,158 [DEBUG   ] https://maayanlab.cloud:443 "POST /Enrichr/addList HTTP/1.1" 200 74
LINE 228 : 2023-03-31 20:13:31,170 [DEBUG   ] Starting new HTTP connection (1): maayanlab.cloud:80
LINE 456 : 2023-03-31 20:13:31,334 [DEBUG   ] http://maayanlab.cloud:80 "GET /Enrichr/export?userListId=60488813&filename=KEGG_2021_Human.sonis_pathways.reports&backgroundType=KEGG_2021_Human HTTP/1.1" 308 164
LINE 1001: 2023-03-31 20:13:31,337 [DEBUG   ] Starting new HTTPS connection (1): maayanlab.cloud:443
LINE 456 : 2023-03-31 20:13:31,623 [DEBUG   ] https://maayanlab.cloud:443 "GET /Enrichr/export?userListId=60488813&filename=KEGG_2021_Human.sonis_pathways.reports&backgroundType=KEGG_2021_Human HTTP/1.1" 200 None
LINE 431 : 2023-03-31 20:13:31,691 [INFO    ] Save file of enrichment results: Job Id:d42e8e96968432785d94087eadd12a89
LINE 441 : 2023-03-31 20:13:31,694 [INFO    ] Done.

LINE 421 : 2023-03-31 20:13:31,694 [DEBUG   ] Start Enrichr using library: BioPlanet_2019
LINE 422 : 2023-03-31 20:13:31,694 [INFO    ] Analysis name: sonis_pathways, Enrichr Library: BioPlanet_2019
LINE 228 : 2023-03-31 20:13:31,697 [DEBUG   ] Starting new HTTP connection (1): maayanlab.cloud:80
LINE 456 : 2023-03-31 20:13:31,856 [DEBUG   ] http://maayanlab.cloud:80 "POST /Enrichr/addList HTTP/1.1" 308 164
LINE 1001: 2023-03-31 20:13:31,859 [DEBUG   ] Starting new HTTPS connection (1): maayanlab.cloud:443
LINE 456 : 2023-03-31 20:13:32,183 [DEBUG   ] https://maayanlab.cloud:443 "POST /Enrichr/addList HTTP/1.1" 200 74
LINE 228 : 2023-03-31 20:13:33,199 [DEBUG   ] Starting new HTTP connection (1): maayanlab.cloud:80
LINE 456 : 2023-03-31 20:13:33,363 [DEBUG   ] http://maayanlab.cloud:80 "GET /Enrichr/export?userListId=60488814&filename=BioPlanet_2019.sonis_pathways.reports&backgroundType=BioPlanet_2019 HTTP/1.1" 308 164
LINE 1001: 2023-03-31 20:13:33,365 [DEBUG   ] Starting new HTTPS connection (1): maayanlab.cloud:443
LINE 456 : 2023-03-31 20:13:33,622 [DEBUG   ] https://maayanlab.cloud:443 "GET /Enrichr/export?userListId=60488814&filename=BioPlanet_2019.sonis_pathways.reports&backgroundType=BioPlanet_2019 HTTP/1.1" 200 None
LINE 431 : 2023-03-31 20:13:33,707 [INFO    ] Save file of enrichment results: Job Id:2c7bb65d285d5571673420379094c919
LINE 441 : 2023-03-31 20:13:33,711 [INFO    ] Done.

LINE 421 : 2023-03-31 20:13:33,711 [DEBUG   ] Start Enrichr using library: WikiPathways_2019_Human
LINE 422 : 2023-03-31 20:13:33,711 [INFO    ] Analysis name: sonis_pathways, Enrichr Library: WikiPathways_2019_Human
LINE 228 : 2023-03-31 20:13:33,712 [DEBUG   ] Starting new HTTP connection (1): maayanlab.cloud:80
LINE 456 : 2023-03-31 20:13:33,867 [DEBUG   ] http://maayanlab.cloud:80 "POST /Enrichr/addList HTTP/1.1" 308 164
LINE 1001: 2023-03-31 20:13:33,870 [DEBUG   ] Starting new HTTPS connection (1): maayanlab.cloud:443
LINE 456 : 2023-03-31 20:13:34,189 [DEBUG   ] https://maayanlab.cloud:443 "POST /Enrichr/addList HTTP/1.1" 200 74
LINE 228 : 2023-03-31 20:13:35,203 [DEBUG   ] Starting new HTTP connection (1): maayanlab.cloud:80
LINE 456 : 2023-03-31 20:13:35,362 [DEBUG   ] http://maayanlab.cloud:80 "GET /Enrichr/export?userListId=60488815&filename=WikiPathways_2019_Human.sonis_pathways.reports&backgroundType=WikiPathways_2019_Human HTTP/1.1" 308 164
LINE 1001: 2023-03-31 20:13:35,364 [DEBUG   ] Starting new HTTPS connection (1): maayanlab.cloud:443
LINE 456 : 2023-03-31 20:13:35,621 [DEBUG   ] https://maayanlab.cloud:443 "GET /Enrichr/export?userListId=60488815&filename=WikiPathways_2019_Human.sonis_pathways.reports&backgroundType=WikiPathways_2019_Human HTTP/1.1" 200 None
LINE 431 : 2023-03-31 20:13:35,693 [INFO    ] Save file of enrichment results: Job Id:4a9244b723e7a991ccea933ee4de4316
LINE 441 : 2023-03-31 20:13:35,696 [INFO    ] Done.

LINE 421 : 2023-03-31 20:13:35,696 [DEBUG   ] Start Enrichr using library: Human_Phenotype_Ontology
LINE 422 : 2023-03-31 20:13:35,696 [INFO    ] Analysis name: sonis_pathways, Enrichr Library: Human_Phenotype_Ontology
LINE 228 : 2023-03-31 20:13:35,699 [DEBUG   ] Starting new HTTP connection (1): maayanlab.cloud:80
LINE 456 : 2023-03-31 20:13:35,859 [DEBUG   ] http://maayanlab.cloud:80 "POST /Enrichr/addList HTTP/1.1" 308 164
LINE 1001: 2023-03-31 20:13:35,867 [DEBUG   ] Starting new HTTPS connection (1): maayanlab.cloud:443
LINE 456 : 2023-03-31 20:13:36,185 [DEBUG   ] https://maayanlab.cloud:443 "POST /Enrichr/addList HTTP/1.1" 200 74
LINE 228 : 2023-03-31 20:13:37,205 [DEBUG   ] Starting new HTTP connection (1): maayanlab.cloud:80
LINE 456 : 2023-03-31 20:13:37,378 [DEBUG   ] http://maayanlab.cloud:80 "GET /Enrichr/export?userListId=60488816&filename=Human_Phenotype_Ontology.sonis_pathways.reports&backgroundType=Human_Phenotype_Ontology HTTP/1.1" 308 164
LINE 1001: 2023-03-31 20:13:37,381 [DEBUG   ] Starting new HTTPS connection (1): maayanlab.cloud:443
LINE 456 : 2023-03-31 20:13:37,644 [DEBUG   ] https://maayanlab.cloud:443 "GET /Enrichr/export?userListId=60488816&filename=Human_Phenotype_Ontology.sonis_pathways.reports&backgroundType=Human_Phenotype_Ontology HTTP/1.1" 200 7772
LINE 431 : 2023-03-31 20:13:37,649 [INFO    ] Save file of enrichment results: Job Id:c2004f89617f346d387ecc05bca4c3af
LINE 441 : 2023-03-31 20:13:37,651 [INFO    ] Done.

LINE 421 : 2023-03-31 20:13:37,651 [DEBUG   ] Start Enrichr using library: GO_Biological_Process_2021
LINE 422 : 2023-03-31 20:13:37,651 [INFO    ] Analysis name: sonis_pathways, Enrichr Library: GO_Biological_Process_2021
LINE 228 : 2023-03-31 20:13:37,653 [DEBUG   ] Starting new HTTP connection (1): maayanlab.cloud:80
LINE 456 : 2023-03-31 20:13:37,806 [DEBUG   ] http://maayanlab.cloud:80 "POST /Enrichr/addList HTTP/1.1" 308 164
LINE 1001: 2023-03-31 20:13:37,808 [DEBUG   ] Starting new HTTPS connection (1): maayanlab.cloud:443
LINE 456 : 2023-03-31 20:13:38,127 [DEBUG   ] https://maayanlab.cloud:443 "POST /Enrichr/addList HTTP/1.1" 200 74
LINE 228 : 2023-03-31 20:13:39,143 [DEBUG   ] Starting new HTTP connection (1): maayanlab.cloud:80
LINE 456 : 2023-03-31 20:13:39,318 [DEBUG   ] http://maayanlab.cloud:80 "GET /Enrichr/export?userListId=60488817&filename=GO_Biological_Process_2021.sonis_pathways.reports&backgroundType=GO_Biological_Process_2021 HTTP/1.1" 308 164
LINE 1001: 2023-03-31 20:13:39,321 [DEBUG   ] Starting new HTTPS connection (1): maayanlab.cloud:443
LINE 456 : 2023-03-31 20:13:39,584 [DEBUG   ] https://maayanlab.cloud:443 "GET /Enrichr/export?userListId=60488817&filename=GO_Biological_Process_2021.sonis_pathways.reports&backgroundType=GO_Biological_Process_2021 HTTP/1.1" 200 None
LINE 431 : 2023-03-31 20:13:39,802 [INFO    ] Save file of enrichment results: Job Id:ee2188c26504e9ac0f9cd7f3bc29d7ca
LINE 441 : 2023-03-31 20:13:39,815 [INFO    ] Done.

LINE 401 : 2023-03-31 20:13:39,817 [INFO    ] Connecting to Enrichr Server to get latest library names
LINE 228 : 2023-03-31 20:13:39,819 [DEBUG   ] Starting new HTTP connection (1): maayanlab.cloud:80
LINE 456 : 2023-03-31 20:13:39,974 [DEBUG   ] http://maayanlab.cloud:80 "GET /Enrichr/datasetStatistics HTTP/1.1" 308 164
LINE 1001: 2023-03-31 20:13:39,976 [DEBUG   ] Starting new HTTPS connection (1): maayanlab.cloud:443
LINE 456 : 2023-03-31 20:13:40,227 [DEBUG   ] https://maayanlab.cloud:443 "GET /Enrichr/datasetStatistics HTTP/1.1" 200 None
LINE 421 : 2023-03-31 20:13:40,375 [DEBUG   ] Start Enrichr using library: Reactome_2022
LINE 422 : 2023-03-31 20:13:40,375 [INFO    ] Analysis name: sonis_pathways, Enrichr Library: Reactome_2022
LINE 228 : 2023-03-31 20:13:40,376 [DEBUG   ] Starting new HTTP connection (1): maayanlab.cloud:80
LINE 456 : 2023-03-31 20:13:40,533 [DEBUG   ] http://maayanlab.cloud:80 "POST /Enrichr/addList HTTP/1.1" 308 164
LINE 1001: 2023-03-31 20:13:40,536 [DEBUG   ] Starting new HTTPS connection (1): maayanlab.cloud:443
LINE 456 : 2023-03-31 20:13:40,851 [DEBUG   ] https://maayanlab.cloud:443 "POST /Enrichr/addList HTTP/1.1" 200 74
LINE 228 : 2023-03-31 20:13:41,869 [DEBUG   ] Starting new HTTP connection (1): maayanlab.cloud:80
LINE 456 : 2023-03-31 20:13:42,042 [DEBUG   ] http://maayanlab.cloud:80 "GET /Enrichr/export?userListId=60488818&filename=Reactome_2022.sonis_pathways.reports&backgroundType=Reactome_2022 HTTP/1.1" 308 164
LINE 1001: 2023-03-31 20:13:42,043 [DEBUG   ] Starting new HTTPS connection (1): maayanlab.cloud:443
LINE 456 : 2023-03-31 20:13:42,367 [DEBUG   ] https://maayanlab.cloud:443 "GET /Enrichr/export?userListId=60488818&filename=Reactome_2022.sonis_pathways.reports&backgroundType=Reactome_2022 HTTP/1.1" 200 None
LINE 431 : 2023-03-31 20:13:42,445 [INFO    ] Save file of enrichment results: Job Id:4099d40a7c9b00ea5cf23de5195d26de
LINE 441 : 2023-03-31 20:13:42,449 [INFO    ] Done.

LINE 421 : 2023-03-31 20:13:42,449 [DEBUG   ] Start Enrichr using library: KEGG_2021_Human
LINE 422 : 2023-03-31 20:13:42,449 [INFO    ] Analysis name: sonis_pathways, Enrichr Library: KEGG_2021_Human
LINE 228 : 2023-03-31 20:13:42,451 [DEBUG   ] Starting new HTTP connection (1): maayanlab.cloud:80
LINE 456 : 2023-03-31 20:13:42,616 [DEBUG   ] http://maayanlab.cloud:80 "POST /Enrichr/addList HTTP/1.1" 308 164
LINE 1001: 2023-03-31 20:13:42,618 [DEBUG   ] Starting new HTTPS connection (1): maayanlab.cloud:443
LINE 456 : 2023-03-31 20:13:42,943 [DEBUG   ] https://maayanlab.cloud:443 "POST /Enrichr/addList HTTP/1.1" 200 74
LINE 228 : 2023-03-31 20:13:43,954 [DEBUG   ] Starting new HTTP connection (1): maayanlab.cloud:80
LINE 456 : 2023-03-31 20:13:44,119 [DEBUG   ] http://maayanlab.cloud:80 "GET /Enrichr/export?userListId=60488819&filename=KEGG_2021_Human.sonis_pathways.reports&backgroundType=KEGG_2021_Human HTTP/1.1" 308 164
LINE 1001: 2023-03-31 20:13:44,123 [DEBUG   ] Starting new HTTPS connection (1): maayanlab.cloud:443
LINE 456 : 2023-03-31 20:13:44,383 [DEBUG   ] https://maayanlab.cloud:443 "GET /Enrichr/export?userListId=60488819&filename=KEGG_2021_Human.sonis_pathways.reports&backgroundType=KEGG_2021_Human HTTP/1.1" 200 None
LINE 431 : 2023-03-31 20:13:44,471 [INFO    ] Save file of enrichment results: Job Id:7c2ff85271537e8dc3d3fad36ec57206
LINE 441 : 2023-03-31 20:13:44,474 [INFO    ] Done.

LINE 421 : 2023-03-31 20:13:44,474 [DEBUG   ] Start Enrichr using library: BioPlanet_2019
LINE 422 : 2023-03-31 20:13:44,474 [INFO    ] Analysis name: sonis_pathways, Enrichr Library: BioPlanet_2019
LINE 228 : 2023-03-31 20:13:44,477 [DEBUG   ] Starting new HTTP connection (1): maayanlab.cloud:80
LINE 456 : 2023-03-31 20:13:44,632 [DEBUG   ] http://maayanlab.cloud:80 "POST /Enrichr/addList HTTP/1.1" 308 164
LINE 1001: 2023-03-31 20:13:44,635 [DEBUG   ] Starting new HTTPS connection (1): maayanlab.cloud:443
LINE 456 : 2023-03-31 20:13:44,956 [DEBUG   ] https://maayanlab.cloud:443 "POST /Enrichr/addList HTTP/1.1" 200 74
LINE 228 : 2023-03-31 20:13:45,965 [DEBUG   ] Starting new HTTP connection (1): maayanlab.cloud:80
LINE 456 : 2023-03-31 20:13:46,125 [DEBUG   ] http://maayanlab.cloud:80 "GET /Enrichr/export?userListId=60488820&filename=BioPlanet_2019.sonis_pathways.reports&backgroundType=BioPlanet_2019 HTTP/1.1" 308 164
LINE 1001: 2023-03-31 20:13:46,127 [DEBUG   ] Starting new HTTPS connection (1): maayanlab.cloud:443
LINE 456 : 2023-03-31 20:13:46,382 [DEBUG   ] https://maayanlab.cloud:443 "GET /Enrichr/export?userListId=60488820&filename=BioPlanet_2019.sonis_pathways.reports&backgroundType=BioPlanet_2019 HTTP/1.1" 200 None
LINE 431 : 2023-03-31 20:13:46,539 [INFO    ] Save file of enrichment results: Job Id:f1d14b2db65e4297ede99793f72de6ee
LINE 441 : 2023-03-31 20:13:46,543 [INFO    ] Done.

LINE 421 : 2023-03-31 20:13:46,543 [DEBUG   ] Start Enrichr using library: WikiPathways_2019_Human
LINE 422 : 2023-03-31 20:13:46,543 [INFO    ] Analysis name: sonis_pathways, Enrichr Library: WikiPathways_2019_Human
LINE 228 : 2023-03-31 20:13:46,546 [DEBUG   ] Starting new HTTP connection (1): maayanlab.cloud:80
LINE 456 : 2023-03-31 20:13:46,714 [DEBUG   ] http://maayanlab.cloud:80 "POST /Enrichr/addList HTTP/1.1" 308 164
LINE 1001: 2023-03-31 20:13:46,716 [DEBUG   ] Starting new HTTPS connection (1): maayanlab.cloud:443
LINE 456 : 2023-03-31 20:13:47,052 [DEBUG   ] https://maayanlab.cloud:443 "POST /Enrichr/addList HTTP/1.1" 200 74
LINE 228 : 2023-03-31 20:13:48,058 [DEBUG   ] Starting new HTTP connection (1): maayanlab.cloud:80
LINE 456 : 2023-03-31 20:13:48,218 [DEBUG   ] http://maayanlab.cloud:80 "GET /Enrichr/export?userListId=60488821&filename=WikiPathways_2019_Human.sonis_pathways.reports&backgroundType=WikiPathways_2019_Human HTTP/1.1" 308 164
LINE 1001: 2023-03-31 20:13:48,221 [DEBUG   ] Starting new HTTPS connection (1): maayanlab.cloud:443
LINE 456 : 2023-03-31 20:13:48,478 [DEBUG   ] https://maayanlab.cloud:443 "GET /Enrichr/export?userListId=60488821&filename=WikiPathways_2019_Human.sonis_pathways.reports&backgroundType=WikiPathways_2019_Human HTTP/1.1" 200 None
LINE 431 : 2023-03-31 20:13:48,715 [INFO    ] Save file of enrichment results: Job Id:06f326dcfc0a54ac03ebbf6180d6ddc3
LINE 441 : 2023-03-31 20:13:48,720 [INFO    ] Done.

LINE 421 : 2023-03-31 20:13:48,720 [DEBUG   ] Start Enrichr using library: Human_Phenotype_Ontology
LINE 422 : 2023-03-31 20:13:48,720 [INFO    ] Analysis name: sonis_pathways, Enrichr Library: Human_Phenotype_Ontology
LINE 228 : 2023-03-31 20:13:48,724 [DEBUG   ] Starting new HTTP connection (1): maayanlab.cloud:80
LINE 456 : 2023-03-31 20:13:48,885 [DEBUG   ] http://maayanlab.cloud:80 "POST /Enrichr/addList HTTP/1.1" 308 164
LINE 1001: 2023-03-31 20:13:48,888 [DEBUG   ] Starting new HTTPS connection (1): maayanlab.cloud:443
LINE 456 : 2023-03-31 20:13:49,214 [DEBUG   ] https://maayanlab.cloud:443 "POST /Enrichr/addList HTTP/1.1" 200 74
LINE 228 : 2023-03-31 20:13:50,229 [DEBUG   ] Starting new HTTP connection (1): maayanlab.cloud:80
LINE 456 : 2023-03-31 20:13:50,395 [DEBUG   ] http://maayanlab.cloud:80 "GET /Enrichr/export?userListId=60488822&filename=Human_Phenotype_Ontology.sonis_pathways.reports&backgroundType=Human_Phenotype_Ontology HTTP/1.1" 308 164
LINE 1001: 2023-03-31 20:13:50,398 [DEBUG   ] Starting new HTTPS connection (1): maayanlab.cloud:443
LINE 456 : 2023-03-31 20:13:50,654 [DEBUG   ] https://maayanlab.cloud:443 "GET /Enrichr/export?userListId=60488822&filename=Human_Phenotype_Ontology.sonis_pathways.reports&backgroundType=Human_Phenotype_Ontology HTTP/1.1" 200 None
LINE 431 : 2023-03-31 20:13:50,802 [INFO    ] Save file of enrichment results: Job Id:36f7933288a0b51ab0291f4fe2b40af2
LINE 441 : 2023-03-31 20:13:50,811 [INFO    ] Done.

LINE 421 : 2023-03-31 20:13:50,811 [DEBUG   ] Start Enrichr using library: GO_Biological_Process_2021
LINE 422 : 2023-03-31 20:13:50,811 [INFO    ] Analysis name: sonis_pathways, Enrichr Library: GO_Biological_Process_2021
LINE 228 : 2023-03-31 20:13:50,814 [DEBUG   ] Starting new HTTP connection (1): maayanlab.cloud:80
LINE 456 : 2023-03-31 20:13:50,969 [DEBUG   ] http://maayanlab.cloud:80 "POST /Enrichr/addList HTTP/1.1" 308 164
LINE 1001: 2023-03-31 20:13:50,973 [DEBUG   ] Starting new HTTPS connection (1): maayanlab.cloud:443
LINE 456 : 2023-03-31 20:13:51,299 [DEBUG   ] https://maayanlab.cloud:443 "POST /Enrichr/addList HTTP/1.1" 200 74
LINE 228 : 2023-03-31 20:13:52,309 [DEBUG   ] Starting new HTTP connection (1): maayanlab.cloud:80
LINE 456 : 2023-03-31 20:13:52,485 [DEBUG   ] http://maayanlab.cloud:80 "GET /Enrichr/export?userListId=60488823&filename=GO_Biological_Process_2021.sonis_pathways.reports&backgroundType=GO_Biological_Process_2021 HTTP/1.1" 308 164
LINE 1001: 2023-03-31 20:13:52,488 [DEBUG   ] Starting new HTTPS connection (1): maayanlab.cloud:443
LINE 456 : 2023-03-31 20:13:52,765 [DEBUG   ] https://maayanlab.cloud:443 "GET /Enrichr/export?userListId=60488823&filename=GO_Biological_Process_2021.sonis_pathways.reports&backgroundType=GO_Biological_Process_2021 HTTP/1.1" 200 None
LINE 431 : 2023-03-31 20:13:52,995 [INFO    ] Save file of enrichment results: Job Id:c90980eab192731cda2aa1dca292234e
LINE 441 : 2023-03-31 20:13:53,005 [INFO    ] Done.

LINE 401 : 2023-03-31 20:13:53,007 [INFO    ] Connecting to Enrichr Server to get latest library names
LINE 228 : 2023-03-31 20:13:53,009 [DEBUG   ] Starting new HTTP connection (1): maayanlab.cloud:80
LINE 456 : 2023-03-31 20:13:53,164 [DEBUG   ] http://maayanlab.cloud:80 "GET /Enrichr/datasetStatistics HTTP/1.1" 308 164
LINE 1001: 2023-03-31 20:13:53,169 [DEBUG   ] Starting new HTTPS connection (1): maayanlab.cloud:443
LINE 456 : 2023-03-31 20:13:53,422 [DEBUG   ] https://maayanlab.cloud:443 "GET /Enrichr/datasetStatistics HTTP/1.1" 200 None
LINE 421 : 2023-03-31 20:13:53,571 [DEBUG   ] Start Enrichr using library: Reactome_2022
LINE 422 : 2023-03-31 20:13:53,571 [INFO    ] Analysis name: sonis_pathways, Enrichr Library: Reactome_2022
LINE 228 : 2023-03-31 20:13:53,572 [DEBUG   ] Starting new HTTP connection (1): maayanlab.cloud:80
LINE 456 : 2023-03-31 20:13:55,052 [DEBUG   ] http://maayanlab.cloud:80 "POST /Enrichr/addList HTTP/1.1" 308 164
LINE 1001: 2023-03-31 20:13:55,054 [DEBUG   ] Starting new HTTPS connection (1): maayanlab.cloud:443
LINE 456 : 2023-03-31 20:13:56,392 [DEBUG   ] https://maayanlab.cloud:443 "POST /Enrichr/addList HTTP/1.1" 200 74
LINE 228 : 2023-03-31 20:13:57,406 [DEBUG   ] Starting new HTTP connection (1): maayanlab.cloud:80
LINE 456 : 2023-03-31 20:13:57,580 [DEBUG   ] http://maayanlab.cloud:80 "GET /Enrichr/export?userListId=60488824&filename=Reactome_2022.sonis_pathways.reports&backgroundType=Reactome_2022 HTTP/1.1" 308 164
LINE 1001: 2023-03-31 20:13:57,582 [DEBUG   ] Starting new HTTPS connection (1): maayanlab.cloud:443
LINE 456 : 2023-03-31 20:13:57,876 [DEBUG   ] https://maayanlab.cloud:443 "GET /Enrichr/export?userListId=60488824&filename=Reactome_2022.sonis_pathways.reports&backgroundType=Reactome_2022 HTTP/1.1" 200 None
LINE 431 : 2023-03-31 20:13:58,037 [INFO    ] Save file of enrichment results: Job Id:59c0a1846e5a8bb1defbc507518e3098
LINE 441 : 2023-03-31 20:13:58,043 [INFO    ] Done.

LINE 421 : 2023-03-31 20:13:58,043 [DEBUG   ] Start Enrichr using library: KEGG_2021_Human
LINE 422 : 2023-03-31 20:13:58,043 [INFO    ] Analysis name: sonis_pathways, Enrichr Library: KEGG_2021_Human
LINE 228 : 2023-03-31 20:13:58,045 [DEBUG   ] Starting new HTTP connection (1): maayanlab.cloud:80
LINE 456 : 2023-03-31 20:13:58,195 [DEBUG   ] http://maayanlab.cloud:80 "POST /Enrichr/addList HTTP/1.1" 308 164
LINE 1001: 2023-03-31 20:13:58,197 [DEBUG   ] Starting new HTTPS connection (1): maayanlab.cloud:443
LINE 456 : 2023-03-31 20:13:58,516 [DEBUG   ] https://maayanlab.cloud:443 "POST /Enrichr/addList HTTP/1.1" 200 74
LINE 228 : 2023-03-31 20:13:59,524 [DEBUG   ] Starting new HTTP connection (1): maayanlab.cloud:80
LINE 456 : 2023-03-31 20:13:59,671 [DEBUG   ] http://maayanlab.cloud:80 "GET /Enrichr/export?userListId=60488825&filename=KEGG_2021_Human.sonis_pathways.reports&backgroundType=KEGG_2021_Human HTTP/1.1" 308 164
LINE 1001: 2023-03-31 20:13:59,674 [DEBUG   ] Starting new HTTPS connection (1): maayanlab.cloud:443
LINE 456 : 2023-03-31 20:13:59,930 [DEBUG   ] https://maayanlab.cloud:443 "GET /Enrichr/export?userListId=60488825&filename=KEGG_2021_Human.sonis_pathways.reports&backgroundType=KEGG_2021_Human HTTP/1.1" 200 6310
LINE 431 : 2023-03-31 20:13:59,937 [INFO    ] Save file of enrichment results: Job Id:20103db311691a20c78a67b37c8a89fa
LINE 441 : 2023-03-31 20:13:59,939 [INFO    ] Done.

LINE 421 : 2023-03-31 20:13:59,939 [DEBUG   ] Start Enrichr using library: BioPlanet_2019
LINE 422 : 2023-03-31 20:13:59,939 [INFO    ] Analysis name: sonis_pathways, Enrichr Library: BioPlanet_2019
LINE 228 : 2023-03-31 20:13:59,941 [DEBUG   ] Starting new HTTP connection (1): maayanlab.cloud:80
LINE 456 : 2023-03-31 20:14:00,101 [DEBUG   ] http://maayanlab.cloud:80 "POST /Enrichr/addList HTTP/1.1" 308 164
LINE 1001: 2023-03-31 20:14:00,104 [DEBUG   ] Starting new HTTPS connection (1): maayanlab.cloud:443
LINE 456 : 2023-03-31 20:14:00,435 [DEBUG   ] https://maayanlab.cloud:443 "POST /Enrichr/addList HTTP/1.1" 200 74
LINE 228 : 2023-03-31 20:14:01,453 [DEBUG   ] Starting new HTTP connection (1): maayanlab.cloud:80
LINE 456 : 2023-03-31 20:14:01,604 [DEBUG   ] http://maayanlab.cloud:80 "GET /Enrichr/export?userListId=60488826&filename=BioPlanet_2019.sonis_pathways.reports&backgroundType=BioPlanet_2019 HTTP/1.1" 308 164
LINE 1001: 2023-03-31 20:14:01,608 [DEBUG   ] Starting new HTTPS connection (1): maayanlab.cloud:443
LINE 456 : 2023-03-31 20:14:01,864 [DEBUG   ] https://maayanlab.cloud:443 "GET /Enrichr/export?userListId=60488826&filename=BioPlanet_2019.sonis_pathways.reports&backgroundType=BioPlanet_2019 HTTP/1.1" 200 None
LINE 431 : 2023-03-31 20:14:01,945 [INFO    ] Save file of enrichment results: Job Id:bb70a4bf189512885f1aa3babd1d8963
LINE 441 : 2023-03-31 20:14:01,950 [INFO    ] Done.

LINE 421 : 2023-03-31 20:14:01,950 [DEBUG   ] Start Enrichr using library: WikiPathways_2019_Human
LINE 422 : 2023-03-31 20:14:01,951 [INFO    ] Analysis name: sonis_pathways, Enrichr Library: WikiPathways_2019_Human
LINE 228 : 2023-03-31 20:14:01,952 [DEBUG   ] Starting new HTTP connection (1): maayanlab.cloud:80
LINE 456 : 2023-03-31 20:14:02,108 [DEBUG   ] http://maayanlab.cloud:80 "POST /Enrichr/addList HTTP/1.1" 308 164
LINE 1001: 2023-03-31 20:14:02,109 [DEBUG   ] Starting new HTTPS connection (1): maayanlab.cloud:443
LINE 456 : 2023-03-31 20:14:02,423 [DEBUG   ] https://maayanlab.cloud:443 "POST /Enrichr/addList HTTP/1.1" 200 74
LINE 228 : 2023-03-31 20:14:03,431 [DEBUG   ] Starting new HTTP connection (1): maayanlab.cloud:80
LINE 456 : 2023-03-31 20:14:03,604 [DEBUG   ] http://maayanlab.cloud:80 "GET /Enrichr/export?userListId=60488827&filename=WikiPathways_2019_Human.sonis_pathways.reports&backgroundType=WikiPathways_2019_Human HTTP/1.1" 308 164
LINE 1001: 2023-03-31 20:14:03,606 [DEBUG   ] Starting new HTTPS connection (1): maayanlab.cloud:443
LINE 456 : 2023-03-31 20:14:03,865 [DEBUG   ] https://maayanlab.cloud:443 "GET /Enrichr/export?userListId=60488827&filename=WikiPathways_2019_Human.sonis_pathways.reports&backgroundType=WikiPathways_2019_Human HTTP/1.1" 200 7967
LINE 431 : 2023-03-31 20:14:03,870 [INFO    ] Save file of enrichment results: Job Id:31c0e495801a04e6ff98363133c8c970
LINE 441 : 2023-03-31 20:14:03,873 [INFO    ] Done.

LINE 421 : 2023-03-31 20:14:03,873 [DEBUG   ] Start Enrichr using library: Human_Phenotype_Ontology
LINE 422 : 2023-03-31 20:14:03,873 [INFO    ] Analysis name: sonis_pathways, Enrichr Library: Human_Phenotype_Ontology
LINE 228 : 2023-03-31 20:14:03,875 [DEBUG   ] Starting new HTTP connection (1): maayanlab.cloud:80
LINE 456 : 2023-03-31 20:14:04,035 [DEBUG   ] http://maayanlab.cloud:80 "POST /Enrichr/addList HTTP/1.1" 308 164
LINE 1001: 2023-03-31 20:14:04,038 [DEBUG   ] Starting new HTTPS connection (1): maayanlab.cloud:443
LINE 456 : 2023-03-31 20:14:04,378 [DEBUG   ] https://maayanlab.cloud:443 "POST /Enrichr/addList HTTP/1.1" 200 74
LINE 228 : 2023-03-31 20:14:05,383 [DEBUG   ] Starting new HTTP connection (1): maayanlab.cloud:80
LINE 456 : 2023-03-31 20:14:05,541 [DEBUG   ] http://maayanlab.cloud:80 "GET /Enrichr/export?userListId=60488828&filename=Human_Phenotype_Ontology.sonis_pathways.reports&backgroundType=Human_Phenotype_Ontology HTTP/1.1" 308 164
LINE 1001: 2023-03-31 20:14:05,543 [DEBUG   ] Starting new HTTPS connection (1): maayanlab.cloud:443
LINE 456 : 2023-03-31 20:14:05,807 [DEBUG   ] https://maayanlab.cloud:443 "GET /Enrichr/export?userListId=60488828&filename=Human_Phenotype_Ontology.sonis_pathways.reports&backgroundType=Human_Phenotype_Ontology HTTP/1.1" 200 None
LINE 431 : 2023-03-31 20:14:05,895 [INFO    ] Save file of enrichment results: Job Id:6f4b1ee14a990028810347f32172c122
LINE 441 : 2023-03-31 20:14:05,900 [INFO    ] Done.

LINE 421 : 2023-03-31 20:14:05,900 [DEBUG   ] Start Enrichr using library: GO_Biological_Process_2021
LINE 422 : 2023-03-31 20:14:05,900 [INFO    ] Analysis name: sonis_pathways, Enrichr Library: GO_Biological_Process_2021
LINE 228 : 2023-03-31 20:14:05,902 [DEBUG   ] Starting new HTTP connection (1): maayanlab.cloud:80
LINE 456 : 2023-03-31 20:14:06,058 [DEBUG   ] http://maayanlab.cloud:80 "POST /Enrichr/addList HTTP/1.1" 308 164
LINE 1001: 2023-03-31 20:14:06,061 [DEBUG   ] Starting new HTTPS connection (1): maayanlab.cloud:443
LINE 456 : 2023-03-31 20:14:06,387 [DEBUG   ] https://maayanlab.cloud:443 "POST /Enrichr/addList HTTP/1.1" 200 74
LINE 228 : 2023-03-31 20:14:07,404 [DEBUG   ] Starting new HTTP connection (1): maayanlab.cloud:80
LINE 456 : 2023-03-31 20:14:07,557 [DEBUG   ] http://maayanlab.cloud:80 "GET /Enrichr/export?userListId=60488829&filename=GO_Biological_Process_2021.sonis_pathways.reports&backgroundType=GO_Biological_Process_2021 HTTP/1.1" 308 164
LINE 1001: 2023-03-31 20:14:07,559 [DEBUG   ] Starting new HTTPS connection (1): maayanlab.cloud:443
LINE 456 : 2023-03-31 20:14:07,835 [DEBUG   ] https://maayanlab.cloud:443 "GET /Enrichr/export?userListId=60488829&filename=GO_Biological_Process_2021.sonis_pathways.reports&backgroundType=GO_Biological_Process_2021 HTTP/1.1" 200 None
LINE 431 : 2023-03-31 20:14:07,983 [INFO    ] Save file of enrichment results: Job Id:496ecd43fced89a17a9d0b921d8c4fc9
LINE 441 : 2023-03-31 20:14:07,990 [INFO    ] Done.

LINE 401 : 2023-03-31 20:14:07,992 [INFO    ] Connecting to Enrichr Server to get latest library names
LINE 228 : 2023-03-31 20:14:07,994 [DEBUG   ] Starting new HTTP connection (1): maayanlab.cloud:80
LINE 456 : 2023-03-31 20:14:08,153 [DEBUG   ] http://maayanlab.cloud:80 "GET /Enrichr/datasetStatistics HTTP/1.1" 308 164
LINE 1001: 2023-03-31 20:14:08,159 [DEBUG   ] Starting new HTTPS connection (1): maayanlab.cloud:443
LINE 456 : 2023-03-31 20:14:08,407 [DEBUG   ] https://maayanlab.cloud:443 "GET /Enrichr/datasetStatistics HTTP/1.1" 200 None
LINE 421 : 2023-03-31 20:14:08,555 [DEBUG   ] Start Enrichr using library: Reactome_2022
LINE 422 : 2023-03-31 20:14:08,555 [INFO    ] Analysis name: sonis_pathways, Enrichr Library: Reactome_2022
LINE 228 : 2023-03-31 20:14:08,557 [DEBUG   ] Starting new HTTP connection (1): maayanlab.cloud:80
LINE 456 : 2023-03-31 20:14:08,732 [DEBUG   ] http://maayanlab.cloud:80 "POST /Enrichr/addList HTTP/1.1" 308 164
LINE 1001: 2023-03-31 20:14:08,734 [DEBUG   ] Starting new HTTPS connection (1): maayanlab.cloud:443
LINE 456 : 2023-03-31 20:14:09,050 [DEBUG   ] https://maayanlab.cloud:443 "POST /Enrichr/addList HTTP/1.1" 200 74
LINE 228 : 2023-03-31 20:14:10,065 [DEBUG   ] Starting new HTTP connection (1): maayanlab.cloud:80
LINE 456 : 2023-03-31 20:14:10,221 [DEBUG   ] http://maayanlab.cloud:80 "GET /Enrichr/export?userListId=60488830&filename=Reactome_2022.sonis_pathways.reports&backgroundType=Reactome_2022 HTTP/1.1" 308 164
LINE 1001: 2023-03-31 20:14:10,224 [DEBUG   ] Starting new HTTPS connection (1): maayanlab.cloud:443
LINE 456 : 2023-03-31 20:14:10,494 [DEBUG   ] https://maayanlab.cloud:443 "GET /Enrichr/export?userListId=60488830&filename=Reactome_2022.sonis_pathways.reports&backgroundType=Reactome_2022 HTTP/1.1" 200 None
LINE 431 : 2023-03-31 20:14:10,612 [INFO    ] Save file of enrichment results: Job Id:5a85d519350362f1ed31d7e41b0fe277
LINE 441 : 2023-03-31 20:14:10,617 [INFO    ] Done.

LINE 421 : 2023-03-31 20:14:10,618 [DEBUG   ] Start Enrichr using library: KEGG_2021_Human
LINE 422 : 2023-03-31 20:14:10,618 [INFO    ] Analysis name: sonis_pathways, Enrichr Library: KEGG_2021_Human
LINE 228 : 2023-03-31 20:14:10,621 [DEBUG   ] Starting new HTTP connection (1): maayanlab.cloud:80
LINE 456 : 2023-03-31 20:14:10,774 [DEBUG   ] http://maayanlab.cloud:80 "POST /Enrichr/addList HTTP/1.1" 308 164
LINE 1001: 2023-03-31 20:14:10,776 [DEBUG   ] Starting new HTTPS connection (1): maayanlab.cloud:443
LINE 456 : 2023-03-31 20:14:11,088 [DEBUG   ] https://maayanlab.cloud:443 "POST /Enrichr/addList HTTP/1.1" 200 74
LINE 228 : 2023-03-31 20:14:12,099 [DEBUG   ] Starting new HTTP connection (1): maayanlab.cloud:80
LINE 456 : 2023-03-31 20:14:12,250 [DEBUG   ] http://maayanlab.cloud:80 "GET /Enrichr/export?userListId=60488831&filename=KEGG_2021_Human.sonis_pathways.reports&backgroundType=KEGG_2021_Human HTTP/1.1" 308 164
LINE 1001: 2023-03-31 20:14:12,253 [DEBUG   ] Starting new HTTPS connection (1): maayanlab.cloud:443
LINE 456 : 2023-03-31 20:14:12,513 [DEBUG   ] https://maayanlab.cloud:443 "GET /Enrichr/export?userListId=60488831&filename=KEGG_2021_Human.sonis_pathways.reports&backgroundType=KEGG_2021_Human HTTP/1.1" 200 None
LINE 431 : 2023-03-31 20:14:12,573 [INFO    ] Save file of enrichment results: Job Id:c8ab65a54c9690541dfa2decaf5aa5bb
LINE 441 : 2023-03-31 20:14:12,575 [INFO    ] Done.

LINE 421 : 2023-03-31 20:14:12,575 [DEBUG   ] Start Enrichr using library: BioPlanet_2019
LINE 422 : 2023-03-31 20:14:12,575 [INFO    ] Analysis name: sonis_pathways, Enrichr Library: BioPlanet_2019
LINE 228 : 2023-03-31 20:14:12,578 [DEBUG   ] Starting new HTTP connection (1): maayanlab.cloud:80
LINE 456 : 2023-03-31 20:14:12,737 [DEBUG   ] http://maayanlab.cloud:80 "POST /Enrichr/addList HTTP/1.1" 308 164
LINE 1001: 2023-03-31 20:14:12,739 [DEBUG   ] Starting new HTTPS connection (1): maayanlab.cloud:443
LINE 456 : 2023-03-31 20:14:13,058 [DEBUG   ] https://maayanlab.cloud:443 "POST /Enrichr/addList HTTP/1.1" 200 74
LINE 228 : 2023-03-31 20:14:14,065 [DEBUG   ] Starting new HTTP connection (1): maayanlab.cloud:80
LINE 456 : 2023-03-31 20:14:14,242 [DEBUG   ] http://maayanlab.cloud:80 "GET /Enrichr/export?userListId=60488832&filename=BioPlanet_2019.sonis_pathways.reports&backgroundType=BioPlanet_2019 HTTP/1.1" 308 164
LINE 1001: 2023-03-31 20:14:14,244 [DEBUG   ] Starting new HTTPS connection (1): maayanlab.cloud:443
LINE 456 : 2023-03-31 20:14:14,507 [DEBUG   ] https://maayanlab.cloud:443 "GET /Enrichr/export?userListId=60488832&filename=BioPlanet_2019.sonis_pathways.reports&backgroundType=BioPlanet_2019 HTTP/1.1" 200 None
LINE 431 : 2023-03-31 20:14:14,595 [INFO    ] Save file of enrichment results: Job Id:1446a3302bde70762fe873d27f45b477
LINE 441 : 2023-03-31 20:14:14,600 [INFO    ] Done.

LINE 421 : 2023-03-31 20:14:14,600 [DEBUG   ] Start Enrichr using library: WikiPathways_2019_Human
LINE 422 : 2023-03-31 20:14:14,600 [INFO    ] Analysis name: sonis_pathways, Enrichr Library: WikiPathways_2019_Human
LINE 228 : 2023-03-31 20:14:14,602 [DEBUG   ] Starting new HTTP connection (1): maayanlab.cloud:80
LINE 456 : 2023-03-31 20:14:14,752 [DEBUG   ] http://maayanlab.cloud:80 "POST /Enrichr/addList HTTP/1.1" 308 164
LINE 1001: 2023-03-31 20:14:14,755 [DEBUG   ] Starting new HTTPS connection (1): maayanlab.cloud:443
LINE 456 : 2023-03-31 20:14:15,071 [DEBUG   ] https://maayanlab.cloud:443 "POST /Enrichr/addList HTTP/1.1" 200 74
LINE 228 : 2023-03-31 20:14:16,085 [DEBUG   ] Starting new HTTP connection (1): maayanlab.cloud:80
LINE 456 : 2023-03-31 20:14:16,240 [DEBUG   ] http://maayanlab.cloud:80 "GET /Enrichr/export?userListId=60488833&filename=WikiPathways_2019_Human.sonis_pathways.reports&backgroundType=WikiPathways_2019_Human HTTP/1.1" 308 164
LINE 1001: 2023-03-31 20:14:16,242 [DEBUG   ] Starting new HTTPS connection (1): maayanlab.cloud:443
LINE 456 : 2023-03-31 20:14:16,502 [DEBUG   ] https://maayanlab.cloud:443 "GET /Enrichr/export?userListId=60488833&filename=WikiPathways_2019_Human.sonis_pathways.reports&backgroundType=WikiPathways_2019_Human HTTP/1.1" 200 None
LINE 431 : 2023-03-31 20:14:16,580 [INFO    ] Save file of enrichment results: Job Id:4a1e235b223ded7d94e7e5a2964a24da
LINE 441 : 2023-03-31 20:14:16,583 [INFO    ] Done.

LINE 421 : 2023-03-31 20:14:16,583 [DEBUG   ] Start Enrichr using library: Human_Phenotype_Ontology
LINE 422 : 2023-03-31 20:14:16,583 [INFO    ] Analysis name: sonis_pathways, Enrichr Library: Human_Phenotype_Ontology
LINE 228 : 2023-03-31 20:14:16,585 [DEBUG   ] Starting new HTTP connection (1): maayanlab.cloud:80
LINE 456 : 2023-03-31 20:14:16,742 [DEBUG   ] http://maayanlab.cloud:80 "POST /Enrichr/addList HTTP/1.1" 308 164
LINE 1001: 2023-03-31 20:14:16,744 [DEBUG   ] Starting new HTTPS connection (1): maayanlab.cloud:443
LINE 456 : 2023-03-31 20:14:17,083 [DEBUG   ] https://maayanlab.cloud:443 "POST /Enrichr/addList HTTP/1.1" 200 74
LINE 228 : 2023-03-31 20:14:18,102 [DEBUG   ] Starting new HTTP connection (1): maayanlab.cloud:80
LINE 456 : 2023-03-31 20:14:18,250 [DEBUG   ] http://maayanlab.cloud:80 "GET /Enrichr/export?userListId=60488834&filename=Human_Phenotype_Ontology.sonis_pathways.reports&backgroundType=Human_Phenotype_Ontology HTTP/1.1" 308 164
LINE 1001: 2023-03-31 20:14:18,254 [DEBUG   ] Starting new HTTPS connection (1): maayanlab.cloud:443
LINE 456 : 2023-03-31 20:14:18,521 [DEBUG   ] https://maayanlab.cloud:443 "GET /Enrichr/export?userListId=60488834&filename=Human_Phenotype_Ontology.sonis_pathways.reports&backgroundType=Human_Phenotype_Ontology HTTP/1.1" 200 None
LINE 431 : 2023-03-31 20:14:18,671 [INFO    ] Save file of enrichment results: Job Id:e26a681c0b21542cfdd72969d6110ae0
LINE 441 : 2023-03-31 20:14:18,680 [INFO    ] Done.

LINE 421 : 2023-03-31 20:14:18,680 [DEBUG   ] Start Enrichr using library: GO_Biological_Process_2021
LINE 422 : 2023-03-31 20:14:18,680 [INFO    ] Analysis name: sonis_pathways, Enrichr Library: GO_Biological_Process_2021
LINE 228 : 2023-03-31 20:14:18,682 [DEBUG   ] Starting new HTTP connection (1): maayanlab.cloud:80
LINE 456 : 2023-03-31 20:14:18,851 [DEBUG   ] http://maayanlab.cloud:80 "POST /Enrichr/addList HTTP/1.1" 308 164
LINE 1001: 2023-03-31 20:14:18,854 [DEBUG   ] Starting new HTTPS connection (1): maayanlab.cloud:443
LINE 456 : 2023-03-31 20:14:19,164 [DEBUG   ] https://maayanlab.cloud:443 "POST /Enrichr/addList HTTP/1.1" 200 74
LINE 228 : 2023-03-31 20:14:20,175 [DEBUG   ] Starting new HTTP connection (1): maayanlab.cloud:80
LINE 456 : 2023-03-31 20:14:20,340 [DEBUG   ] http://maayanlab.cloud:80 "GET /Enrichr/export?userListId=60488835&filename=GO_Biological_Process_2021.sonis_pathways.reports&backgroundType=GO_Biological_Process_2021 HTTP/1.1" 308 164
LINE 1001: 2023-03-31 20:14:20,343 [DEBUG   ] Starting new HTTPS connection (1): maayanlab.cloud:443
LINE 456 : 2023-03-31 20:14:20,609 [DEBUG   ] https://maayanlab.cloud:443 "GET /Enrichr/export?userListId=60488835&filename=GO_Biological_Process_2021.sonis_pathways.reports&backgroundType=GO_Biological_Process_2021 HTTP/1.1" 200 None
LINE 431 : 2023-03-31 20:14:20,843 [INFO    ] Save file of enrichment results: Job Id:7be633cb41207d818bc6f1c27aeba299
LINE 441 : 2023-03-31 20:14:20,857 [INFO    ] Done.

LINE 401 : 2023-03-31 20:14:20,860 [INFO    ] Connecting to Enrichr Server to get latest library names
LINE 228 : 2023-03-31 20:14:20,861 [DEBUG   ] Starting new HTTP connection (1): maayanlab.cloud:80
LINE 456 : 2023-03-31 20:14:21,014 [DEBUG   ] http://maayanlab.cloud:80 "GET /Enrichr/datasetStatistics HTTP/1.1" 308 164
LINE 1001: 2023-03-31 20:14:21,017 [DEBUG   ] Starting new HTTPS connection (1): maayanlab.cloud:443
LINE 456 : 2023-03-31 20:14:21,271 [DEBUG   ] https://maayanlab.cloud:443 "GET /Enrichr/datasetStatistics HTTP/1.1" 200 None
LINE 421 : 2023-03-31 20:14:21,498 [DEBUG   ] Start Enrichr using library: Reactome_2022
LINE 422 : 2023-03-31 20:14:21,499 [INFO    ] Analysis name: sonis_pathways, Enrichr Library: Reactome_2022
LINE 228 : 2023-03-31 20:14:21,500 [DEBUG   ] Starting new HTTP connection (1): maayanlab.cloud:80
LINE 456 : 2023-03-31 20:14:21,652 [DEBUG   ] http://maayanlab.cloud:80 "POST /Enrichr/addList HTTP/1.1" 308 164
LINE 1001: 2023-03-31 20:14:21,656 [DEBUG   ] Starting new HTTPS connection (1): maayanlab.cloud:443
LINE 456 : 2023-03-31 20:14:21,976 [DEBUG   ] https://maayanlab.cloud:443 "POST /Enrichr/addList HTTP/1.1" 200 74
LINE 228 : 2023-03-31 20:14:22,987 [DEBUG   ] Starting new HTTP connection (1): maayanlab.cloud:80
LINE 456 : 2023-03-31 20:14:23,148 [DEBUG   ] http://maayanlab.cloud:80 "GET /Enrichr/export?userListId=60488836&filename=Reactome_2022.sonis_pathways.reports&backgroundType=Reactome_2022 HTTP/1.1" 308 164
LINE 1001: 2023-03-31 20:14:23,151 [DEBUG   ] Starting new HTTPS connection (1): maayanlab.cloud:443
LINE 456 : 2023-03-31 20:14:23,427 [DEBUG   ] https://maayanlab.cloud:443 "GET /Enrichr/export?userListId=60488836&filename=Reactome_2022.sonis_pathways.reports&backgroundType=Reactome_2022 HTTP/1.1" 200 None
LINE 431 : 2023-03-31 20:14:23,507 [INFO    ] Save file of enrichment results: Job Id:f0b7b79cde7334955fcda9e8394ea54c
LINE 441 : 2023-03-31 20:14:23,512 [INFO    ] Done.

LINE 421 : 2023-03-31 20:14:23,512 [DEBUG   ] Start Enrichr using library: KEGG_2021_Human
LINE 422 : 2023-03-31 20:14:23,512 [INFO    ] Analysis name: sonis_pathways, Enrichr Library: KEGG_2021_Human
LINE 228 : 2023-03-31 20:14:23,516 [DEBUG   ] Starting new HTTP connection (1): maayanlab.cloud:80
LINE 456 : 2023-03-31 20:14:23,686 [DEBUG   ] http://maayanlab.cloud:80 "POST /Enrichr/addList HTTP/1.1" 308 164
LINE 1001: 2023-03-31 20:14:23,688 [DEBUG   ] Starting new HTTPS connection (1): maayanlab.cloud:443
LINE 456 : 2023-03-31 20:14:24,008 [DEBUG   ] https://maayanlab.cloud:443 "POST /Enrichr/addList HTTP/1.1" 200 74
LINE 228 : 2023-03-31 20:14:25,022 [DEBUG   ] Starting new HTTP connection (1): maayanlab.cloud:80
LINE 456 : 2023-03-31 20:14:25,176 [DEBUG   ] http://maayanlab.cloud:80 "GET /Enrichr/export?userListId=60488837&filename=KEGG_2021_Human.sonis_pathways.reports&backgroundType=KEGG_2021_Human HTTP/1.1" 308 164
LINE 1001: 2023-03-31 20:14:25,178 [DEBUG   ] Starting new HTTPS connection (1): maayanlab.cloud:443
LINE 456 : 2023-03-31 20:14:25,431 [DEBUG   ] https://maayanlab.cloud:443 "GET /Enrichr/export?userListId=60488837&filename=KEGG_2021_Human.sonis_pathways.reports&backgroundType=KEGG_2021_Human HTTP/1.1" 200 3768
LINE 431 : 2023-03-31 20:14:25,436 [INFO    ] Save file of enrichment results: Job Id:70d2d22b849e1cbe70e611666b07e8e1
LINE 441 : 2023-03-31 20:14:25,438 [INFO    ] Done.

LINE 421 : 2023-03-31 20:14:25,438 [DEBUG   ] Start Enrichr using library: BioPlanet_2019
LINE 422 : 2023-03-31 20:14:25,438 [INFO    ] Analysis name: sonis_pathways, Enrichr Library: BioPlanet_2019
LINE 228 : 2023-03-31 20:14:25,440 [DEBUG   ] Starting new HTTP connection (1): maayanlab.cloud:80
LINE 456 : 2023-03-31 20:14:25,600 [DEBUG   ] http://maayanlab.cloud:80 "POST /Enrichr/addList HTTP/1.1" 308 164
LINE 1001: 2023-03-31 20:14:25,602 [DEBUG   ] Starting new HTTPS connection (1): maayanlab.cloud:443
LINE 456 : 2023-03-31 20:14:25,920 [DEBUG   ] https://maayanlab.cloud:443 "POST /Enrichr/addList HTTP/1.1" 200 74
LINE 228 : 2023-03-31 20:14:26,925 [DEBUG   ] Starting new HTTP connection (1): maayanlab.cloud:80
LINE 456 : 2023-03-31 20:14:27,086 [DEBUG   ] http://maayanlab.cloud:80 "GET /Enrichr/export?userListId=60488838&filename=BioPlanet_2019.sonis_pathways.reports&backgroundType=BioPlanet_2019 HTTP/1.1" 308 164
LINE 1001: 2023-03-31 20:14:27,089 [DEBUG   ] Starting new HTTPS connection (1): maayanlab.cloud:443
LINE 456 : 2023-03-31 20:14:27,369 [DEBUG   ] https://maayanlab.cloud:443 "GET /Enrichr/export?userListId=60488838&filename=BioPlanet_2019.sonis_pathways.reports&backgroundType=BioPlanet_2019 HTTP/1.1" 200 None
LINE 431 : 2023-03-31 20:14:27,452 [INFO    ] Save file of enrichment results: Job Id:1d400b0289168b63fde312501432d2a7
LINE 441 : 2023-03-31 20:14:27,457 [INFO    ] Done.

LINE 421 : 2023-03-31 20:14:27,457 [DEBUG   ] Start Enrichr using library: WikiPathways_2019_Human
LINE 422 : 2023-03-31 20:14:27,457 [INFO    ] Analysis name: sonis_pathways, Enrichr Library: WikiPathways_2019_Human
LINE 228 : 2023-03-31 20:14:27,459 [DEBUG   ] Starting new HTTP connection (1): maayanlab.cloud:80
LINE 456 : 2023-03-31 20:14:27,645 [DEBUG   ] http://maayanlab.cloud:80 "POST /Enrichr/addList HTTP/1.1" 308 164
LINE 1001: 2023-03-31 20:14:27,646 [DEBUG   ] Starting new HTTPS connection (1): maayanlab.cloud:443
LINE 456 : 2023-03-31 20:14:27,964 [DEBUG   ] https://maayanlab.cloud:443 "POST /Enrichr/addList HTTP/1.1" 200 74
LINE 228 : 2023-03-31 20:14:28,978 [DEBUG   ] Starting new HTTP connection (1): maayanlab.cloud:80
LINE 456 : 2023-03-31 20:14:29,176 [DEBUG   ] http://maayanlab.cloud:80 "GET /Enrichr/export?userListId=60488839&filename=WikiPathways_2019_Human.sonis_pathways.reports&backgroundType=WikiPathways_2019_Human HTTP/1.1" 308 164
LINE 1001: 2023-03-31 20:14:29,179 [DEBUG   ] Starting new HTTPS connection (1): maayanlab.cloud:443
LINE 456 : 2023-03-31 20:14:29,460 [DEBUG   ] https://maayanlab.cloud:443 "GET /Enrichr/export?userListId=60488839&filename=WikiPathways_2019_Human.sonis_pathways.reports&backgroundType=WikiPathways_2019_Human HTTP/1.1" 200 6275
LINE 431 : 2023-03-31 20:14:29,467 [INFO    ] Save file of enrichment results: Job Id:c250a73fcc3e80c9a013971f0a5694c8
LINE 441 : 2023-03-31 20:14:29,469 [INFO    ] Done.

LINE 421 : 2023-03-31 20:14:29,469 [DEBUG   ] Start Enrichr using library: Human_Phenotype_Ontology
LINE 422 : 2023-03-31 20:14:29,469 [INFO    ] Analysis name: sonis_pathways, Enrichr Library: Human_Phenotype_Ontology
LINE 228 : 2023-03-31 20:14:29,471 [DEBUG   ] Starting new HTTP connection (1): maayanlab.cloud:80
LINE 456 : 2023-03-31 20:14:29,625 [DEBUG   ] http://maayanlab.cloud:80 "POST /Enrichr/addList HTTP/1.1" 308 164
LINE 1001: 2023-03-31 20:14:29,627 [DEBUG   ] Starting new HTTPS connection (1): maayanlab.cloud:443
LINE 456 : 2023-03-31 20:14:29,947 [DEBUG   ] https://maayanlab.cloud:443 "POST /Enrichr/addList HTTP/1.1" 200 74
LINE 228 : 2023-03-31 20:14:30,966 [DEBUG   ] Starting new HTTP connection (1): maayanlab.cloud:80
LINE 456 : 2023-03-31 20:14:31,163 [DEBUG   ] http://maayanlab.cloud:80 "GET /Enrichr/export?userListId=60488840&filename=Human_Phenotype_Ontology.sonis_pathways.reports&backgroundType=Human_Phenotype_Ontology HTTP/1.1" 308 164
LINE 1001: 2023-03-31 20:14:31,166 [DEBUG   ] Starting new HTTPS connection (1): maayanlab.cloud:443
LINE 456 : 2023-03-31 20:14:31,431 [DEBUG   ] https://maayanlab.cloud:443 "GET /Enrichr/export?userListId=60488840&filename=Human_Phenotype_Ontology.sonis_pathways.reports&backgroundType=Human_Phenotype_Ontology HTTP/1.1" 200 None
LINE 431 : 2023-03-31 20:14:31,588 [INFO    ] Save file of enrichment results: Job Id:cb7aadd91e57db3943d3198d6adf9b75
LINE 441 : 2023-03-31 20:14:31,596 [INFO    ] Done.

LINE 421 : 2023-03-31 20:14:31,596 [DEBUG   ] Start Enrichr using library: GO_Biological_Process_2021
LINE 422 : 2023-03-31 20:14:31,596 [INFO    ] Analysis name: sonis_pathways, Enrichr Library: GO_Biological_Process_2021
LINE 228 : 2023-03-31 20:14:31,599 [DEBUG   ] Starting new HTTP connection (1): maayanlab.cloud:80
LINE 456 : 2023-03-31 20:14:31,758 [DEBUG   ] http://maayanlab.cloud:80 "POST /Enrichr/addList HTTP/1.1" 308 164
LINE 1001: 2023-03-31 20:14:31,762 [DEBUG   ] Starting new HTTPS connection (1): maayanlab.cloud:443
LINE 456 : 2023-03-31 20:14:32,078 [DEBUG   ] https://maayanlab.cloud:443 "POST /Enrichr/addList HTTP/1.1" 200 74
LINE 228 : 2023-03-31 20:14:33,094 [DEBUG   ] Starting new HTTP connection (1): maayanlab.cloud:80
LINE 456 : 2023-03-31 20:14:33,248 [DEBUG   ] http://maayanlab.cloud:80 "GET /Enrichr/export?userListId=60488841&filename=GO_Biological_Process_2021.sonis_pathways.reports&backgroundType=GO_Biological_Process_2021 HTTP/1.1" 308 164
LINE 1001: 2023-03-31 20:14:33,251 [DEBUG   ] Starting new HTTPS connection (1): maayanlab.cloud:443
LINE 456 : 2023-03-31 20:14:33,517 [DEBUG   ] https://maayanlab.cloud:443 "GET /Enrichr/export?userListId=60488841&filename=GO_Biological_Process_2021.sonis_pathways.reports&backgroundType=GO_Biological_Process_2021 HTTP/1.1" 200 None
LINE 431 : 2023-03-31 20:14:33,747 [INFO    ] Save file of enrichment results: Job Id:6910d895ba63c5494f6368fc4e00781a
LINE 441 : 2023-03-31 20:14:33,756 [INFO    ] Done.

LINE 401 : 2023-03-31 20:14:33,760 [INFO    ] Connecting to Enrichr Server to get latest library names
LINE 228 : 2023-03-31 20:14:33,763 [DEBUG   ] Starting new HTTP connection (1): maayanlab.cloud:80
LINE 456 : 2023-03-31 20:14:33,941 [DEBUG   ] http://maayanlab.cloud:80 "GET /Enrichr/datasetStatistics HTTP/1.1" 308 164
LINE 1001: 2023-03-31 20:14:33,944 [DEBUG   ] Starting new HTTPS connection (1): maayanlab.cloud:443
LINE 456 : 2023-03-31 20:14:34,199 [DEBUG   ] https://maayanlab.cloud:443 "GET /Enrichr/datasetStatistics HTTP/1.1" 200 None
LINE 421 : 2023-03-31 20:14:34,419 [DEBUG   ] Start Enrichr using library: Reactome_2022
LINE 422 : 2023-03-31 20:14:34,419 [INFO    ] Analysis name: sonis_pathways, Enrichr Library: Reactome_2022
LINE 228 : 2023-03-31 20:14:34,421 [DEBUG   ] Starting new HTTP connection (1): maayanlab.cloud:80
LINE 456 : 2023-03-31 20:14:34,577 [DEBUG   ] http://maayanlab.cloud:80 "POST /Enrichr/addList HTTP/1.1" 308 164
LINE 1001: 2023-03-31 20:14:34,578 [DEBUG   ] Starting new HTTPS connection (1): maayanlab.cloud:443
LINE 456 : 2023-03-31 20:14:34,902 [DEBUG   ] https://maayanlab.cloud:443 "POST /Enrichr/addList HTTP/1.1" 200 74
LINE 228 : 2023-03-31 20:14:35,923 [DEBUG   ] Starting new HTTP connection (1): maayanlab.cloud:80
LINE 456 : 2023-03-31 20:14:36,082 [DEBUG   ] http://maayanlab.cloud:80 "GET /Enrichr/export?userListId=60488842&filename=Reactome_2022.sonis_pathways.reports&backgroundType=Reactome_2022 HTTP/1.1" 308 164
LINE 1001: 2023-03-31 20:14:36,085 [DEBUG   ] Starting new HTTPS connection (1): maayanlab.cloud:443
LINE 456 : 2023-03-31 20:14:36,377 [DEBUG   ] https://maayanlab.cloud:443 "GET /Enrichr/export?userListId=60488842&filename=Reactome_2022.sonis_pathways.reports&backgroundType=Reactome_2022 HTTP/1.1" 200 None
LINE 431 : 2023-03-31 20:14:36,483 [INFO    ] Save file of enrichment results: Job Id:bc88ef024d48560b0076aaba0c5d0036
LINE 441 : 2023-03-31 20:14:36,488 [INFO    ] Done.

LINE 421 : 2023-03-31 20:14:36,488 [DEBUG   ] Start Enrichr using library: KEGG_2021_Human
LINE 422 : 2023-03-31 20:14:36,488 [INFO    ] Analysis name: sonis_pathways, Enrichr Library: KEGG_2021_Human
LINE 228 : 2023-03-31 20:14:36,491 [DEBUG   ] Starting new HTTP connection (1): maayanlab.cloud:80
LINE 456 : 2023-03-31 20:14:36,641 [DEBUG   ] http://maayanlab.cloud:80 "POST /Enrichr/addList HTTP/1.1" 308 164
LINE 1001: 2023-03-31 20:14:36,644 [DEBUG   ] Starting new HTTPS connection (1): maayanlab.cloud:443
LINE 456 : 2023-03-31 20:14:36,954 [DEBUG   ] https://maayanlab.cloud:443 "POST /Enrichr/addList HTTP/1.1" 200 74
LINE 228 : 2023-03-31 20:14:37,974 [DEBUG   ] Starting new HTTP connection (1): maayanlab.cloud:80
LINE 456 : 2023-03-31 20:14:38,132 [DEBUG   ] http://maayanlab.cloud:80 "GET /Enrichr/export?userListId=60488843&filename=KEGG_2021_Human.sonis_pathways.reports&backgroundType=KEGG_2021_Human HTTP/1.1" 308 164
LINE 1001: 2023-03-31 20:14:38,135 [DEBUG   ] Starting new HTTPS connection (1): maayanlab.cloud:443
LINE 456 : 2023-03-31 20:14:38,402 [DEBUG   ] https://maayanlab.cloud:443 "GET /Enrichr/export?userListId=60488843&filename=KEGG_2021_Human.sonis_pathways.reports&backgroundType=KEGG_2021_Human HTTP/1.1" 200 2824
LINE 431 : 2023-03-31 20:14:38,406 [INFO    ] Save file of enrichment results: Job Id:8471e2b21608f46ef9b6e67dd0d0487a
LINE 441 : 2023-03-31 20:14:38,409 [INFO    ] Done.

LINE 421 : 2023-03-31 20:14:38,409 [DEBUG   ] Start Enrichr using library: BioPlanet_2019
LINE 422 : 2023-03-31 20:14:38,409 [INFO    ] Analysis name: sonis_pathways, Enrichr Library: BioPlanet_2019
LINE 228 : 2023-03-31 20:14:38,411 [DEBUG   ] Starting new HTTP connection (1): maayanlab.cloud:80
LINE 456 : 2023-03-31 20:14:38,583 [DEBUG   ] http://maayanlab.cloud:80 "POST /Enrichr/addList HTTP/1.1" 308 164
LINE 1001: 2023-03-31 20:14:38,586 [DEBUG   ] Starting new HTTPS connection (1): maayanlab.cloud:443
LINE 456 : 2023-03-31 20:14:38,910 [DEBUG   ] https://maayanlab.cloud:443 "POST /Enrichr/addList HTTP/1.1" 200 74
LINE 228 : 2023-03-31 20:14:39,915 [DEBUG   ] Starting new HTTP connection (1): maayanlab.cloud:80
LINE 456 : 2023-03-31 20:14:40,075 [DEBUG   ] http://maayanlab.cloud:80 "GET /Enrichr/export?userListId=60488844&filename=BioPlanet_2019.sonis_pathways.reports&backgroundType=BioPlanet_2019 HTTP/1.1" 308 164
LINE 1001: 2023-03-31 20:14:40,078 [DEBUG   ] Starting new HTTPS connection (1): maayanlab.cloud:443
LINE 456 : 2023-03-31 20:14:41,339 [DEBUG   ] https://maayanlab.cloud:443 "GET /Enrichr/export?userListId=60488844&filename=BioPlanet_2019.sonis_pathways.reports&backgroundType=BioPlanet_2019 HTTP/1.1" 200 None
LINE 431 : 2023-03-31 20:14:41,417 [INFO    ] Save file of enrichment results: Job Id:d01c87aef2ac1c766b7f51d8ecbf81a0
LINE 441 : 2023-03-31 20:14:41,421 [INFO    ] Done.

LINE 421 : 2023-03-31 20:14:41,421 [DEBUG   ] Start Enrichr using library: WikiPathways_2019_Human
LINE 422 : 2023-03-31 20:14:41,421 [INFO    ] Analysis name: sonis_pathways, Enrichr Library: WikiPathways_2019_Human
LINE 228 : 2023-03-31 20:14:41,424 [DEBUG   ] Starting new HTTP connection (1): maayanlab.cloud:80
LINE 456 : 2023-03-31 20:14:41,578 [DEBUG   ] http://maayanlab.cloud:80 "POST /Enrichr/addList HTTP/1.1" 308 164
LINE 1001: 2023-03-31 20:14:41,582 [DEBUG   ] Starting new HTTPS connection (1): maayanlab.cloud:443
LINE 456 : 2023-03-31 20:14:41,900 [DEBUG   ] https://maayanlab.cloud:443 "POST /Enrichr/addList HTTP/1.1" 200 74
LINE 228 : 2023-03-31 20:14:42,913 [DEBUG   ] Starting new HTTP connection (1): maayanlab.cloud:80
LINE 456 : 2023-03-31 20:14:43,068 [DEBUG   ] http://maayanlab.cloud:80 "GET /Enrichr/export?userListId=60488845&filename=WikiPathways_2019_Human.sonis_pathways.reports&backgroundType=WikiPathways_2019_Human HTTP/1.1" 308 164
LINE 1001: 2023-03-31 20:14:43,071 [DEBUG   ] Starting new HTTPS connection (1): maayanlab.cloud:443
LINE 456 : 2023-03-31 20:14:43,329 [DEBUG   ] https://maayanlab.cloud:443 "GET /Enrichr/export?userListId=60488845&filename=WikiPathways_2019_Human.sonis_pathways.reports&backgroundType=WikiPathways_2019_Human HTTP/1.1" 200 3499
LINE 431 : 2023-03-31 20:14:43,335 [INFO    ] Save file of enrichment results: Job Id:a80407f10e3931f85a16a7c58f0f91d8
LINE 441 : 2023-03-31 20:14:43,338 [INFO    ] Done.

LINE 421 : 2023-03-31 20:14:43,338 [DEBUG   ] Start Enrichr using library: Human_Phenotype_Ontology
LINE 422 : 2023-03-31 20:14:43,338 [INFO    ] Analysis name: sonis_pathways, Enrichr Library: Human_Phenotype_Ontology
LINE 228 : 2023-03-31 20:14:43,340 [DEBUG   ] Starting new HTTP connection (1): maayanlab.cloud:80
LINE 456 : 2023-03-31 20:14:43,504 [DEBUG   ] http://maayanlab.cloud:80 "POST /Enrichr/addList HTTP/1.1" 308 164
LINE 1001: 2023-03-31 20:14:43,507 [DEBUG   ] Starting new HTTPS connection (1): maayanlab.cloud:443
LINE 456 : 2023-03-31 20:14:43,820 [DEBUG   ] https://maayanlab.cloud:443 "POST /Enrichr/addList HTTP/1.1" 200 74
LINE 228 : 2023-03-31 20:14:44,837 [DEBUG   ] Starting new HTTP connection (1): maayanlab.cloud:80
LINE 456 : 2023-03-31 20:14:44,993 [DEBUG   ] http://maayanlab.cloud:80 "GET /Enrichr/export?userListId=60488846&filename=Human_Phenotype_Ontology.sonis_pathways.reports&backgroundType=Human_Phenotype_Ontology HTTP/1.1" 308 164
LINE 1001: 2023-03-31 20:14:44,997 [DEBUG   ] Starting new HTTPS connection (1): maayanlab.cloud:443
LINE 456 : 2023-03-31 20:14:45,265 [DEBUG   ] https://maayanlab.cloud:443 "GET /Enrichr/export?userListId=60488846&filename=Human_Phenotype_Ontology.sonis_pathways.reports&backgroundType=Human_Phenotype_Ontology HTTP/1.1" 200 None
LINE 431 : 2023-03-31 20:14:45,349 [INFO    ] Save file of enrichment results: Job Id:9cd5179ea60629956e6cc276265ebfb6
LINE 441 : 2023-03-31 20:14:45,357 [INFO    ] Done.

LINE 421 : 2023-03-31 20:14:45,357 [DEBUG   ] Start Enrichr using library: GO_Biological_Process_2021
LINE 422 : 2023-03-31 20:14:45,357 [INFO    ] Analysis name: sonis_pathways, Enrichr Library: GO_Biological_Process_2021
LINE 228 : 2023-03-31 20:14:45,361 [DEBUG   ] Starting new HTTP connection (1): maayanlab.cloud:80
LINE 456 : 2023-03-31 20:14:45,521 [DEBUG   ] http://maayanlab.cloud:80 "POST /Enrichr/addList HTTP/1.1" 308 164
LINE 1001: 2023-03-31 20:14:45,525 [DEBUG   ] Starting new HTTPS connection (1): maayanlab.cloud:443
LINE 456 : 2023-03-31 20:14:45,840 [DEBUG   ] https://maayanlab.cloud:443 "POST /Enrichr/addList HTTP/1.1" 200 74
LINE 228 : 2023-03-31 20:14:46,849 [DEBUG   ] Starting new HTTP connection (1): maayanlab.cloud:80
LINE 456 : 2023-03-31 20:14:46,999 [DEBUG   ] http://maayanlab.cloud:80 "GET /Enrichr/export?userListId=60488847&filename=GO_Biological_Process_2021.sonis_pathways.reports&backgroundType=GO_Biological_Process_2021 HTTP/1.1" 308 164
LINE 1001: 2023-03-31 20:14:47,003 [DEBUG   ] Starting new HTTPS connection (1): maayanlab.cloud:443
LINE 456 : 2023-03-31 20:14:47,250 [DEBUG   ] https://maayanlab.cloud:443 "GET /Enrichr/export?userListId=60488847&filename=GO_Biological_Process_2021.sonis_pathways.reports&backgroundType=GO_Biological_Process_2021 HTTP/1.1" 200 None
LINE 431 : 2023-03-31 20:14:47,396 [INFO    ] Save file of enrichment results: Job Id:580061ea1d52aade9c9c691643397c68
LINE 441 : 2023-03-31 20:14:47,402 [INFO    ] Done.

LINE 401 : 2023-03-31 20:14:47,403 [INFO    ] Connecting to Enrichr Server to get latest library names
LINE 228 : 2023-03-31 20:14:47,405 [DEBUG   ] Starting new HTTP connection (1): maayanlab.cloud:80
LINE 456 : 2023-03-31 20:14:47,570 [DEBUG   ] http://maayanlab.cloud:80 "GET /Enrichr/datasetStatistics HTTP/1.1" 308 164
LINE 1001: 2023-03-31 20:14:47,572 [DEBUG   ] Starting new HTTPS connection (1): maayanlab.cloud:443
LINE 456 : 2023-03-31 20:14:47,824 [DEBUG   ] https://maayanlab.cloud:443 "GET /Enrichr/datasetStatistics HTTP/1.1" 200 None
LINE 421 : 2023-03-31 20:14:48,049 [DEBUG   ] Start Enrichr using library: Reactome_2022
LINE 422 : 2023-03-31 20:14:48,049 [INFO    ] Analysis name: sonis_pathways, Enrichr Library: Reactome_2022
LINE 228 : 2023-03-31 20:14:48,051 [DEBUG   ] Starting new HTTP connection (1): maayanlab.cloud:80
LINE 456 : 2023-03-31 20:14:48,204 [DEBUG   ] http://maayanlab.cloud:80 "POST /Enrichr/addList HTTP/1.1" 308 164
LINE 1001: 2023-03-31 20:14:48,207 [DEBUG   ] Starting new HTTPS connection (1): maayanlab.cloud:443
LINE 456 : 2023-03-31 20:14:48,506 [DEBUG   ] https://maayanlab.cloud:443 "POST /Enrichr/addList HTTP/1.1" 200 74
LINE 228 : 2023-03-31 20:14:49,520 [DEBUG   ] Starting new HTTP connection (1): maayanlab.cloud:80
LINE 456 : 2023-03-31 20:14:49,693 [DEBUG   ] http://maayanlab.cloud:80 "GET /Enrichr/export?userListId=60488848&filename=Reactome_2022.sonis_pathways.reports&backgroundType=Reactome_2022 HTTP/1.1" 308 164
LINE 1001: 2023-03-31 20:14:49,696 [DEBUG   ] Starting new HTTPS connection (1): maayanlab.cloud:443
LINE 456 : 2023-03-31 20:14:49,968 [DEBUG   ] https://maayanlab.cloud:443 "GET /Enrichr/export?userListId=60488848&filename=Reactome_2022.sonis_pathways.reports&backgroundType=Reactome_2022 HTTP/1.1" 200 5697
LINE 431 : 2023-03-31 20:14:49,974 [INFO    ] Save file of enrichment results: Job Id:c93b99a39f3e4ecfa81353e0a72284e4
LINE 441 : 2023-03-31 20:14:49,977 [INFO    ] Done.

LINE 421 : 2023-03-31 20:14:49,977 [DEBUG   ] Start Enrichr using library: KEGG_2021_Human
LINE 422 : 2023-03-31 20:14:49,977 [INFO    ] Analysis name: sonis_pathways, Enrichr Library: KEGG_2021_Human
LINE 228 : 2023-03-31 20:14:49,979 [DEBUG   ] Starting new HTTP connection (1): maayanlab.cloud:80
LINE 456 : 2023-03-31 20:14:50,123 [DEBUG   ] http://maayanlab.cloud:80 "POST /Enrichr/addList HTTP/1.1" 308 164
LINE 1001: 2023-03-31 20:14:50,127 [DEBUG   ] Starting new HTTPS connection (1): maayanlab.cloud:443
LINE 456 : 2023-03-31 20:14:50,417 [DEBUG   ] https://maayanlab.cloud:443 "POST /Enrichr/addList HTTP/1.1" 200 74
LINE 228 : 2023-03-31 20:14:51,426 [DEBUG   ] Starting new HTTP connection (1): maayanlab.cloud:80
LINE 456 : 2023-03-31 20:14:51,580 [DEBUG   ] http://maayanlab.cloud:80 "GET /Enrichr/export?userListId=60488849&filename=KEGG_2021_Human.sonis_pathways.reports&backgroundType=KEGG_2021_Human HTTP/1.1" 308 164
LINE 1001: 2023-03-31 20:14:51,583 [DEBUG   ] Starting new HTTPS connection (1): maayanlab.cloud:443
LINE 456 : 2023-03-31 20:14:51,836 [DEBUG   ] https://maayanlab.cloud:443 "GET /Enrichr/export?userListId=60488849&filename=KEGG_2021_Human.sonis_pathways.reports&backgroundType=KEGG_2021_Human HTTP/1.1" 200 2708
LINE 431 : 2023-03-31 20:14:51,841 [INFO    ] Save file of enrichment results: Job Id:9dece7ddce24b55bebef157410dddb6f
LINE 441 : 2023-03-31 20:14:51,843 [INFO    ] Done.

LINE 421 : 2023-03-31 20:14:51,843 [DEBUG   ] Start Enrichr using library: BioPlanet_2019
LINE 422 : 2023-03-31 20:14:51,843 [INFO    ] Analysis name: sonis_pathways, Enrichr Library: BioPlanet_2019
LINE 228 : 2023-03-31 20:14:51,845 [DEBUG   ] Starting new HTTP connection (1): maayanlab.cloud:80
LINE 456 : 2023-03-31 20:14:52,000 [DEBUG   ] http://maayanlab.cloud:80 "POST /Enrichr/addList HTTP/1.1" 308 164
LINE 1001: 2023-03-31 20:14:52,005 [DEBUG   ] Starting new HTTPS connection (1): maayanlab.cloud:443
LINE 456 : 2023-03-31 20:14:52,302 [DEBUG   ] https://maayanlab.cloud:443 "POST /Enrichr/addList HTTP/1.1" 200 74
LINE 228 : 2023-03-31 20:14:53,317 [DEBUG   ] Starting new HTTP connection (1): maayanlab.cloud:80
LINE 456 : 2023-03-31 20:14:53,485 [DEBUG   ] http://maayanlab.cloud:80 "GET /Enrichr/export?userListId=60488850&filename=BioPlanet_2019.sonis_pathways.reports&backgroundType=BioPlanet_2019 HTTP/1.1" 308 164
LINE 1001: 2023-03-31 20:14:53,489 [DEBUG   ] Starting new HTTPS connection (1): maayanlab.cloud:443
LINE 456 : 2023-03-31 20:14:53,754 [DEBUG   ] https://maayanlab.cloud:443 "GET /Enrichr/export?userListId=60488850&filename=BioPlanet_2019.sonis_pathways.reports&backgroundType=BioPlanet_2019 HTTP/1.1" 200 5973
LINE 431 : 2023-03-31 20:14:53,759 [INFO    ] Save file of enrichment results: Job Id:c447ad1a0eb5f49f90850cbbdd06b7ef
LINE 441 : 2023-03-31 20:14:53,761 [INFO    ] Done.

LINE 421 : 2023-03-31 20:14:53,761 [DEBUG   ] Start Enrichr using library: WikiPathways_2019_Human
LINE 422 : 2023-03-31 20:14:53,762 [INFO    ] Analysis name: sonis_pathways, Enrichr Library: WikiPathways_2019_Human
LINE 228 : 2023-03-31 20:14:53,763 [DEBUG   ] Starting new HTTP connection (1): maayanlab.cloud:80
LINE 456 : 2023-03-31 20:14:53,915 [DEBUG   ] http://maayanlab.cloud:80 "POST /Enrichr/addList HTTP/1.1" 308 164
LINE 1001: 2023-03-31 20:14:53,920 [DEBUG   ] Starting new HTTPS connection (1): maayanlab.cloud:443
LINE 456 : 2023-03-31 20:14:54,217 [DEBUG   ] https://maayanlab.cloud:443 "POST /Enrichr/addList HTTP/1.1" 200 74
LINE 228 : 2023-03-31 20:14:55,237 [DEBUG   ] Starting new HTTP connection (1): maayanlab.cloud:80
LINE 456 : 2023-03-31 20:14:55,403 [DEBUG   ] http://maayanlab.cloud:80 "GET /Enrichr/export?userListId=60488851&filename=WikiPathways_2019_Human.sonis_pathways.reports&backgroundType=WikiPathways_2019_Human HTTP/1.1" 308 164
LINE 1001: 2023-03-31 20:14:55,407 [DEBUG   ] Starting new HTTPS connection (1): maayanlab.cloud:443
LINE 456 : 2023-03-31 20:14:55,664 [DEBUG   ] https://maayanlab.cloud:443 "GET /Enrichr/export?userListId=60488851&filename=WikiPathways_2019_Human.sonis_pathways.reports&backgroundType=WikiPathways_2019_Human HTTP/1.1" 200 2261
LINE 431 : 2023-03-31 20:14:55,668 [INFO    ] Save file of enrichment results: Job Id:2849617d662edfe801f218180a0a23a5
LINE 441 : 2023-03-31 20:14:55,670 [INFO    ] Done.

LINE 421 : 2023-03-31 20:14:55,670 [DEBUG   ] Start Enrichr using library: Human_Phenotype_Ontology
LINE 422 : 2023-03-31 20:14:55,670 [INFO    ] Analysis name: sonis_pathways, Enrichr Library: Human_Phenotype_Ontology
LINE 228 : 2023-03-31 20:14:55,672 [DEBUG   ] Starting new HTTP connection (1): maayanlab.cloud:80
LINE 456 : 2023-03-31 20:14:55,821 [DEBUG   ] http://maayanlab.cloud:80 "POST /Enrichr/addList HTTP/1.1" 308 164
LINE 1001: 2023-03-31 20:14:55,824 [DEBUG   ] Starting new HTTPS connection (1): maayanlab.cloud:443
LINE 456 : 2023-03-31 20:14:56,119 [DEBUG   ] https://maayanlab.cloud:443 "POST /Enrichr/addList HTTP/1.1" 200 74
LINE 228 : 2023-03-31 20:14:57,125 [DEBUG   ] Starting new HTTP connection (1): maayanlab.cloud:80
LINE 456 : 2023-03-31 20:14:57,281 [DEBUG   ] http://maayanlab.cloud:80 "GET /Enrichr/export?userListId=60488852&filename=Human_Phenotype_Ontology.sonis_pathways.reports&backgroundType=Human_Phenotype_Ontology HTTP/1.1" 308 164
LINE 1001: 2023-03-31 20:14:57,285 [DEBUG   ] Starting new HTTPS connection (1): maayanlab.cloud:443
LINE 456 : 2023-03-31 20:14:57,541 [DEBUG   ] https://maayanlab.cloud:443 "GET /Enrichr/export?userListId=60488852&filename=Human_Phenotype_Ontology.sonis_pathways.reports&backgroundType=Human_Phenotype_Ontology HTTP/1.1" 200 None
LINE 431 : 2023-03-31 20:14:57,599 [INFO    ] Save file of enrichment results: Job Id:7906eec00cfa3e4193ca13c800146c38
LINE 441 : 2023-03-31 20:14:57,602 [INFO    ] Done.

LINE 421 : 2023-03-31 20:14:57,602 [DEBUG   ] Start Enrichr using library: GO_Biological_Process_2021
LINE 422 : 2023-03-31 20:14:57,602 [INFO    ] Analysis name: sonis_pathways, Enrichr Library: GO_Biological_Process_2021
LINE 228 : 2023-03-31 20:14:57,604 [DEBUG   ] Starting new HTTP connection (1): maayanlab.cloud:80
LINE 456 : 2023-03-31 20:14:57,763 [DEBUG   ] http://maayanlab.cloud:80 "POST /Enrichr/addList HTTP/1.1" 308 164
LINE 1001: 2023-03-31 20:14:57,765 [DEBUG   ] Starting new HTTPS connection (1): maayanlab.cloud:443
LINE 456 : 2023-03-31 20:14:58,069 [DEBUG   ] https://maayanlab.cloud:443 "POST /Enrichr/addList HTTP/1.1" 200 74
LINE 228 : 2023-03-31 20:14:59,079 [DEBUG   ] Starting new HTTP connection (1): maayanlab.cloud:80
LINE 456 : 2023-03-31 20:14:59,240 [DEBUG   ] http://maayanlab.cloud:80 "GET /Enrichr/export?userListId=60488853&filename=GO_Biological_Process_2021.sonis_pathways.reports&backgroundType=GO_Biological_Process_2021 HTTP/1.1" 308 164
LINE 1001: 2023-03-31 20:14:59,244 [DEBUG   ] Starting new HTTPS connection (1): maayanlab.cloud:443
LINE 456 : 2023-03-31 20:14:59,519 [DEBUG   ] https://maayanlab.cloud:443 "GET /Enrichr/export?userListId=60488853&filename=GO_Biological_Process_2021.sonis_pathways.reports&backgroundType=GO_Biological_Process_2021 HTTP/1.1" 200 None
LINE 431 : 2023-03-31 20:14:59,596 [INFO    ] Save file of enrichment results: Job Id:7d0dae8ed238490aa41802532a7f02e8
LINE 441 : 2023-03-31 20:14:59,599 [INFO    ] Done.

LINE 401 : 2023-03-31 20:14:59,600 [INFO    ] Connecting to Enrichr Server to get latest library names
LINE 228 : 2023-03-31 20:14:59,602 [DEBUG   ] Starting new HTTP connection (1): maayanlab.cloud:80
LINE 456 : 2023-03-31 20:14:59,781 [DEBUG   ] http://maayanlab.cloud:80 "GET /Enrichr/datasetStatistics HTTP/1.1" 308 164
LINE 1001: 2023-03-31 20:14:59,783 [DEBUG   ] Starting new HTTPS connection (1): maayanlab.cloud:443
LINE 456 : 2023-03-31 20:15:00,037 [DEBUG   ] https://maayanlab.cloud:443 "GET /Enrichr/datasetStatistics HTTP/1.1" 200 None
LINE 421 : 2023-03-31 20:15:00,197 [DEBUG   ] Start Enrichr using library: Reactome_2022
LINE 422 : 2023-03-31 20:15:00,197 [INFO    ] Analysis name: sonis_pathways, Enrichr Library: Reactome_2022
LINE 228 : 2023-03-31 20:15:00,198 [DEBUG   ] Starting new HTTP connection (1): maayanlab.cloud:80
LINE 456 : 2023-03-31 20:15:00,352 [DEBUG   ] http://maayanlab.cloud:80 "POST /Enrichr/addList HTTP/1.1" 308 164
LINE 1001: 2023-03-31 20:15:00,355 [DEBUG   ] Starting new HTTPS connection (1): maayanlab.cloud:443
LINE 456 : 2023-03-31 20:15:00,712 [DEBUG   ] https://maayanlab.cloud:443 "POST /Enrichr/addList HTTP/1.1" 200 74
LINE 228 : 2023-03-31 20:15:01,731 [DEBUG   ] Starting new HTTP connection (1): maayanlab.cloud:80
LINE 456 : 2023-03-31 20:15:01,892 [DEBUG   ] http://maayanlab.cloud:80 "GET /Enrichr/export?userListId=60488854&filename=Reactome_2022.sonis_pathways.reports&backgroundType=Reactome_2022 HTTP/1.1" 308 164
LINE 1001: 2023-03-31 20:15:01,896 [DEBUG   ] Starting new HTTPS connection (1): maayanlab.cloud:443
LINE 456 : 2023-03-31 20:15:02,237 [DEBUG   ] https://maayanlab.cloud:443 "GET /Enrichr/export?userListId=60488854&filename=Reactome_2022.sonis_pathways.reports&backgroundType=Reactome_2022 HTTP/1.1" 200 None
LINE 431 : 2023-03-31 20:15:02,467 [INFO    ] Save file of enrichment results: Job Id:24042824272e53d3324315ccb81cbf5c
LINE 441 : 2023-03-31 20:15:02,476 [INFO    ] Done.

LINE 421 : 2023-03-31 20:15:02,476 [DEBUG   ] Start Enrichr using library: KEGG_2021_Human
LINE 422 : 2023-03-31 20:15:02,476 [INFO    ] Analysis name: sonis_pathways, Enrichr Library: KEGG_2021_Human
LINE 228 : 2023-03-31 20:15:02,477 [DEBUG   ] Starting new HTTP connection (1): maayanlab.cloud:80
LINE 456 : 2023-03-31 20:15:02,639 [DEBUG   ] http://maayanlab.cloud:80 "POST /Enrichr/addList HTTP/1.1" 308 164
LINE 1001: 2023-03-31 20:15:02,641 [DEBUG   ] Starting new HTTPS connection (1): maayanlab.cloud:443
LINE 456 : 2023-03-31 20:15:03,011 [DEBUG   ] https://maayanlab.cloud:443 "POST /Enrichr/addList HTTP/1.1" 200 74
LINE 228 : 2023-03-31 20:15:04,025 [DEBUG   ] Starting new HTTP connection (1): maayanlab.cloud:80
LINE 456 : 2023-03-31 20:15:04,188 [DEBUG   ] http://maayanlab.cloud:80 "GET /Enrichr/export?userListId=60488855&filename=KEGG_2021_Human.sonis_pathways.reports&backgroundType=KEGG_2021_Human HTTP/1.1" 308 164
LINE 1001: 2023-03-31 20:15:04,191 [DEBUG   ] Starting new HTTPS connection (1): maayanlab.cloud:443
LINE 456 : 2023-03-31 20:15:04,456 [DEBUG   ] https://maayanlab.cloud:443 "GET /Enrichr/export?userListId=60488855&filename=KEGG_2021_Human.sonis_pathways.reports&backgroundType=KEGG_2021_Human HTTP/1.1" 200 None
LINE 431 : 2023-03-31 20:15:04,603 [INFO    ] Save file of enrichment results: Job Id:af0d24e73bff16fda223de1141b12ac3
LINE 441 : 2023-03-31 20:15:04,607 [INFO    ] Done.

LINE 421 : 2023-03-31 20:15:04,607 [DEBUG   ] Start Enrichr using library: BioPlanet_2019
LINE 422 : 2023-03-31 20:15:04,607 [INFO    ] Analysis name: sonis_pathways, Enrichr Library: BioPlanet_2019
LINE 228 : 2023-03-31 20:15:04,609 [DEBUG   ] Starting new HTTP connection (1): maayanlab.cloud:80
LINE 456 : 2023-03-31 20:15:04,785 [DEBUG   ] http://maayanlab.cloud:80 "POST /Enrichr/addList HTTP/1.1" 308 164
LINE 1001: 2023-03-31 20:15:04,788 [DEBUG   ] Starting new HTTPS connection (1): maayanlab.cloud:443
LINE 456 : 2023-03-31 20:15:05,166 [DEBUG   ] https://maayanlab.cloud:443 "POST /Enrichr/addList HTTP/1.1" 200 74
LINE 228 : 2023-03-31 20:15:06,177 [DEBUG   ] Starting new HTTP connection (1): maayanlab.cloud:80
LINE 456 : 2023-03-31 20:15:06,329 [DEBUG   ] http://maayanlab.cloud:80 "GET /Enrichr/export?userListId=60488856&filename=BioPlanet_2019.sonis_pathways.reports&backgroundType=BioPlanet_2019 HTTP/1.1" 308 164
LINE 1001: 2023-03-31 20:15:06,331 [DEBUG   ] Starting new HTTPS connection (1): maayanlab.cloud:443
LINE 456 : 2023-03-31 20:15:06,609 [DEBUG   ] https://maayanlab.cloud:443 "GET /Enrichr/export?userListId=60488856&filename=BioPlanet_2019.sonis_pathways.reports&backgroundType=BioPlanet_2019 HTTP/1.1" 200 None
LINE 431 : 2023-03-31 20:15:06,823 [INFO    ] Save file of enrichment results: Job Id:2b13fba85378539fcb2261b4feea7922
LINE 441 : 2023-03-31 20:15:06,834 [INFO    ] Done.

LINE 421 : 2023-03-31 20:15:06,834 [DEBUG   ] Start Enrichr using library: WikiPathways_2019_Human
LINE 422 : 2023-03-31 20:15:06,834 [INFO    ] Analysis name: sonis_pathways, Enrichr Library: WikiPathways_2019_Human
LINE 228 : 2023-03-31 20:15:06,836 [DEBUG   ] Starting new HTTP connection (1): maayanlab.cloud:80
LINE 456 : 2023-03-31 20:15:06,997 [DEBUG   ] http://maayanlab.cloud:80 "POST /Enrichr/addList HTTP/1.1" 308 164
LINE 1001: 2023-03-31 20:15:06,999 [DEBUG   ] Starting new HTTPS connection (1): maayanlab.cloud:443
LINE 456 : 2023-03-31 20:15:07,360 [DEBUG   ] https://maayanlab.cloud:443 "POST /Enrichr/addList HTTP/1.1" 200 74
LINE 228 : 2023-03-31 20:15:08,367 [DEBUG   ] Starting new HTTP connection (1): maayanlab.cloud:80
LINE 456 : 2023-03-31 20:15:08,522 [DEBUG   ] http://maayanlab.cloud:80 "GET /Enrichr/export?userListId=60488857&filename=WikiPathways_2019_Human.sonis_pathways.reports&backgroundType=WikiPathways_2019_Human HTTP/1.1" 308 164
LINE 1001: 2023-03-31 20:15:08,527 [DEBUG   ] Starting new HTTPS connection (1): maayanlab.cloud:443
LINE 456 : 2023-03-31 20:15:08,792 [DEBUG   ] https://maayanlab.cloud:443 "GET /Enrichr/export?userListId=60488857&filename=WikiPathways_2019_Human.sonis_pathways.reports&backgroundType=WikiPathways_2019_Human HTTP/1.1" 200 None
LINE 431 : 2023-03-31 20:15:08,947 [INFO    ] Save file of enrichment results: Job Id:58fdd7fefb1694ce76bfdfda3d7b1285
LINE 441 : 2023-03-31 20:15:08,953 [INFO    ] Done.

LINE 421 : 2023-03-31 20:15:08,953 [DEBUG   ] Start Enrichr using library: Human_Phenotype_Ontology
LINE 422 : 2023-03-31 20:15:08,953 [INFO    ] Analysis name: sonis_pathways, Enrichr Library: Human_Phenotype_Ontology
LINE 228 : 2023-03-31 20:15:08,955 [DEBUG   ] Starting new HTTP connection (1): maayanlab.cloud:80
LINE 456 : 2023-03-31 20:15:09,105 [DEBUG   ] http://maayanlab.cloud:80 "POST /Enrichr/addList HTTP/1.1" 308 164
LINE 1001: 2023-03-31 20:15:09,107 [DEBUG   ] Starting new HTTPS connection (1): maayanlab.cloud:443
LINE 456 : 2023-03-31 20:15:09,465 [DEBUG   ] https://maayanlab.cloud:443 "POST /Enrichr/addList HTTP/1.1" 200 74
LINE 228 : 2023-03-31 20:15:10,473 [DEBUG   ] Starting new HTTP connection (1): maayanlab.cloud:80
LINE 456 : 2023-03-31 20:15:10,648 [DEBUG   ] http://maayanlab.cloud:80 "GET /Enrichr/export?userListId=60488858&filename=Human_Phenotype_Ontology.sonis_pathways.reports&backgroundType=Human_Phenotype_Ontology HTTP/1.1" 308 164
LINE 1001: 2023-03-31 20:15:10,651 [DEBUG   ] Starting new HTTPS connection (1): maayanlab.cloud:443
LINE 456 : 2023-03-31 20:15:10,916 [DEBUG   ] https://maayanlab.cloud:443 "GET /Enrichr/export?userListId=60488858&filename=Human_Phenotype_Ontology.sonis_pathways.reports&backgroundType=Human_Phenotype_Ontology HTTP/1.1" 200 None
LINE 431 : 2023-03-31 20:15:11,078 [INFO    ] Save file of enrichment results: Job Id:afc8a472c286a68fe1be07c9de37cf7d
LINE 441 : 2023-03-31 20:15:11,087 [INFO    ] Done.

LINE 421 : 2023-03-31 20:15:11,087 [DEBUG   ] Start Enrichr using library: GO_Biological_Process_2021
LINE 422 : 2023-03-31 20:15:11,087 [INFO    ] Analysis name: sonis_pathways, Enrichr Library: GO_Biological_Process_2021
LINE 228 : 2023-03-31 20:15:11,091 [DEBUG   ] Starting new HTTP connection (1): maayanlab.cloud:80
LINE 456 : 2023-03-31 20:15:11,263 [DEBUG   ] http://maayanlab.cloud:80 "POST /Enrichr/addList HTTP/1.1" 308 164
LINE 1001: 2023-03-31 20:15:11,266 [DEBUG   ] Starting new HTTPS connection (1): maayanlab.cloud:443
LINE 456 : 2023-03-31 20:15:11,632 [DEBUG   ] https://maayanlab.cloud:443 "POST /Enrichr/addList HTTP/1.1" 200 74
LINE 228 : 2023-03-31 20:15:12,646 [DEBUG   ] Starting new HTTP connection (1): maayanlab.cloud:80
LINE 456 : 2023-03-31 20:15:12,816 [DEBUG   ] http://maayanlab.cloud:80 "GET /Enrichr/export?userListId=60488859&filename=GO_Biological_Process_2021.sonis_pathways.reports&backgroundType=GO_Biological_Process_2021 HTTP/1.1" 308 164
LINE 1001: 2023-03-31 20:15:12,819 [DEBUG   ] Starting new HTTPS connection (1): maayanlab.cloud:443
LINE 456 : 2023-03-31 20:15:13,080 [DEBUG   ] https://maayanlab.cloud:443 "GET /Enrichr/export?userListId=60488859&filename=GO_Biological_Process_2021.sonis_pathways.reports&backgroundType=GO_Biological_Process_2021 HTTP/1.1" 200 None
LINE 431 : 2023-03-31 20:15:13,681 [INFO    ] Save file of enrichment results: Job Id:b83c08e6c011ba1e171b272716383b37
LINE 441 : 2023-03-31 20:15:13,702 [INFO    ] Done.

LINE 401 : 2023-03-31 20:15:13,706 [INFO    ] Connecting to Enrichr Server to get latest library names
LINE 228 : 2023-03-31 20:15:13,708 [DEBUG   ] Starting new HTTP connection (1): maayanlab.cloud:80
LINE 456 : 2023-03-31 20:15:13,873 [DEBUG   ] http://maayanlab.cloud:80 "GET /Enrichr/datasetStatistics HTTP/1.1" 308 164
LINE 1001: 2023-03-31 20:15:13,876 [DEBUG   ] Starting new HTTPS connection (1): maayanlab.cloud:443
LINE 456 : 2023-03-31 20:15:14,123 [DEBUG   ] https://maayanlab.cloud:443 "GET /Enrichr/datasetStatistics HTTP/1.1" 200 None
LINE 421 : 2023-03-31 20:15:14,281 [DEBUG   ] Start Enrichr using library: Reactome_2022
LINE 422 : 2023-03-31 20:15:14,282 [INFO    ] Analysis name: sonis_pathways, Enrichr Library: Reactome_2022
LINE 228 : 2023-03-31 20:15:14,284 [DEBUG   ] Starting new HTTP connection (1): maayanlab.cloud:80
LINE 456 : 2023-03-31 20:15:14,448 [DEBUG   ] http://maayanlab.cloud:80 "POST /Enrichr/addList HTTP/1.1" 308 164
LINE 1001: 2023-03-31 20:15:14,451 [DEBUG   ] Starting new HTTPS connection (1): maayanlab.cloud:443
LINE 456 : 2023-03-31 20:15:14,763 [DEBUG   ] https://maayanlab.cloud:443 "POST /Enrichr/addList HTTP/1.1" 200 74
LINE 228 : 2023-03-31 20:15:15,781 [DEBUG   ] Starting new HTTP connection (1): maayanlab.cloud:80
LINE 456 : 2023-03-31 20:15:15,951 [DEBUG   ] http://maayanlab.cloud:80 "GET /Enrichr/export?userListId=60488860&filename=Reactome_2022.sonis_pathways.reports&backgroundType=Reactome_2022 HTTP/1.1" 308 164
LINE 1001: 2023-03-31 20:15:15,954 [DEBUG   ] Starting new HTTPS connection (1): maayanlab.cloud:443
LINE 456 : 2023-03-31 20:15:16,223 [DEBUG   ] https://maayanlab.cloud:443 "GET /Enrichr/export?userListId=60488860&filename=Reactome_2022.sonis_pathways.reports&backgroundType=Reactome_2022 HTTP/1.1" 200 None
LINE 431 : 2023-03-31 20:15:16,431 [INFO    ] Save file of enrichment results: Job Id:707637a27b6dadc8617b54f2e03d5889
LINE 441 : 2023-03-31 20:15:16,437 [INFO    ] Done.

LINE 421 : 2023-03-31 20:15:16,437 [DEBUG   ] Start Enrichr using library: KEGG_2021_Human
LINE 422 : 2023-03-31 20:15:16,437 [INFO    ] Analysis name: sonis_pathways, Enrichr Library: KEGG_2021_Human
LINE 228 : 2023-03-31 20:15:16,439 [DEBUG   ] Starting new HTTP connection (1): maayanlab.cloud:80
LINE 456 : 2023-03-31 20:15:16,595 [DEBUG   ] http://maayanlab.cloud:80 "POST /Enrichr/addList HTTP/1.1" 308 164
LINE 1001: 2023-03-31 20:15:16,598 [DEBUG   ] Starting new HTTPS connection (1): maayanlab.cloud:443
LINE 456 : 2023-03-31 20:15:17,018 [DEBUG   ] https://maayanlab.cloud:443 "POST /Enrichr/addList HTTP/1.1" 200 74
LINE 228 : 2023-03-31 20:15:18,032 [DEBUG   ] Starting new HTTP connection (1): maayanlab.cloud:80
LINE 456 : 2023-03-31 20:15:18,193 [DEBUG   ] http://maayanlab.cloud:80 "GET /Enrichr/export?userListId=60488861&filename=KEGG_2021_Human.sonis_pathways.reports&backgroundType=KEGG_2021_Human HTTP/1.1" 308 164
LINE 1001: 2023-03-31 20:15:18,195 [DEBUG   ] Starting new HTTPS connection (1): maayanlab.cloud:443
LINE 456 : 2023-03-31 20:15:18,449 [DEBUG   ] https://maayanlab.cloud:443 "GET /Enrichr/export?userListId=60488861&filename=KEGG_2021_Human.sonis_pathways.reports&backgroundType=KEGG_2021_Human HTTP/1.1" 200 None
LINE 431 : 2023-03-31 20:15:18,531 [INFO    ] Save file of enrichment results: Job Id:87ab306871b815835b9522b25c95f27b
LINE 441 : 2023-03-31 20:15:18,534 [INFO    ] Done.

LINE 421 : 2023-03-31 20:15:18,534 [DEBUG   ] Start Enrichr using library: BioPlanet_2019
LINE 422 : 2023-03-31 20:15:18,534 [INFO    ] Analysis name: sonis_pathways, Enrichr Library: BioPlanet_2019
LINE 228 : 2023-03-31 20:15:18,537 [DEBUG   ] Starting new HTTP connection (1): maayanlab.cloud:80
LINE 456 : 2023-03-31 20:15:18,690 [DEBUG   ] http://maayanlab.cloud:80 "POST /Enrichr/addList HTTP/1.1" 308 164
LINE 1001: 2023-03-31 20:15:18,693 [DEBUG   ] Starting new HTTPS connection (1): maayanlab.cloud:443
LINE 456 : 2023-03-31 20:15:18,996 [DEBUG   ] https://maayanlab.cloud:443 "POST /Enrichr/addList HTTP/1.1" 200 74
LINE 228 : 2023-03-31 20:15:20,014 [DEBUG   ] Starting new HTTP connection (1): maayanlab.cloud:80
LINE 456 : 2023-03-31 20:15:20,169 [DEBUG   ] http://maayanlab.cloud:80 "GET /Enrichr/export?userListId=60488862&filename=BioPlanet_2019.sonis_pathways.reports&backgroundType=BioPlanet_2019 HTTP/1.1" 308 164
LINE 1001: 2023-03-31 20:15:20,175 [DEBUG   ] Starting new HTTPS connection (1): maayanlab.cloud:443
LINE 456 : 2023-03-31 20:15:20,428 [DEBUG   ] https://maayanlab.cloud:443 "GET /Enrichr/export?userListId=60488862&filename=BioPlanet_2019.sonis_pathways.reports&backgroundType=BioPlanet_2019 HTTP/1.1" 200 None
LINE 431 : 2023-03-31 20:15:20,581 [INFO    ] Save file of enrichment results: Job Id:1fc3201afcd90dd067cb75ad4cb14bf6
LINE 441 : 2023-03-31 20:15:20,586 [INFO    ] Done.

LINE 421 : 2023-03-31 20:15:20,587 [DEBUG   ] Start Enrichr using library: WikiPathways_2019_Human
LINE 422 : 2023-03-31 20:15:20,587 [INFO    ] Analysis name: sonis_pathways, Enrichr Library: WikiPathways_2019_Human
LINE 228 : 2023-03-31 20:15:20,588 [DEBUG   ] Starting new HTTP connection (1): maayanlab.cloud:80
LINE 456 : 2023-03-31 20:15:20,764 [DEBUG   ] http://maayanlab.cloud:80 "POST /Enrichr/addList HTTP/1.1" 308 164
LINE 1001: 2023-03-31 20:15:20,767 [DEBUG   ] Starting new HTTPS connection (1): maayanlab.cloud:443
LINE 456 : 2023-03-31 20:15:21,076 [DEBUG   ] https://maayanlab.cloud:443 "POST /Enrichr/addList HTTP/1.1" 200 74
LINE 228 : 2023-03-31 20:15:22,086 [DEBUG   ] Starting new HTTP connection (1): maayanlab.cloud:80
LINE 456 : 2023-03-31 20:15:22,246 [DEBUG   ] http://maayanlab.cloud:80 "GET /Enrichr/export?userListId=60488863&filename=WikiPathways_2019_Human.sonis_pathways.reports&backgroundType=WikiPathways_2019_Human HTTP/1.1" 308 164
LINE 1001: 2023-03-31 20:15:22,249 [DEBUG   ] Starting new HTTPS connection (1): maayanlab.cloud:443
LINE 456 : 2023-03-31 20:15:22,499 [DEBUG   ] https://maayanlab.cloud:443 "GET /Enrichr/export?userListId=60488863&filename=WikiPathways_2019_Human.sonis_pathways.reports&backgroundType=WikiPathways_2019_Human HTTP/1.1" 200 None
LINE 431 : 2023-03-31 20:15:22,575 [INFO    ] Save file of enrichment results: Job Id:367aef52179e25c015ca8e6d83d2810e
LINE 441 : 2023-03-31 20:15:22,578 [INFO    ] Done.

LINE 421 : 2023-03-31 20:15:22,578 [DEBUG   ] Start Enrichr using library: Human_Phenotype_Ontology
LINE 422 : 2023-03-31 20:15:22,578 [INFO    ] Analysis name: sonis_pathways, Enrichr Library: Human_Phenotype_Ontology
LINE 228 : 2023-03-31 20:15:22,579 [DEBUG   ] Starting new HTTP connection (1): maayanlab.cloud:80
LINE 456 : 2023-03-31 20:15:22,734 [DEBUG   ] http://maayanlab.cloud:80 "POST /Enrichr/addList HTTP/1.1" 308 164
LINE 1001: 2023-03-31 20:15:22,736 [DEBUG   ] Starting new HTTPS connection (1): maayanlab.cloud:443
LINE 456 : 2023-03-31 20:15:23,043 [DEBUG   ] https://maayanlab.cloud:443 "POST /Enrichr/addList HTTP/1.1" 200 74
LINE 228 : 2023-03-31 20:15:24,057 [DEBUG   ] Starting new HTTP connection (1): maayanlab.cloud:80
LINE 456 : 2023-03-31 20:15:24,214 [DEBUG   ] http://maayanlab.cloud:80 "GET /Enrichr/export?userListId=60488864&filename=Human_Phenotype_Ontology.sonis_pathways.reports&backgroundType=Human_Phenotype_Ontology HTTP/1.1" 308 164
LINE 1001: 2023-03-31 20:15:24,217 [DEBUG   ] Starting new HTTPS connection (1): maayanlab.cloud:443
LINE 456 : 2023-03-31 20:15:24,479 [DEBUG   ] https://maayanlab.cloud:443 "GET /Enrichr/export?userListId=60488864&filename=Human_Phenotype_Ontology.sonis_pathways.reports&backgroundType=Human_Phenotype_Ontology HTTP/1.1" 200 None
LINE 431 : 2023-03-31 20:15:24,565 [INFO    ] Save file of enrichment results: Job Id:64f36c7658ec795dcc9ee51292346608
LINE 441 : 2023-03-31 20:15:24,570 [INFO    ] Done.

LINE 421 : 2023-03-31 20:15:24,570 [DEBUG   ] Start Enrichr using library: GO_Biological_Process_2021
LINE 422 : 2023-03-31 20:15:24,570 [INFO    ] Analysis name: sonis_pathways, Enrichr Library: GO_Biological_Process_2021
LINE 228 : 2023-03-31 20:15:24,572 [DEBUG   ] Starting new HTTP connection (1): maayanlab.cloud:80
LINE 456 : 2023-03-31 20:15:24,726 [DEBUG   ] http://maayanlab.cloud:80 "POST /Enrichr/addList HTTP/1.1" 308 164
LINE 1001: 2023-03-31 20:15:24,729 [DEBUG   ] Starting new HTTPS connection (1): maayanlab.cloud:443
LINE 456 : 2023-03-31 20:15:25,030 [DEBUG   ] https://maayanlab.cloud:443 "POST /Enrichr/addList HTTP/1.1" 200 74
LINE 228 : 2023-03-31 20:15:26,040 [DEBUG   ] Starting new HTTP connection (1): maayanlab.cloud:80
LINE 456 : 2023-03-31 20:15:26,214 [DEBUG   ] http://maayanlab.cloud:80 "GET /Enrichr/export?userListId=60488865&filename=GO_Biological_Process_2021.sonis_pathways.reports&backgroundType=GO_Biological_Process_2021 HTTP/1.1" 308 164
LINE 1001: 2023-03-31 20:15:26,217 [DEBUG   ] Starting new HTTPS connection (1): maayanlab.cloud:443
LINE 456 : 2023-03-31 20:15:26,480 [DEBUG   ] https://maayanlab.cloud:443 "GET /Enrichr/export?userListId=60488865&filename=GO_Biological_Process_2021.sonis_pathways.reports&backgroundType=GO_Biological_Process_2021 HTTP/1.1" 200 None
LINE 431 : 2023-03-31 20:15:26,776 [INFO    ] Save file of enrichment results: Job Id:b98bbfd5b4fc0250e2c665fb449be953
LINE 441 : 2023-03-31 20:15:26,785 [INFO    ] Done.

LINE 401 : 2023-03-31 20:15:26,788 [INFO    ] Connecting to Enrichr Server to get latest library names
LINE 228 : 2023-03-31 20:15:26,790 [DEBUG   ] Starting new HTTP connection (1): maayanlab.cloud:80
LINE 456 : 2023-03-31 20:15:26,956 [DEBUG   ] http://maayanlab.cloud:80 "GET /Enrichr/datasetStatistics HTTP/1.1" 308 164
LINE 1001: 2023-03-31 20:15:26,958 [DEBUG   ] Starting new HTTPS connection (1): maayanlab.cloud:443
LINE 456 : 2023-03-31 20:15:27,204 [DEBUG   ] https://maayanlab.cloud:443 "GET /Enrichr/datasetStatistics HTTP/1.1" 200 None
LINE 421 : 2023-03-31 20:15:27,359 [DEBUG   ] Start Enrichr using library: Reactome_2022
LINE 422 : 2023-03-31 20:15:27,359 [INFO    ] Analysis name: sonis_pathways, Enrichr Library: Reactome_2022
LINE 228 : 2023-03-31 20:15:27,361 [DEBUG   ] Starting new HTTP connection (1): maayanlab.cloud:80
LINE 456 : 2023-03-31 20:15:27,510 [DEBUG   ] http://maayanlab.cloud:80 "POST /Enrichr/addList HTTP/1.1" 308 164
LINE 1001: 2023-03-31 20:15:27,513 [DEBUG   ] Starting new HTTPS connection (1): maayanlab.cloud:443
LINE 456 : 2023-03-31 20:15:27,912 [DEBUG   ] https://maayanlab.cloud:443 "POST /Enrichr/addList HTTP/1.1" 200 74
LINE 228 : 2023-03-31 20:15:28,930 [DEBUG   ] Starting new HTTP connection (1): maayanlab.cloud:80
LINE 456 : 2023-03-31 20:15:29,078 [DEBUG   ] http://maayanlab.cloud:80 "GET /Enrichr/export?userListId=60488866&filename=Reactome_2022.sonis_pathways.reports&backgroundType=Reactome_2022 HTTP/1.1" 308 164
LINE 1001: 2023-03-31 20:15:29,082 [DEBUG   ] Starting new HTTPS connection (1): maayanlab.cloud:443
LINE 456 : 2023-03-31 20:15:29,364 [DEBUG   ] https://maayanlab.cloud:443 "GET /Enrichr/export?userListId=60488866&filename=Reactome_2022.sonis_pathways.reports&backgroundType=Reactome_2022 HTTP/1.1" 200 None
LINE 431 : 2023-03-31 20:15:29,588 [INFO    ] Save file of enrichment results: Job Id:cf1b79f23991b276b71fd2b76da24787
LINE 441 : 2023-03-31 20:15:29,596 [INFO    ] Done.

LINE 421 : 2023-03-31 20:15:29,596 [DEBUG   ] Start Enrichr using library: KEGG_2021_Human
LINE 422 : 2023-03-31 20:15:29,596 [INFO    ] Analysis name: sonis_pathways, Enrichr Library: KEGG_2021_Human
LINE 228 : 2023-03-31 20:15:29,598 [DEBUG   ] Starting new HTTP connection (1): maayanlab.cloud:80
LINE 456 : 2023-03-31 20:15:29,763 [DEBUG   ] http://maayanlab.cloud:80 "POST /Enrichr/addList HTTP/1.1" 308 164
LINE 1001: 2023-03-31 20:15:29,766 [DEBUG   ] Starting new HTTPS connection (1): maayanlab.cloud:443
LINE 456 : 2023-03-31 20:15:30,064 [DEBUG   ] https://maayanlab.cloud:443 "POST /Enrichr/addList HTTP/1.1" 200 74
LINE 228 : 2023-03-31 20:15:31,077 [DEBUG   ] Starting new HTTP connection (1): maayanlab.cloud:80
LINE 456 : 2023-03-31 20:15:31,255 [DEBUG   ] http://maayanlab.cloud:80 "GET /Enrichr/export?userListId=60488867&filename=KEGG_2021_Human.sonis_pathways.reports&backgroundType=KEGG_2021_Human HTTP/1.1" 308 164
LINE 1001: 2023-03-31 20:15:31,258 [DEBUG   ] Starting new HTTPS connection (1): maayanlab.cloud:443
LINE 456 : 2023-03-31 20:15:31,522 [DEBUG   ] https://maayanlab.cloud:443 "GET /Enrichr/export?userListId=60488867&filename=KEGG_2021_Human.sonis_pathways.reports&backgroundType=KEGG_2021_Human HTTP/1.1" 200 None
LINE 431 : 2023-03-31 20:15:31,608 [INFO    ] Save file of enrichment results: Job Id:48bc1b83515077f5876a8dfbd829dfdb
LINE 441 : 2023-03-31 20:15:31,612 [INFO    ] Done.

LINE 421 : 2023-03-31 20:15:31,612 [DEBUG   ] Start Enrichr using library: BioPlanet_2019
LINE 422 : 2023-03-31 20:15:31,612 [INFO    ] Analysis name: sonis_pathways, Enrichr Library: BioPlanet_2019
LINE 228 : 2023-03-31 20:15:31,614 [DEBUG   ] Starting new HTTP connection (1): maayanlab.cloud:80
LINE 456 : 2023-03-31 20:15:31,773 [DEBUG   ] http://maayanlab.cloud:80 "POST /Enrichr/addList HTTP/1.1" 308 164
LINE 1001: 2023-03-31 20:15:31,777 [DEBUG   ] Starting new HTTPS connection (1): maayanlab.cloud:443
LINE 456 : 2023-03-31 20:15:32,080 [DEBUG   ] https://maayanlab.cloud:443 "POST /Enrichr/addList HTTP/1.1" 200 74
LINE 228 : 2023-03-31 20:15:33,091 [DEBUG   ] Starting new HTTP connection (1): maayanlab.cloud:80
LINE 456 : 2023-03-31 20:15:33,244 [DEBUG   ] http://maayanlab.cloud:80 "GET /Enrichr/export?userListId=60488868&filename=BioPlanet_2019.sonis_pathways.reports&backgroundType=BioPlanet_2019 HTTP/1.1" 308 164
LINE 1001: 2023-03-31 20:15:33,247 [DEBUG   ] Starting new HTTPS connection (1): maayanlab.cloud:443
LINE 456 : 2023-03-31 20:15:33,508 [DEBUG   ] https://maayanlab.cloud:443 "GET /Enrichr/export?userListId=60488868&filename=BioPlanet_2019.sonis_pathways.reports&backgroundType=BioPlanet_2019 HTTP/1.1" 200 None
LINE 431 : 2023-03-31 20:15:33,666 [INFO    ] Save file of enrichment results: Job Id:3e7207f2cafa5202c584ff91419474b9
LINE 441 : 2023-03-31 20:15:33,673 [INFO    ] Done.

LINE 421 : 2023-03-31 20:15:33,673 [DEBUG   ] Start Enrichr using library: WikiPathways_2019_Human
LINE 422 : 2023-03-31 20:15:33,673 [INFO    ] Analysis name: sonis_pathways, Enrichr Library: WikiPathways_2019_Human
LINE 228 : 2023-03-31 20:15:33,675 [DEBUG   ] Starting new HTTP connection (1): maayanlab.cloud:80
LINE 456 : 2023-03-31 20:15:33,831 [DEBUG   ] http://maayanlab.cloud:80 "POST /Enrichr/addList HTTP/1.1" 308 164
LINE 1001: 2023-03-31 20:15:33,833 [DEBUG   ] Starting new HTTPS connection (1): maayanlab.cloud:443
LINE 456 : 2023-03-31 20:15:34,149 [DEBUG   ] https://maayanlab.cloud:443 "POST /Enrichr/addList HTTP/1.1" 200 74
LINE 228 : 2023-03-31 20:15:35,167 [DEBUG   ] Starting new HTTP connection (1): maayanlab.cloud:80
LINE 456 : 2023-03-31 20:15:35,333 [DEBUG   ] http://maayanlab.cloud:80 "GET /Enrichr/export?userListId=60488869&filename=WikiPathways_2019_Human.sonis_pathways.reports&backgroundType=WikiPathways_2019_Human HTTP/1.1" 308 164
LINE 1001: 2023-03-31 20:15:35,335 [DEBUG   ] Starting new HTTPS connection (1): maayanlab.cloud:443
LINE 456 : 2023-03-31 20:15:35,618 [DEBUG   ] https://maayanlab.cloud:443 "GET /Enrichr/export?userListId=60488869&filename=WikiPathways_2019_Human.sonis_pathways.reports&backgroundType=WikiPathways_2019_Human HTTP/1.1" 200 None
LINE 431 : 2023-03-31 20:15:35,704 [INFO    ] Save file of enrichment results: Job Id:850737452eaf30b224827f5019da34e6
LINE 441 : 2023-03-31 20:15:35,710 [INFO    ] Done.

LINE 421 : 2023-03-31 20:15:35,710 [DEBUG   ] Start Enrichr using library: Human_Phenotype_Ontology
LINE 422 : 2023-03-31 20:15:35,710 [INFO    ] Analysis name: sonis_pathways, Enrichr Library: Human_Phenotype_Ontology
LINE 228 : 2023-03-31 20:15:35,713 [DEBUG   ] Starting new HTTP connection (1): maayanlab.cloud:80
LINE 456 : 2023-03-31 20:15:35,866 [DEBUG   ] http://maayanlab.cloud:80 "POST /Enrichr/addList HTTP/1.1" 308 164
LINE 1001: 2023-03-31 20:15:35,869 [DEBUG   ] Starting new HTTPS connection (1): maayanlab.cloud:443
LINE 456 : 2023-03-31 20:15:36,181 [DEBUG   ] https://maayanlab.cloud:443 "POST /Enrichr/addList HTTP/1.1" 200 74
LINE 228 : 2023-03-31 20:15:37,197 [DEBUG   ] Starting new HTTP connection (1): maayanlab.cloud:80
LINE 456 : 2023-03-31 20:15:37,351 [DEBUG   ] http://maayanlab.cloud:80 "GET /Enrichr/export?userListId=60488871&filename=Human_Phenotype_Ontology.sonis_pathways.reports&backgroundType=Human_Phenotype_Ontology HTTP/1.1" 308 164
LINE 1001: 2023-03-31 20:15:37,355 [DEBUG   ] Starting new HTTPS connection (1): maayanlab.cloud:443
LINE 456 : 2023-03-31 20:15:37,614 [DEBUG   ] https://maayanlab.cloud:443 "GET /Enrichr/export?userListId=60488871&filename=Human_Phenotype_Ontology.sonis_pathways.reports&backgroundType=Human_Phenotype_Ontology HTTP/1.1" 200 None
LINE 431 : 2023-03-31 20:15:37,704 [INFO    ] Save file of enrichment results: Job Id:ea0f6e8c4f4d32d99d13b8138cc80ebf
LINE 441 : 2023-03-31 20:15:37,709 [INFO    ] Done.

LINE 421 : 2023-03-31 20:15:37,709 [DEBUG   ] Start Enrichr using library: GO_Biological_Process_2021
LINE 422 : 2023-03-31 20:15:37,709 [INFO    ] Analysis name: sonis_pathways, Enrichr Library: GO_Biological_Process_2021
LINE 228 : 2023-03-31 20:15:37,712 [DEBUG   ] Starting new HTTP connection (1): maayanlab.cloud:80
LINE 456 : 2023-03-31 20:15:37,872 [DEBUG   ] http://maayanlab.cloud:80 "POST /Enrichr/addList HTTP/1.1" 308 164
LINE 1001: 2023-03-31 20:15:37,875 [DEBUG   ] Starting new HTTPS connection (1): maayanlab.cloud:443
LINE 456 : 2023-03-31 20:15:38,192 [DEBUG   ] https://maayanlab.cloud:443 "POST /Enrichr/addList HTTP/1.1" 200 74
LINE 228 : 2023-03-31 20:15:39,198 [DEBUG   ] Starting new HTTP connection (1): maayanlab.cloud:80
LINE 456 : 2023-03-31 20:15:39,358 [DEBUG   ] http://maayanlab.cloud:80 "GET /Enrichr/export?userListId=60488873&filename=GO_Biological_Process_2021.sonis_pathways.reports&backgroundType=GO_Biological_Process_2021 HTTP/1.1" 308 164
LINE 1001: 2023-03-31 20:15:39,362 [DEBUG   ] Starting new HTTPS connection (1): maayanlab.cloud:443
LINE 456 : 2023-03-31 20:15:39,641 [DEBUG   ] https://maayanlab.cloud:443 "GET /Enrichr/export?userListId=60488873&filename=GO_Biological_Process_2021.sonis_pathways.reports&backgroundType=GO_Biological_Process_2021 HTTP/1.1" 200 None
LINE 431 : 2023-03-31 20:15:39,860 [INFO    ] Save file of enrichment results: Job Id:e3d5958ee16c31b233c75f1537710dbc
LINE 441 : 2023-03-31 20:15:39,872 [INFO    ] Done.

LINE 401 : 2023-03-31 20:15:39,874 [INFO    ] Connecting to Enrichr Server to get latest library names
LINE 228 : 2023-03-31 20:15:39,876 [DEBUG   ] Starting new HTTP connection (1): maayanlab.cloud:80
LINE 456 : 2023-03-31 20:15:40,033 [DEBUG   ] http://maayanlab.cloud:80 "GET /Enrichr/datasetStatistics HTTP/1.1" 308 164
LINE 1001: 2023-03-31 20:15:40,036 [DEBUG   ] Starting new HTTPS connection (1): maayanlab.cloud:443
LINE 456 : 2023-03-31 20:15:40,299 [DEBUG   ] https://maayanlab.cloud:443 "GET /Enrichr/datasetStatistics HTTP/1.1" 200 None
LINE 421 : 2023-03-31 20:15:40,453 [DEBUG   ] Start Enrichr using library: Reactome_2022
LINE 422 : 2023-03-31 20:15:40,453 [INFO    ] Analysis name: sonis_pathways, Enrichr Library: Reactome_2022
LINE 228 : 2023-03-31 20:15:40,455 [DEBUG   ] Starting new HTTP connection (1): maayanlab.cloud:80
LINE 456 : 2023-03-31 20:15:40,625 [DEBUG   ] http://maayanlab.cloud:80 "POST /Enrichr/addList HTTP/1.1" 308 164
LINE 1001: 2023-03-31 20:15:40,629 [DEBUG   ] Starting new HTTPS connection (1): maayanlab.cloud:443
LINE 456 : 2023-03-31 20:15:40,998 [DEBUG   ] https://maayanlab.cloud:443 "POST /Enrichr/addList HTTP/1.1" 200 74
LINE 228 : 2023-03-31 20:15:42,011 [DEBUG   ] Starting new HTTP connection (1): maayanlab.cloud:80
LINE 456 : 2023-03-31 20:15:42,173 [DEBUG   ] http://maayanlab.cloud:80 "GET /Enrichr/export?userListId=60488874&filename=Reactome_2022.sonis_pathways.reports&backgroundType=Reactome_2022 HTTP/1.1" 308 164
LINE 1001: 2023-03-31 20:15:42,175 [DEBUG   ] Starting new HTTPS connection (1): maayanlab.cloud:443
LINE 456 : 2023-03-31 20:15:42,444 [DEBUG   ] https://maayanlab.cloud:443 "GET /Enrichr/export?userListId=60488874&filename=Reactome_2022.sonis_pathways.reports&backgroundType=Reactome_2022 HTTP/1.1" 200 None
LINE 431 : 2023-03-31 20:15:42,669 [INFO    ] Save file of enrichment results: Job Id:33728581fe96c94d3a4bce6f87259f4f
LINE 441 : 2023-03-31 20:15:42,684 [INFO    ] Done.

LINE 421 : 2023-03-31 20:15:42,684 [DEBUG   ] Start Enrichr using library: KEGG_2021_Human
LINE 422 : 2023-03-31 20:15:42,684 [INFO    ] Analysis name: sonis_pathways, Enrichr Library: KEGG_2021_Human
LINE 228 : 2023-03-31 20:15:42,687 [DEBUG   ] Starting new HTTP connection (1): maayanlab.cloud:80
LINE 456 : 2023-03-31 20:15:42,844 [DEBUG   ] http://maayanlab.cloud:80 "POST /Enrichr/addList HTTP/1.1" 308 164
LINE 1001: 2023-03-31 20:15:42,847 [DEBUG   ] Starting new HTTPS connection (1): maayanlab.cloud:443
LINE 456 : 2023-03-31 20:15:43,213 [DEBUG   ] https://maayanlab.cloud:443 "POST /Enrichr/addList HTTP/1.1" 200 74
LINE 228 : 2023-03-31 20:15:44,227 [DEBUG   ] Starting new HTTP connection (1): maayanlab.cloud:80
LINE 456 : 2023-03-31 20:15:44,391 [DEBUG   ] http://maayanlab.cloud:80 "GET /Enrichr/export?userListId=60488875&filename=KEGG_2021_Human.sonis_pathways.reports&backgroundType=KEGG_2021_Human HTTP/1.1" 308 164
LINE 1001: 2023-03-31 20:15:44,394 [DEBUG   ] Starting new HTTPS connection (1): maayanlab.cloud:443
LINE 456 : 2023-03-31 20:15:44,650 [DEBUG   ] https://maayanlab.cloud:443 "GET /Enrichr/export?userListId=60488875&filename=KEGG_2021_Human.sonis_pathways.reports&backgroundType=KEGG_2021_Human HTTP/1.1" 200 None
LINE 431 : 2023-03-31 20:15:44,733 [INFO    ] Save file of enrichment results: Job Id:626376ad01237241f36e2f2a1268b837
LINE 441 : 2023-03-31 20:15:44,737 [INFO    ] Done.

LINE 421 : 2023-03-31 20:15:44,737 [DEBUG   ] Start Enrichr using library: BioPlanet_2019
LINE 422 : 2023-03-31 20:15:44,737 [INFO    ] Analysis name: sonis_pathways, Enrichr Library: BioPlanet_2019
LINE 228 : 2023-03-31 20:15:44,739 [DEBUG   ] Starting new HTTP connection (1): maayanlab.cloud:80
LINE 456 : 2023-03-31 20:15:44,899 [DEBUG   ] http://maayanlab.cloud:80 "POST /Enrichr/addList HTTP/1.1" 308 164
LINE 1001: 2023-03-31 20:15:44,902 [DEBUG   ] Starting new HTTPS connection (1): maayanlab.cloud:443
LINE 456 : 2023-03-31 20:15:45,276 [DEBUG   ] https://maayanlab.cloud:443 "POST /Enrichr/addList HTTP/1.1" 200 74
LINE 228 : 2023-03-31 20:15:46,282 [DEBUG   ] Starting new HTTP connection (1): maayanlab.cloud:80
LINE 456 : 2023-03-31 20:15:46,455 [DEBUG   ] http://maayanlab.cloud:80 "GET /Enrichr/export?userListId=60488876&filename=BioPlanet_2019.sonis_pathways.reports&backgroundType=BioPlanet_2019 HTTP/1.1" 308 164
LINE 1001: 2023-03-31 20:15:46,458 [DEBUG   ] Starting new HTTPS connection (1): maayanlab.cloud:443
LINE 456 : 2023-03-31 20:15:46,716 [DEBUG   ] https://maayanlab.cloud:443 "GET /Enrichr/export?userListId=60488876&filename=BioPlanet_2019.sonis_pathways.reports&backgroundType=BioPlanet_2019 HTTP/1.1" 200 None
LINE 431 : 2023-03-31 20:15:46,936 [INFO    ] Save file of enrichment results: Job Id:f9e9e17a9e50c9edf39f3c02387825f6
LINE 441 : 2023-03-31 20:15:46,945 [INFO    ] Done.

LINE 421 : 2023-03-31 20:15:46,945 [DEBUG   ] Start Enrichr using library: WikiPathways_2019_Human
LINE 422 : 2023-03-31 20:15:46,945 [INFO    ] Analysis name: sonis_pathways, Enrichr Library: WikiPathways_2019_Human
LINE 228 : 2023-03-31 20:15:46,947 [DEBUG   ] Starting new HTTP connection (1): maayanlab.cloud:80
LINE 456 : 2023-03-31 20:15:47,097 [DEBUG   ] http://maayanlab.cloud:80 "POST /Enrichr/addList HTTP/1.1" 308 164
LINE 1001: 2023-03-31 20:15:47,100 [DEBUG   ] Starting new HTTPS connection (1): maayanlab.cloud:443
LINE 456 : 2023-03-31 20:15:47,471 [DEBUG   ] https://maayanlab.cloud:443 "POST /Enrichr/addList HTTP/1.1" 200 74
LINE 228 : 2023-03-31 20:15:48,479 [DEBUG   ] Starting new HTTP connection (1): maayanlab.cloud:80
LINE 456 : 2023-03-31 20:15:48,637 [DEBUG   ] http://maayanlab.cloud:80 "GET /Enrichr/export?userListId=60488877&filename=WikiPathways_2019_Human.sonis_pathways.reports&backgroundType=WikiPathways_2019_Human HTTP/1.1" 308 164
LINE 1001: 2023-03-31 20:15:48,641 [DEBUG   ] Starting new HTTPS connection (1): maayanlab.cloud:443
LINE 456 : 2023-03-31 20:15:48,897 [DEBUG   ] https://maayanlab.cloud:443 "GET /Enrichr/export?userListId=60488877&filename=WikiPathways_2019_Human.sonis_pathways.reports&backgroundType=WikiPathways_2019_Human HTTP/1.1" 200 None
LINE 431 : 2023-03-31 20:15:49,031 [INFO    ] Save file of enrichment results: Job Id:9d2e73f0dc2e9ecc418fcb64b1903a0a
LINE 441 : 2023-03-31 20:15:49,041 [INFO    ] Done.

LINE 421 : 2023-03-31 20:15:49,041 [DEBUG   ] Start Enrichr using library: Human_Phenotype_Ontology
LINE 422 : 2023-03-31 20:15:49,041 [INFO    ] Analysis name: sonis_pathways, Enrichr Library: Human_Phenotype_Ontology
LINE 228 : 2023-03-31 20:15:49,043 [DEBUG   ] Starting new HTTP connection (1): maayanlab.cloud:80
LINE 456 : 2023-03-31 20:15:49,203 [DEBUG   ] http://maayanlab.cloud:80 "POST /Enrichr/addList HTTP/1.1" 308 164
LINE 1001: 2023-03-31 20:15:49,206 [DEBUG   ] Starting new HTTPS connection (1): maayanlab.cloud:443
LINE 456 : 2023-03-31 20:15:49,576 [DEBUG   ] https://maayanlab.cloud:443 "POST /Enrichr/addList HTTP/1.1" 200 74
LINE 228 : 2023-03-31 20:15:50,587 [DEBUG   ] Starting new HTTP connection (1): maayanlab.cloud:80
LINE 456 : 2023-03-31 20:15:50,755 [DEBUG   ] http://maayanlab.cloud:80 "GET /Enrichr/export?userListId=60488878&filename=Human_Phenotype_Ontology.sonis_pathways.reports&backgroundType=Human_Phenotype_Ontology HTTP/1.1" 308 164
LINE 1001: 2023-03-31 20:15:50,759 [DEBUG   ] Starting new HTTPS connection (1): maayanlab.cloud:443
LINE 456 : 2023-03-31 20:15:51,034 [DEBUG   ] https://maayanlab.cloud:443 "GET /Enrichr/export?userListId=60488878&filename=Human_Phenotype_Ontology.sonis_pathways.reports&backgroundType=Human_Phenotype_Ontology HTTP/1.1" 200 None
LINE 431 : 2023-03-31 20:15:51,259 [INFO    ] Save file of enrichment results: Job Id:be6c518aed37dc7162b9f1dd171a2424
LINE 441 : 2023-03-31 20:15:51,272 [INFO    ] Done.

LINE 421 : 2023-03-31 20:15:51,272 [DEBUG   ] Start Enrichr using library: GO_Biological_Process_2021
LINE 422 : 2023-03-31 20:15:51,273 [INFO    ] Analysis name: sonis_pathways, Enrichr Library: GO_Biological_Process_2021
LINE 228 : 2023-03-31 20:15:51,274 [DEBUG   ] Starting new HTTP connection (1): maayanlab.cloud:80
LINE 456 : 2023-03-31 20:15:51,433 [DEBUG   ] http://maayanlab.cloud:80 "POST /Enrichr/addList HTTP/1.1" 308 164
LINE 1001: 2023-03-31 20:15:51,435 [DEBUG   ] Starting new HTTPS connection (1): maayanlab.cloud:443
LINE 456 : 2023-03-31 20:15:51,822 [DEBUG   ] https://maayanlab.cloud:443 "POST /Enrichr/addList HTTP/1.1" 200 74
LINE 228 : 2023-03-31 20:15:52,841 [DEBUG   ] Starting new HTTP connection (1): maayanlab.cloud:80
LINE 456 : 2023-03-31 20:15:52,999 [DEBUG   ] http://maayanlab.cloud:80 "GET /Enrichr/export?userListId=60488879&filename=GO_Biological_Process_2021.sonis_pathways.reports&backgroundType=GO_Biological_Process_2021 HTTP/1.1" 308 164
LINE 1001: 2023-03-31 20:15:53,003 [DEBUG   ] Starting new HTTPS connection (1): maayanlab.cloud:443
LINE 456 : 2023-03-31 20:15:53,272 [DEBUG   ] https://maayanlab.cloud:443 "GET /Enrichr/export?userListId=60488879&filename=GO_Biological_Process_2021.sonis_pathways.reports&backgroundType=GO_Biological_Process_2021 HTTP/1.1" 200 None
LINE 431 : 2023-03-31 20:15:53,868 [INFO    ] Save file of enrichment results: Job Id:299453984021584b5257f4ca148bb66e
LINE 441 : 2023-03-31 20:15:53,888 [INFO    ] Done.

LINE 401 : 2023-03-31 20:15:53,892 [INFO    ] Connecting to Enrichr Server to get latest library names
LINE 228 : 2023-03-31 20:15:53,893 [DEBUG   ] Starting new HTTP connection (1): maayanlab.cloud:80
LINE 456 : 2023-03-31 20:15:54,054 [DEBUG   ] http://maayanlab.cloud:80 "GET /Enrichr/datasetStatistics HTTP/1.1" 308 164
LINE 1001: 2023-03-31 20:15:54,057 [DEBUG   ] Starting new HTTPS connection (1): maayanlab.cloud:443
LINE 456 : 2023-03-31 20:15:54,306 [DEBUG   ] https://maayanlab.cloud:443 "GET /Enrichr/datasetStatistics HTTP/1.1" 200 None
LINE 421 : 2023-03-31 20:15:54,460 [DEBUG   ] Start Enrichr using library: Reactome_2022
LINE 422 : 2023-03-31 20:15:54,461 [INFO    ] Analysis name: sonis_pathways, Enrichr Library: Reactome_2022
LINE 228 : 2023-03-31 20:15:54,463 [DEBUG   ] Starting new HTTP connection (1): maayanlab.cloud:80
LINE 456 : 2023-03-31 20:15:54,622 [DEBUG   ] http://maayanlab.cloud:80 "POST /Enrichr/addList HTTP/1.1" 308 164
LINE 1001: 2023-03-31 20:15:54,625 [DEBUG   ] Starting new HTTPS connection (1): maayanlab.cloud:443
LINE 456 : 2023-03-31 20:15:54,971 [DEBUG   ] https://maayanlab.cloud:443 "POST /Enrichr/addList HTTP/1.1" 200 74
LINE 228 : 2023-03-31 20:15:55,978 [DEBUG   ] Starting new HTTP connection (1): maayanlab.cloud:80
LINE 456 : 2023-03-31 20:15:56,138 [DEBUG   ] http://maayanlab.cloud:80 "GET /Enrichr/export?userListId=60488880&filename=Reactome_2022.sonis_pathways.reports&backgroundType=Reactome_2022 HTTP/1.1" 308 164
LINE 1001: 2023-03-31 20:15:56,141 [DEBUG   ] Starting new HTTPS connection (1): maayanlab.cloud:443
LINE 456 : 2023-03-31 20:15:56,403 [DEBUG   ] https://maayanlab.cloud:443 "GET /Enrichr/export?userListId=60488880&filename=Reactome_2022.sonis_pathways.reports&backgroundType=Reactome_2022 HTTP/1.1" 200 None
LINE 431 : 2023-03-31 20:15:56,559 [INFO    ] Save file of enrichment results: Job Id:72f75f5c524d2a584a4a4ac7f77da66c
LINE 441 : 2023-03-31 20:15:56,566 [INFO    ] Done.

LINE 421 : 2023-03-31 20:15:56,566 [DEBUG   ] Start Enrichr using library: KEGG_2021_Human
LINE 422 : 2023-03-31 20:15:56,566 [INFO    ] Analysis name: sonis_pathways, Enrichr Library: KEGG_2021_Human
LINE 228 : 2023-03-31 20:15:56,569 [DEBUG   ] Starting new HTTP connection (1): maayanlab.cloud:80
LINE 456 : 2023-03-31 20:15:56,738 [DEBUG   ] http://maayanlab.cloud:80 "POST /Enrichr/addList HTTP/1.1" 308 164
LINE 1001: 2023-03-31 20:15:56,741 [DEBUG   ] Starting new HTTPS connection (1): maayanlab.cloud:443
LINE 456 : 2023-03-31 20:15:57,112 [DEBUG   ] https://maayanlab.cloud:443 "POST /Enrichr/addList HTTP/1.1" 200 74
LINE 228 : 2023-03-31 20:15:58,117 [DEBUG   ] Starting new HTTP connection (1): maayanlab.cloud:80
LINE 456 : 2023-03-31 20:15:58,272 [DEBUG   ] http://maayanlab.cloud:80 "GET /Enrichr/export?userListId=60488881&filename=KEGG_2021_Human.sonis_pathways.reports&backgroundType=KEGG_2021_Human HTTP/1.1" 308 164
LINE 1001: 2023-03-31 20:15:58,275 [DEBUG   ] Starting new HTTPS connection (1): maayanlab.cloud:443
LINE 456 : 2023-03-31 20:15:58,554 [DEBUG   ] https://maayanlab.cloud:443 "GET /Enrichr/export?userListId=60488881&filename=KEGG_2021_Human.sonis_pathways.reports&backgroundType=KEGG_2021_Human HTTP/1.1" 200 None
LINE 431 : 2023-03-31 20:15:58,612 [INFO    ] Save file of enrichment results: Job Id:fee2f060add84fa8ee9361ee9185bd36
LINE 441 : 2023-03-31 20:15:58,615 [INFO    ] Done.

LINE 421 : 2023-03-31 20:15:58,615 [DEBUG   ] Start Enrichr using library: BioPlanet_2019
LINE 422 : 2023-03-31 20:15:58,615 [INFO    ] Analysis name: sonis_pathways, Enrichr Library: BioPlanet_2019
LINE 228 : 2023-03-31 20:15:58,617 [DEBUG   ] Starting new HTTP connection (1): maayanlab.cloud:80
LINE 456 : 2023-03-31 20:15:58,775 [DEBUG   ] http://maayanlab.cloud:80 "POST /Enrichr/addList HTTP/1.1" 308 164
LINE 1001: 2023-03-31 20:15:58,777 [DEBUG   ] Starting new HTTPS connection (1): maayanlab.cloud:443
LINE 456 : 2023-03-31 20:15:59,145 [DEBUG   ] https://maayanlab.cloud:443 "POST /Enrichr/addList HTTP/1.1" 200 74
LINE 228 : 2023-03-31 20:16:00,163 [DEBUG   ] Starting new HTTP connection (1): maayanlab.cloud:80
LINE 456 : 2023-03-31 20:16:00,319 [DEBUG   ] http://maayanlab.cloud:80 "GET /Enrichr/export?userListId=60488882&filename=BioPlanet_2019.sonis_pathways.reports&backgroundType=BioPlanet_2019 HTTP/1.1" 308 164
LINE 1001: 2023-03-31 20:16:00,323 [DEBUG   ] Starting new HTTPS connection (1): maayanlab.cloud:443
LINE 456 : 2023-03-31 20:16:00,574 [DEBUG   ] https://maayanlab.cloud:443 "GET /Enrichr/export?userListId=60488882&filename=BioPlanet_2019.sonis_pathways.reports&backgroundType=BioPlanet_2019 HTTP/1.1" 200 None
LINE 431 : 2023-03-31 20:16:00,737 [INFO    ] Save file of enrichment results: Job Id:c3c97b2d2a207a73aa9c92c54f8bca4c
LINE 441 : 2023-03-31 20:16:00,743 [INFO    ] Done.

LINE 421 : 2023-03-31 20:16:00,743 [DEBUG   ] Start Enrichr using library: WikiPathways_2019_Human
LINE 422 : 2023-03-31 20:16:00,743 [INFO    ] Analysis name: sonis_pathways, Enrichr Library: WikiPathways_2019_Human
LINE 228 : 2023-03-31 20:16:00,745 [DEBUG   ] Starting new HTTP connection (1): maayanlab.cloud:80
LINE 456 : 2023-03-31 20:16:00,907 [DEBUG   ] http://maayanlab.cloud:80 "POST /Enrichr/addList HTTP/1.1" 308 164
LINE 1001: 2023-03-31 20:16:00,909 [DEBUG   ] Starting new HTTPS connection (1): maayanlab.cloud:443
LINE 456 : 2023-03-31 20:16:01,291 [DEBUG   ] https://maayanlab.cloud:443 "POST /Enrichr/addList HTTP/1.1" 200 74
LINE 228 : 2023-03-31 20:16:02,296 [DEBUG   ] Starting new HTTP connection (1): maayanlab.cloud:80
LINE 456 : 2023-03-31 20:16:02,471 [DEBUG   ] http://maayanlab.cloud:80 "GET /Enrichr/export?userListId=60488883&filename=WikiPathways_2019_Human.sonis_pathways.reports&backgroundType=WikiPathways_2019_Human HTTP/1.1" 308 164
LINE 1001: 2023-03-31 20:16:02,476 [DEBUG   ] Starting new HTTPS connection (1): maayanlab.cloud:443
LINE 456 : 2023-03-31 20:16:02,739 [DEBUG   ] https://maayanlab.cloud:443 "GET /Enrichr/export?userListId=60488883&filename=WikiPathways_2019_Human.sonis_pathways.reports&backgroundType=WikiPathways_2019_Human HTTP/1.1" 200 None
LINE 431 : 2023-03-31 20:16:02,804 [INFO    ] Save file of enrichment results: Job Id:7401895c32cacfe5305bfed2e10c01f2
LINE 441 : 2023-03-31 20:16:02,808 [INFO    ] Done.

LINE 421 : 2023-03-31 20:16:02,809 [DEBUG   ] Start Enrichr using library: Human_Phenotype_Ontology
LINE 422 : 2023-03-31 20:16:02,809 [INFO    ] Analysis name: sonis_pathways, Enrichr Library: Human_Phenotype_Ontology
LINE 228 : 2023-03-31 20:16:02,813 [DEBUG   ] Starting new HTTP connection (1): maayanlab.cloud:80
LINE 456 : 2023-03-31 20:16:03,012 [DEBUG   ] http://maayanlab.cloud:80 "POST /Enrichr/addList HTTP/1.1" 308 164
LINE 1001: 2023-03-31 20:16:03,015 [DEBUG   ] Starting new HTTPS connection (1): maayanlab.cloud:443
LINE 456 : 2023-03-31 20:16:03,378 [DEBUG   ] https://maayanlab.cloud:443 "POST /Enrichr/addList HTTP/1.1" 200 74
LINE 228 : 2023-03-31 20:16:04,397 [DEBUG   ] Starting new HTTP connection (1): maayanlab.cloud:80
LINE 456 : 2023-03-31 20:16:04,547 [DEBUG   ] http://maayanlab.cloud:80 "GET /Enrichr/export?userListId=60488884&filename=Human_Phenotype_Ontology.sonis_pathways.reports&backgroundType=Human_Phenotype_Ontology HTTP/1.1" 308 164
LINE 1001: 2023-03-31 20:16:04,549 [DEBUG   ] Starting new HTTPS connection (1): maayanlab.cloud:443
LINE 456 : 2023-03-31 20:16:04,827 [DEBUG   ] https://maayanlab.cloud:443 "GET /Enrichr/export?userListId=60488884&filename=Human_Phenotype_Ontology.sonis_pathways.reports&backgroundType=Human_Phenotype_Ontology HTTP/1.1" 200 None
LINE 431 : 2023-03-31 20:16:04,977 [INFO    ] Save file of enrichment results: Job Id:215c02d25a20d9d95c37ce670a03afa4
LINE 441 : 2023-03-31 20:16:04,983 [INFO    ] Done.

LINE 421 : 2023-03-31 20:16:04,983 [DEBUG   ] Start Enrichr using library: GO_Biological_Process_2021
LINE 422 : 2023-03-31 20:16:04,984 [INFO    ] Analysis name: sonis_pathways, Enrichr Library: GO_Biological_Process_2021
LINE 228 : 2023-03-31 20:16:04,986 [DEBUG   ] Starting new HTTP connection (1): maayanlab.cloud:80
LINE 456 : 2023-03-31 20:16:05,141 [DEBUG   ] http://maayanlab.cloud:80 "POST /Enrichr/addList HTTP/1.1" 308 164
LINE 1001: 2023-03-31 20:16:05,144 [DEBUG   ] Starting new HTTPS connection (1): maayanlab.cloud:443
LINE 456 : 2023-03-31 20:16:05,501 [DEBUG   ] https://maayanlab.cloud:443 "POST /Enrichr/addList HTTP/1.1" 200 74
LINE 228 : 2023-03-31 20:16:06,518 [DEBUG   ] Starting new HTTP connection (1): maayanlab.cloud:80
LINE 456 : 2023-03-31 20:16:06,679 [DEBUG   ] http://maayanlab.cloud:80 "GET /Enrichr/export?userListId=60488885&filename=GO_Biological_Process_2021.sonis_pathways.reports&backgroundType=GO_Biological_Process_2021 HTTP/1.1" 308 164
LINE 1001: 2023-03-31 20:16:06,683 [DEBUG   ] Starting new HTTPS connection (1): maayanlab.cloud:443
LINE 456 : 2023-03-31 20:16:06,959 [DEBUG   ] https://maayanlab.cloud:443 "GET /Enrichr/export?userListId=60488885&filename=GO_Biological_Process_2021.sonis_pathways.reports&backgroundType=GO_Biological_Process_2021 HTTP/1.1" 200 None
LINE 431 : 2023-03-31 20:16:07,413 [INFO    ] Save file of enrichment results: Job Id:559ce152121f47f7d6b13e46a432f10d
LINE 441 : 2023-03-31 20:16:07,424 [INFO    ] Done.

LINE 401 : 2023-03-31 20:16:07,427 [INFO    ] Connecting to Enrichr Server to get latest library names
LINE 228 : 2023-03-31 20:16:07,429 [DEBUG   ] Starting new HTTP connection (1): maayanlab.cloud:80
LINE 456 : 2023-03-31 20:16:07,600 [DEBUG   ] http://maayanlab.cloud:80 "GET /Enrichr/datasetStatistics HTTP/1.1" 308 164
LINE 1001: 2023-03-31 20:16:07,602 [DEBUG   ] Starting new HTTPS connection (1): maayanlab.cloud:443
LINE 456 : 2023-03-31 20:16:07,856 [DEBUG   ] https://maayanlab.cloud:443 "GET /Enrichr/datasetStatistics HTTP/1.1" 200 None
LINE 421 : 2023-03-31 20:16:08,005 [DEBUG   ] Start Enrichr using library: Reactome_2022
LINE 422 : 2023-03-31 20:16:08,005 [INFO    ] Analysis name: sonis_pathways, Enrichr Library: Reactome_2022
LINE 228 : 2023-03-31 20:16:08,006 [DEBUG   ] Starting new HTTP connection (1): maayanlab.cloud:80
LINE 456 : 2023-03-31 20:16:08,159 [DEBUG   ] http://maayanlab.cloud:80 "POST /Enrichr/addList HTTP/1.1" 308 164
LINE 1001: 2023-03-31 20:16:08,162 [DEBUG   ] Starting new HTTPS connection (1): maayanlab.cloud:443
LINE 456 : 2023-03-31 20:16:08,477 [DEBUG   ] https://maayanlab.cloud:443 "POST /Enrichr/addList HTTP/1.1" 200 74
LINE 228 : 2023-03-31 20:16:09,486 [DEBUG   ] Starting new HTTP connection (1): maayanlab.cloud:80
LINE 456 : 2023-03-31 20:16:09,655 [DEBUG   ] http://maayanlab.cloud:80 "GET /Enrichr/export?userListId=60488886&filename=Reactome_2022.sonis_pathways.reports&backgroundType=Reactome_2022 HTTP/1.1" 308 164
LINE 1001: 2023-03-31 20:16:09,659 [DEBUG   ] Starting new HTTPS connection (1): maayanlab.cloud:443
LINE 456 : 2023-03-31 20:16:09,929 [DEBUG   ] https://maayanlab.cloud:443 "GET /Enrichr/export?userListId=60488886&filename=Reactome_2022.sonis_pathways.reports&backgroundType=Reactome_2022 HTTP/1.1" 200 None
LINE 431 : 2023-03-31 20:16:10,209 [INFO    ] Save file of enrichment results: Job Id:18d907ec63bc08380adae460a11e8d4c
LINE 441 : 2023-03-31 20:16:10,216 [INFO    ] Done.

LINE 421 : 2023-03-31 20:16:10,216 [DEBUG   ] Start Enrichr using library: KEGG_2021_Human
LINE 422 : 2023-03-31 20:16:10,216 [INFO    ] Analysis name: sonis_pathways, Enrichr Library: KEGG_2021_Human
LINE 228 : 2023-03-31 20:16:10,219 [DEBUG   ] Starting new HTTP connection (1): maayanlab.cloud:80
LINE 456 : 2023-03-31 20:16:10,371 [DEBUG   ] http://maayanlab.cloud:80 "POST /Enrichr/addList HTTP/1.1" 308 164
LINE 1001: 2023-03-31 20:16:10,373 [DEBUG   ] Starting new HTTPS connection (1): maayanlab.cloud:443
LINE 456 : 2023-03-31 20:16:10,673 [DEBUG   ] https://maayanlab.cloud:443 "POST /Enrichr/addList HTTP/1.1" 200 74
LINE 228 : 2023-03-31 20:16:11,687 [DEBUG   ] Starting new HTTP connection (1): maayanlab.cloud:80
LINE 456 : 2023-03-31 20:16:11,845 [DEBUG   ] http://maayanlab.cloud:80 "GET /Enrichr/export?userListId=60488887&filename=KEGG_2021_Human.sonis_pathways.reports&backgroundType=KEGG_2021_Human HTTP/1.1" 308 164
LINE 1001: 2023-03-31 20:16:11,850 [DEBUG   ] Starting new HTTPS connection (1): maayanlab.cloud:443
LINE 456 : 2023-03-31 20:16:12,112 [DEBUG   ] https://maayanlab.cloud:443 "GET /Enrichr/export?userListId=60488887&filename=KEGG_2021_Human.sonis_pathways.reports&backgroundType=KEGG_2021_Human HTTP/1.1" 200 None
LINE 431 : 2023-03-31 20:16:12,197 [INFO    ] Save file of enrichment results: Job Id:7c19c94cf326fe3f6747e6f79aad302b
LINE 441 : 2023-03-31 20:16:12,201 [INFO    ] Done.

LINE 421 : 2023-03-31 20:16:12,201 [DEBUG   ] Start Enrichr using library: BioPlanet_2019
LINE 422 : 2023-03-31 20:16:12,201 [INFO    ] Analysis name: sonis_pathways, Enrichr Library: BioPlanet_2019
LINE 228 : 2023-03-31 20:16:12,204 [DEBUG   ] Starting new HTTP connection (1): maayanlab.cloud:80
LINE 456 : 2023-03-31 20:16:12,358 [DEBUG   ] http://maayanlab.cloud:80 "POST /Enrichr/addList HTTP/1.1" 308 164
LINE 1001: 2023-03-31 20:16:12,361 [DEBUG   ] Starting new HTTPS connection (1): maayanlab.cloud:443
LINE 456 : 2023-03-31 20:16:12,679 [DEBUG   ] https://maayanlab.cloud:443 "POST /Enrichr/addList HTTP/1.1" 200 74
LINE 228 : 2023-03-31 20:16:13,688 [DEBUG   ] Starting new HTTP connection (1): maayanlab.cloud:80
LINE 456 : 2023-03-31 20:16:13,842 [DEBUG   ] http://maayanlab.cloud:80 "GET /Enrichr/export?userListId=60488888&filename=BioPlanet_2019.sonis_pathways.reports&backgroundType=BioPlanet_2019 HTTP/1.1" 308 164
LINE 1001: 2023-03-31 20:16:13,845 [DEBUG   ] Starting new HTTPS connection (1): maayanlab.cloud:443
LINE 456 : 2023-03-31 20:16:14,101 [DEBUG   ] https://maayanlab.cloud:443 "GET /Enrichr/export?userListId=60488888&filename=BioPlanet_2019.sonis_pathways.reports&backgroundType=BioPlanet_2019 HTTP/1.1" 200 None
LINE 431 : 2023-03-31 20:16:14,267 [INFO    ] Save file of enrichment results: Job Id:aaa5c4a9594fd6aa28d0862709c5aa49
LINE 441 : 2023-03-31 20:16:14,276 [INFO    ] Done.

LINE 421 : 2023-03-31 20:16:14,276 [DEBUG   ] Start Enrichr using library: WikiPathways_2019_Human
LINE 422 : 2023-03-31 20:16:14,276 [INFO    ] Analysis name: sonis_pathways, Enrichr Library: WikiPathways_2019_Human
LINE 228 : 2023-03-31 20:16:14,277 [DEBUG   ] Starting new HTTP connection (1): maayanlab.cloud:80
LINE 456 : 2023-03-31 20:16:14,439 [DEBUG   ] http://maayanlab.cloud:80 "POST /Enrichr/addList HTTP/1.1" 308 164
LINE 1001: 2023-03-31 20:16:14,442 [DEBUG   ] Starting new HTTPS connection (1): maayanlab.cloud:443
LINE 456 : 2023-03-31 20:16:14,746 [DEBUG   ] https://maayanlab.cloud:443 "POST /Enrichr/addList HTTP/1.1" 200 74
LINE 228 : 2023-03-31 20:16:15,758 [DEBUG   ] Starting new HTTP connection (1): maayanlab.cloud:80
LINE 456 : 2023-03-31 20:16:15,913 [DEBUG   ] http://maayanlab.cloud:80 "GET /Enrichr/export?userListId=60488889&filename=WikiPathways_2019_Human.sonis_pathways.reports&backgroundType=WikiPathways_2019_Human HTTP/1.1" 308 164
LINE 1001: 2023-03-31 20:16:15,915 [DEBUG   ] Starting new HTTPS connection (1): maayanlab.cloud:443
LINE 456 : 2023-03-31 20:16:16,155 [DEBUG   ] https://maayanlab.cloud:443 "GET /Enrichr/export?userListId=60488889&filename=WikiPathways_2019_Human.sonis_pathways.reports&backgroundType=WikiPathways_2019_Human HTTP/1.1" 200 None
LINE 431 : 2023-03-31 20:16:16,239 [INFO    ] Save file of enrichment results: Job Id:be67646e3d96303b57abd64d22d0cac4
LINE 441 : 2023-03-31 20:16:16,243 [INFO    ] Done.

LINE 421 : 2023-03-31 20:16:16,243 [DEBUG   ] Start Enrichr using library: Human_Phenotype_Ontology
LINE 422 : 2023-03-31 20:16:16,244 [INFO    ] Analysis name: sonis_pathways, Enrichr Library: Human_Phenotype_Ontology
LINE 228 : 2023-03-31 20:16:16,245 [DEBUG   ] Starting new HTTP connection (1): maayanlab.cloud:80
LINE 456 : 2023-03-31 20:16:16,402 [DEBUG   ] http://maayanlab.cloud:80 "POST /Enrichr/addList HTTP/1.1" 308 164
LINE 1001: 2023-03-31 20:16:16,404 [DEBUG   ] Starting new HTTPS connection (1): maayanlab.cloud:443
LINE 456 : 2023-03-31 20:16:16,708 [DEBUG   ] https://maayanlab.cloud:443 "POST /Enrichr/addList HTTP/1.1" 200 74
LINE 228 : 2023-03-31 20:16:17,725 [DEBUG   ] Starting new HTTP connection (1): maayanlab.cloud:80
LINE 456 : 2023-03-31 20:16:17,903 [DEBUG   ] http://maayanlab.cloud:80 "GET /Enrichr/export?userListId=60488890&filename=Human_Phenotype_Ontology.sonis_pathways.reports&backgroundType=Human_Phenotype_Ontology HTTP/1.1" 308 164
LINE 1001: 2023-03-31 20:16:17,906 [DEBUG   ] Starting new HTTPS connection (1): maayanlab.cloud:443
LINE 456 : 2023-03-31 20:16:18,172 [DEBUG   ] https://maayanlab.cloud:443 "GET /Enrichr/export?userListId=60488890&filename=Human_Phenotype_Ontology.sonis_pathways.reports&backgroundType=Human_Phenotype_Ontology HTTP/1.1" 200 None
LINE 431 : 2023-03-31 20:16:18,252 [INFO    ] Save file of enrichment results: Job Id:aa0e5d772c40f48616c5f23447461cd7
LINE 441 : 2023-03-31 20:16:18,257 [INFO    ] Done.

LINE 421 : 2023-03-31 20:16:18,257 [DEBUG   ] Start Enrichr using library: GO_Biological_Process_2021
LINE 422 : 2023-03-31 20:16:18,257 [INFO    ] Analysis name: sonis_pathways, Enrichr Library: GO_Biological_Process_2021
LINE 228 : 2023-03-31 20:16:18,259 [DEBUG   ] Starting new HTTP connection (1): maayanlab.cloud:80
LINE 456 : 2023-03-31 20:16:18,414 [DEBUG   ] http://maayanlab.cloud:80 "POST /Enrichr/addList HTTP/1.1" 308 164
LINE 1001: 2023-03-31 20:16:18,418 [DEBUG   ] Starting new HTTPS connection (1): maayanlab.cloud:443
LINE 456 : 2023-03-31 20:16:18,730 [DEBUG   ] https://maayanlab.cloud:443 "POST /Enrichr/addList HTTP/1.1" 200 74
LINE 228 : 2023-03-31 20:16:19,736 [DEBUG   ] Starting new HTTP connection (1): maayanlab.cloud:80
LINE 456 : 2023-03-31 20:16:19,885 [DEBUG   ] http://maayanlab.cloud:80 "GET /Enrichr/export?userListId=60488891&filename=GO_Biological_Process_2021.sonis_pathways.reports&backgroundType=GO_Biological_Process_2021 HTTP/1.1" 308 164
LINE 1001: 2023-03-31 20:16:19,889 [DEBUG   ] Starting new HTTPS connection (1): maayanlab.cloud:443
LINE 456 : 2023-03-31 20:16:20,152 [DEBUG   ] https://maayanlab.cloud:443 "GET /Enrichr/export?userListId=60488891&filename=GO_Biological_Process_2021.sonis_pathways.reports&backgroundType=GO_Biological_Process_2021 HTTP/1.1" 200 None
LINE 431 : 2023-03-31 20:16:20,530 [INFO    ] Save file of enrichment results: Job Id:cd77e0e09a246d3aa9a68f47d9c86d7b
LINE 441 : 2023-03-31 20:16:20,545 [INFO    ] Done.

LINE 401 : 2023-03-31 20:16:20,548 [INFO    ] Connecting to Enrichr Server to get latest library names
LINE 228 : 2023-03-31 20:16:20,550 [DEBUG   ] Starting new HTTP connection (1): maayanlab.cloud:80
LINE 456 : 2023-03-31 20:16:20,703 [DEBUG   ] http://maayanlab.cloud:80 "GET /Enrichr/datasetStatistics HTTP/1.1" 308 164
LINE 1001: 2023-03-31 20:16:20,706 [DEBUG   ] Starting new HTTPS connection (1): maayanlab.cloud:443
LINE 456 : 2023-03-31 20:16:20,950 [DEBUG   ] https://maayanlab.cloud:443 "GET /Enrichr/datasetStatistics HTTP/1.1" 200 None
LINE 421 : 2023-03-31 20:16:21,115 [DEBUG   ] Start Enrichr using library: Reactome_2022
LINE 422 : 2023-03-31 20:16:21,115 [INFO    ] Analysis name: sonis_pathways, Enrichr Library: Reactome_2022
LINE 228 : 2023-03-31 20:16:21,117 [DEBUG   ] Starting new HTTP connection (1): maayanlab.cloud:80
LINE 456 : 2023-03-31 20:16:21,277 [DEBUG   ] http://maayanlab.cloud:80 "POST /Enrichr/addList HTTP/1.1" 308 164
LINE 1001: 2023-03-31 20:16:21,280 [DEBUG   ] Starting new HTTPS connection (1): maayanlab.cloud:443
LINE 456 : 2023-03-31 20:16:21,583 [DEBUG   ] https://maayanlab.cloud:443 "POST /Enrichr/addList HTTP/1.1" 200 74
LINE 228 : 2023-03-31 20:16:22,591 [DEBUG   ] Starting new HTTP connection (1): maayanlab.cloud:80
LINE 456 : 2023-03-31 20:16:22,761 [DEBUG   ] http://maayanlab.cloud:80 "GET /Enrichr/export?userListId=60488892&filename=Reactome_2022.sonis_pathways.reports&backgroundType=Reactome_2022 HTTP/1.1" 308 164
LINE 1001: 2023-03-31 20:16:22,764 [DEBUG   ] Starting new HTTPS connection (1): maayanlab.cloud:443
LINE 456 : 2023-03-31 20:16:23,037 [DEBUG   ] https://maayanlab.cloud:443 "GET /Enrichr/export?userListId=60488892&filename=Reactome_2022.sonis_pathways.reports&backgroundType=Reactome_2022 HTTP/1.1" 200 None
LINE 431 : 2023-03-31 20:16:23,175 [INFO    ] Save file of enrichment results: Job Id:b794672440dc320d21a32fbbedae249c
LINE 441 : 2023-03-31 20:16:23,180 [INFO    ] Done.

LINE 421 : 2023-03-31 20:16:23,180 [DEBUG   ] Start Enrichr using library: KEGG_2021_Human
LINE 422 : 2023-03-31 20:16:23,180 [INFO    ] Analysis name: sonis_pathways, Enrichr Library: KEGG_2021_Human
LINE 228 : 2023-03-31 20:16:23,183 [DEBUG   ] Starting new HTTP connection (1): maayanlab.cloud:80
LINE 456 : 2023-03-31 20:16:23,331 [DEBUG   ] http://maayanlab.cloud:80 "POST /Enrichr/addList HTTP/1.1" 308 164
LINE 1001: 2023-03-31 20:16:23,333 [DEBUG   ] Starting new HTTPS connection (1): maayanlab.cloud:443
LINE 456 : 2023-03-31 20:16:23,632 [DEBUG   ] https://maayanlab.cloud:443 "POST /Enrichr/addList HTTP/1.1" 200 74
LINE 228 : 2023-03-31 20:16:24,638 [DEBUG   ] Starting new HTTP connection (1): maayanlab.cloud:80
LINE 456 : 2023-03-31 20:16:24,793 [DEBUG   ] http://maayanlab.cloud:80 "GET /Enrichr/export?userListId=60488893&filename=KEGG_2021_Human.sonis_pathways.reports&backgroundType=KEGG_2021_Human HTTP/1.1" 308 164
LINE 1001: 2023-03-31 20:16:24,796 [DEBUG   ] Starting new HTTPS connection (1): maayanlab.cloud:443
LINE 456 : 2023-03-31 20:16:25,057 [DEBUG   ] https://maayanlab.cloud:443 "GET /Enrichr/export?userListId=60488893&filename=KEGG_2021_Human.sonis_pathways.reports&backgroundType=KEGG_2021_Human HTTP/1.1" 200 None
LINE 431 : 2023-03-31 20:16:25,134 [INFO    ] Save file of enrichment results: Job Id:f50e8ae49ba7ba1ea28d2c55bc0e74c6
LINE 441 : 2023-03-31 20:16:25,137 [INFO    ] Done.

LINE 421 : 2023-03-31 20:16:25,137 [DEBUG   ] Start Enrichr using library: BioPlanet_2019
LINE 422 : 2023-03-31 20:16:25,137 [INFO    ] Analysis name: sonis_pathways, Enrichr Library: BioPlanet_2019
LINE 228 : 2023-03-31 20:16:25,140 [DEBUG   ] Starting new HTTP connection (1): maayanlab.cloud:80
LINE 456 : 2023-03-31 20:16:25,290 [DEBUG   ] http://maayanlab.cloud:80 "POST /Enrichr/addList HTTP/1.1" 308 164
LINE 1001: 2023-03-31 20:16:25,293 [DEBUG   ] Starting new HTTPS connection (1): maayanlab.cloud:443
LINE 456 : 2023-03-31 20:16:25,591 [DEBUG   ] https://maayanlab.cloud:443 "POST /Enrichr/addList HTTP/1.1" 200 74
LINE 228 : 2023-03-31 20:16:26,597 [DEBUG   ] Starting new HTTP connection (1): maayanlab.cloud:80
LINE 456 : 2023-03-31 20:16:26,749 [DEBUG   ] http://maayanlab.cloud:80 "GET /Enrichr/export?userListId=60488894&filename=BioPlanet_2019.sonis_pathways.reports&backgroundType=BioPlanet_2019 HTTP/1.1" 308 164
LINE 1001: 2023-03-31 20:16:26,752 [DEBUG   ] Starting new HTTPS connection (1): maayanlab.cloud:443
LINE 456 : 2023-03-31 20:16:27,012 [DEBUG   ] https://maayanlab.cloud:443 "GET /Enrichr/export?userListId=60488894&filename=BioPlanet_2019.sonis_pathways.reports&backgroundType=BioPlanet_2019 HTTP/1.1" 200 None
LINE 431 : 2023-03-31 20:16:27,151 [INFO    ] Save file of enrichment results: Job Id:72b479c3982ff3318d833e66a386a383
LINE 441 : 2023-03-31 20:16:27,158 [INFO    ] Done.

LINE 421 : 2023-03-31 20:16:27,158 [DEBUG   ] Start Enrichr using library: WikiPathways_2019_Human
LINE 422 : 2023-03-31 20:16:27,158 [INFO    ] Analysis name: sonis_pathways, Enrichr Library: WikiPathways_2019_Human
LINE 228 : 2023-03-31 20:16:27,160 [DEBUG   ] Starting new HTTP connection (1): maayanlab.cloud:80
LINE 456 : 2023-03-31 20:16:27,325 [DEBUG   ] http://maayanlab.cloud:80 "POST /Enrichr/addList HTTP/1.1" 308 164
LINE 1001: 2023-03-31 20:16:27,328 [DEBUG   ] Starting new HTTPS connection (1): maayanlab.cloud:443
LINE 456 : 2023-03-31 20:16:27,637 [DEBUG   ] https://maayanlab.cloud:443 "POST /Enrichr/addList HTTP/1.1" 200 74
LINE 228 : 2023-03-31 20:16:28,650 [DEBUG   ] Starting new HTTP connection (1): maayanlab.cloud:80
LINE 456 : 2023-03-31 20:16:28,814 [DEBUG   ] http://maayanlab.cloud:80 "GET /Enrichr/export?userListId=60488895&filename=WikiPathways_2019_Human.sonis_pathways.reports&backgroundType=WikiPathways_2019_Human HTTP/1.1" 308 164
LINE 1001: 2023-03-31 20:16:28,817 [DEBUG   ] Starting new HTTPS connection (1): maayanlab.cloud:443
LINE 456 : 2023-03-31 20:16:29,088 [DEBUG   ] https://maayanlab.cloud:443 "GET /Enrichr/export?userListId=60488895&filename=WikiPathways_2019_Human.sonis_pathways.reports&backgroundType=WikiPathways_2019_Human HTTP/1.1" 200 None
LINE 431 : 2023-03-31 20:16:29,167 [INFO    ] Save file of enrichment results: Job Id:acd84bec7b2c010dcfd9ecdf5448e27c
LINE 441 : 2023-03-31 20:16:29,171 [INFO    ] Done.

LINE 421 : 2023-03-31 20:16:29,171 [DEBUG   ] Start Enrichr using library: Human_Phenotype_Ontology
LINE 422 : 2023-03-31 20:16:29,171 [INFO    ] Analysis name: sonis_pathways, Enrichr Library: Human_Phenotype_Ontology
LINE 228 : 2023-03-31 20:16:29,173 [DEBUG   ] Starting new HTTP connection (1): maayanlab.cloud:80
LINE 456 : 2023-03-31 20:16:29,334 [DEBUG   ] http://maayanlab.cloud:80 "POST /Enrichr/addList HTTP/1.1" 308 164
LINE 1001: 2023-03-31 20:16:29,337 [DEBUG   ] Starting new HTTPS connection (1): maayanlab.cloud:443
LINE 456 : 2023-03-31 20:16:29,634 [DEBUG   ] https://maayanlab.cloud:443 "POST /Enrichr/addList HTTP/1.1" 200 74
LINE 228 : 2023-03-31 20:16:30,656 [DEBUG   ] Starting new HTTP connection (1): maayanlab.cloud:80
LINE 456 : 2023-03-31 20:16:30,813 [DEBUG   ] http://maayanlab.cloud:80 "GET /Enrichr/export?userListId=60488896&filename=Human_Phenotype_Ontology.sonis_pathways.reports&backgroundType=Human_Phenotype_Ontology HTTP/1.1" 308 164
LINE 1001: 2023-03-31 20:16:30,816 [DEBUG   ] Starting new HTTPS connection (1): maayanlab.cloud:443
LINE 456 : 2023-03-31 20:16:31,072 [DEBUG   ] https://maayanlab.cloud:443 "GET /Enrichr/export?userListId=60488896&filename=Human_Phenotype_Ontology.sonis_pathways.reports&backgroundType=Human_Phenotype_Ontology HTTP/1.1" 200 None
LINE 431 : 2023-03-31 20:16:31,156 [INFO    ] Save file of enrichment results: Job Id:2fa18f67f85c734c3c889df1d7cc4d5f
LINE 441 : 2023-03-31 20:16:31,161 [INFO    ] Done.

LINE 421 : 2023-03-31 20:16:31,161 [DEBUG   ] Start Enrichr using library: GO_Biological_Process_2021
LINE 422 : 2023-03-31 20:16:31,161 [INFO    ] Analysis name: sonis_pathways, Enrichr Library: GO_Biological_Process_2021
LINE 228 : 2023-03-31 20:16:31,163 [DEBUG   ] Starting new HTTP connection (1): maayanlab.cloud:80
LINE 456 : 2023-03-31 20:16:31,314 [DEBUG   ] http://maayanlab.cloud:80 "POST /Enrichr/addList HTTP/1.1" 308 164
LINE 1001: 2023-03-31 20:16:31,317 [DEBUG   ] Starting new HTTPS connection (1): maayanlab.cloud:443
LINE 456 : 2023-03-31 20:16:31,617 [DEBUG   ] https://maayanlab.cloud:443 "POST /Enrichr/addList HTTP/1.1" 200 74
LINE 228 : 2023-03-31 20:16:32,622 [DEBUG   ] Starting new HTTP connection (1): maayanlab.cloud:80
LINE 456 : 2023-03-31 20:16:32,801 [DEBUG   ] http://maayanlab.cloud:80 "GET /Enrichr/export?userListId=60488897&filename=GO_Biological_Process_2021.sonis_pathways.reports&backgroundType=GO_Biological_Process_2021 HTTP/1.1" 308 164
LINE 1001: 2023-03-31 20:16:32,804 [DEBUG   ] Starting new HTTPS connection (1): maayanlab.cloud:443
LINE 456 : 2023-03-31 20:16:33,071 [DEBUG   ] https://maayanlab.cloud:443 "GET /Enrichr/export?userListId=60488897&filename=GO_Biological_Process_2021.sonis_pathways.reports&backgroundType=GO_Biological_Process_2021 HTTP/1.1" 200 None
LINE 431 : 2023-03-31 20:16:33,539 [INFO    ] Save file of enrichment results: Job Id:6209950bd04a2eab6b19645190b503c9
LINE 441 : 2023-03-31 20:16:33,554 [INFO    ] Done.

LINE 401 : 2023-03-31 20:16:33,556 [INFO    ] Connecting to Enrichr Server to get latest library names
LINE 228 : 2023-03-31 20:16:33,558 [DEBUG   ] Starting new HTTP connection (1): maayanlab.cloud:80
LINE 456 : 2023-03-31 20:16:33,722 [DEBUG   ] http://maayanlab.cloud:80 "GET /Enrichr/datasetStatistics HTTP/1.1" 308 164
LINE 1001: 2023-03-31 20:16:33,725 [DEBUG   ] Starting new HTTPS connection (1): maayanlab.cloud:443
LINE 456 : 2023-03-31 20:16:33,992 [DEBUG   ] https://maayanlab.cloud:443 "GET /Enrichr/datasetStatistics HTTP/1.1" 200 None
LINE 421 : 2023-03-31 20:16:34,138 [DEBUG   ] Start Enrichr using library: Reactome_2022
LINE 422 : 2023-03-31 20:16:34,138 [INFO    ] Analysis name: sonis_pathways, Enrichr Library: Reactome_2022
LINE 228 : 2023-03-31 20:16:34,139 [DEBUG   ] Starting new HTTP connection (1): maayanlab.cloud:80
LINE 456 : 2023-03-31 20:16:34,292 [DEBUG   ] http://maayanlab.cloud:80 "POST /Enrichr/addList HTTP/1.1" 308 164
LINE 1001: 2023-03-31 20:16:34,294 [DEBUG   ] Starting new HTTPS connection (1): maayanlab.cloud:443
LINE 456 : 2023-03-31 20:16:34,636 [DEBUG   ] https://maayanlab.cloud:443 "POST /Enrichr/addList HTTP/1.1" 200 74
LINE 228 : 2023-03-31 20:16:35,647 [DEBUG   ] Starting new HTTP connection (1): maayanlab.cloud:80
LINE 456 : 2023-03-31 20:16:35,804 [DEBUG   ] http://maayanlab.cloud:80 "GET /Enrichr/export?userListId=60488898&filename=Reactome_2022.sonis_pathways.reports&backgroundType=Reactome_2022 HTTP/1.1" 308 164
LINE 1001: 2023-03-31 20:16:35,807 [DEBUG   ] Starting new HTTPS connection (1): maayanlab.cloud:443
LINE 456 : 2023-03-31 20:16:36,069 [DEBUG   ] https://maayanlab.cloud:443 "GET /Enrichr/export?userListId=60488898&filename=Reactome_2022.sonis_pathways.reports&backgroundType=Reactome_2022 HTTP/1.1" 200 None
LINE 431 : 2023-03-31 20:16:36,227 [INFO    ] Save file of enrichment results: Job Id:5c48cc8339ce7d6d245b52256f20f7bc
LINE 441 : 2023-03-31 20:16:36,236 [INFO    ] Done.

LINE 421 : 2023-03-31 20:16:36,236 [DEBUG   ] Start Enrichr using library: KEGG_2021_Human
LINE 422 : 2023-03-31 20:16:36,236 [INFO    ] Analysis name: sonis_pathways, Enrichr Library: KEGG_2021_Human
LINE 228 : 2023-03-31 20:16:36,239 [DEBUG   ] Starting new HTTP connection (1): maayanlab.cloud:80
LINE 456 : 2023-03-31 20:16:36,390 [DEBUG   ] http://maayanlab.cloud:80 "POST /Enrichr/addList HTTP/1.1" 308 164
LINE 1001: 2023-03-31 20:16:36,393 [DEBUG   ] Starting new HTTPS connection (1): maayanlab.cloud:443
LINE 456 : 2023-03-31 20:16:36,697 [DEBUG   ] https://maayanlab.cloud:443 "POST /Enrichr/addList HTTP/1.1" 200 74
LINE 228 : 2023-03-31 20:16:37,702 [DEBUG   ] Starting new HTTP connection (1): maayanlab.cloud:80
LINE 456 : 2023-03-31 20:16:37,883 [DEBUG   ] http://maayanlab.cloud:80 "GET /Enrichr/export?userListId=60488899&filename=KEGG_2021_Human.sonis_pathways.reports&backgroundType=KEGG_2021_Human HTTP/1.1" 308 164
LINE 1001: 2023-03-31 20:16:37,886 [DEBUG   ] Starting new HTTPS connection (1): maayanlab.cloud:443
LINE 456 : 2023-03-31 20:16:38,140 [DEBUG   ] https://maayanlab.cloud:443 "GET /Enrichr/export?userListId=60488899&filename=KEGG_2021_Human.sonis_pathways.reports&backgroundType=KEGG_2021_Human HTTP/1.1" 200 None
LINE 431 : 2023-03-31 20:16:38,217 [INFO    ] Save file of enrichment results: Job Id:1a21231e06e6b7486531eb1c4e2e2457
LINE 441 : 2023-03-31 20:16:38,221 [INFO    ] Done.

LINE 421 : 2023-03-31 20:16:38,221 [DEBUG   ] Start Enrichr using library: BioPlanet_2019
LINE 422 : 2023-03-31 20:16:38,221 [INFO    ] Analysis name: sonis_pathways, Enrichr Library: BioPlanet_2019
LINE 228 : 2023-03-31 20:16:38,223 [DEBUG   ] Starting new HTTP connection (1): maayanlab.cloud:80
LINE 456 : 2023-03-31 20:16:38,396 [DEBUG   ] http://maayanlab.cloud:80 "POST /Enrichr/addList HTTP/1.1" 308 164
LINE 1001: 2023-03-31 20:16:38,399 [DEBUG   ] Starting new HTTPS connection (1): maayanlab.cloud:443
LINE 456 : 2023-03-31 20:16:38,697 [DEBUG   ] https://maayanlab.cloud:443 "POST /Enrichr/addList HTTP/1.1" 200 74
LINE 228 : 2023-03-31 20:16:39,718 [DEBUG   ] Starting new HTTP connection (1): maayanlab.cloud:80
LINE 456 : 2023-03-31 20:16:39,882 [DEBUG   ] http://maayanlab.cloud:80 "GET /Enrichr/export?userListId=60488900&filename=BioPlanet_2019.sonis_pathways.reports&backgroundType=BioPlanet_2019 HTTP/1.1" 308 164
LINE 1001: 2023-03-31 20:16:39,887 [DEBUG   ] Starting new HTTPS connection (1): maayanlab.cloud:443
LINE 456 : 2023-03-31 20:16:40,146 [DEBUG   ] https://maayanlab.cloud:443 "GET /Enrichr/export?userListId=60488900&filename=BioPlanet_2019.sonis_pathways.reports&backgroundType=BioPlanet_2019 HTTP/1.1" 200 None
LINE 431 : 2023-03-31 20:16:40,304 [INFO    ] Save file of enrichment results: Job Id:85681c601da7c166f686d0fc1bc0887e
LINE 441 : 2023-03-31 20:16:40,310 [INFO    ] Done.

LINE 421 : 2023-03-31 20:16:40,311 [DEBUG   ] Start Enrichr using library: WikiPathways_2019_Human
LINE 422 : 2023-03-31 20:16:40,311 [INFO    ] Analysis name: sonis_pathways, Enrichr Library: WikiPathways_2019_Human
LINE 228 : 2023-03-31 20:16:40,313 [DEBUG   ] Starting new HTTP connection (1): maayanlab.cloud:80
LINE 456 : 2023-03-31 20:16:40,469 [DEBUG   ] http://maayanlab.cloud:80 "POST /Enrichr/addList HTTP/1.1" 308 164
LINE 1001: 2023-03-31 20:16:40,472 [DEBUG   ] Starting new HTTPS connection (1): maayanlab.cloud:443
LINE 456 : 2023-03-31 20:16:40,780 [DEBUG   ] https://maayanlab.cloud:443 "POST /Enrichr/addList HTTP/1.1" 200 74
LINE 228 : 2023-03-31 20:16:41,794 [DEBUG   ] Starting new HTTP connection (1): maayanlab.cloud:80
LINE 456 : 2023-03-31 20:16:41,958 [DEBUG   ] http://maayanlab.cloud:80 "GET /Enrichr/export?userListId=60488901&filename=WikiPathways_2019_Human.sonis_pathways.reports&backgroundType=WikiPathways_2019_Human HTTP/1.1" 308 164
LINE 1001: 2023-03-31 20:16:41,961 [DEBUG   ] Starting new HTTPS connection (1): maayanlab.cloud:443
LINE 456 : 2023-03-31 20:16:42,228 [DEBUG   ] https://maayanlab.cloud:443 "GET /Enrichr/export?userListId=60488901&filename=WikiPathways_2019_Human.sonis_pathways.reports&backgroundType=WikiPathways_2019_Human HTTP/1.1" 200 None
LINE 431 : 2023-03-31 20:16:42,312 [INFO    ] Save file of enrichment results: Job Id:cf34868d995f1d1b592541ccab27504e
LINE 441 : 2023-03-31 20:16:42,318 [INFO    ] Done.

LINE 421 : 2023-03-31 20:16:42,319 [DEBUG   ] Start Enrichr using library: Human_Phenotype_Ontology
LINE 422 : 2023-03-31 20:16:42,319 [INFO    ] Analysis name: sonis_pathways, Enrichr Library: Human_Phenotype_Ontology
LINE 228 : 2023-03-31 20:16:42,322 [DEBUG   ] Starting new HTTP connection (1): maayanlab.cloud:80
LINE 456 : 2023-03-31 20:16:42,496 [DEBUG   ] http://maayanlab.cloud:80 "POST /Enrichr/addList HTTP/1.1" 308 164
LINE 1001: 2023-03-31 20:16:42,498 [DEBUG   ] Starting new HTTPS connection (1): maayanlab.cloud:443
LINE 456 : 2023-03-31 20:16:42,805 [DEBUG   ] https://maayanlab.cloud:443 "POST /Enrichr/addList HTTP/1.1" 200 74
LINE 228 : 2023-03-31 20:16:43,816 [DEBUG   ] Starting new HTTP connection (1): maayanlab.cloud:80
LINE 456 : 2023-03-31 20:16:43,967 [DEBUG   ] http://maayanlab.cloud:80 "GET /Enrichr/export?userListId=60488902&filename=Human_Phenotype_Ontology.sonis_pathways.reports&backgroundType=Human_Phenotype_Ontology HTTP/1.1" 308 164
LINE 1001: 2023-03-31 20:16:43,969 [DEBUG   ] Starting new HTTPS connection (1): maayanlab.cloud:443
LINE 456 : 2023-03-31 20:16:44,226 [DEBUG   ] https://maayanlab.cloud:443 "GET /Enrichr/export?userListId=60488902&filename=Human_Phenotype_Ontology.sonis_pathways.reports&backgroundType=Human_Phenotype_Ontology HTTP/1.1" 200 None
LINE 431 : 2023-03-31 20:16:44,306 [INFO    ] Save file of enrichment results: Job Id:03e74973c2117e15fc48a9f1f3e354c7
LINE 441 : 2023-03-31 20:16:44,308 [INFO    ] Done.

LINE 421 : 2023-03-31 20:16:44,308 [DEBUG   ] Start Enrichr using library: GO_Biological_Process_2021
LINE 422 : 2023-03-31 20:16:44,308 [INFO    ] Analysis name: sonis_pathways, Enrichr Library: GO_Biological_Process_2021
LINE 228 : 2023-03-31 20:16:44,310 [DEBUG   ] Starting new HTTP connection (1): maayanlab.cloud:80
LINE 456 : 2023-03-31 20:16:44,477 [DEBUG   ] http://maayanlab.cloud:80 "POST /Enrichr/addList HTTP/1.1" 308 164
LINE 1001: 2023-03-31 20:16:44,479 [DEBUG   ] Starting new HTTPS connection (1): maayanlab.cloud:443
LINE 456 : 2023-03-31 20:16:44,781 [DEBUG   ] https://maayanlab.cloud:443 "POST /Enrichr/addList HTTP/1.1" 200 74
LINE 228 : 2023-03-31 20:16:45,793 [DEBUG   ] Starting new HTTP connection (1): maayanlab.cloud:80
LINE 456 : 2023-03-31 20:16:45,946 [DEBUG   ] http://maayanlab.cloud:80 "GET /Enrichr/export?userListId=60488903&filename=GO_Biological_Process_2021.sonis_pathways.reports&backgroundType=GO_Biological_Process_2021 HTTP/1.1" 308 164
LINE 1001: 2023-03-31 20:16:45,948 [DEBUG   ] Starting new HTTPS connection (1): maayanlab.cloud:443
LINE 456 : 2023-03-31 20:16:46,218 [DEBUG   ] https://maayanlab.cloud:443 "GET /Enrichr/export?userListId=60488903&filename=GO_Biological_Process_2021.sonis_pathways.reports&backgroundType=GO_Biological_Process_2021 HTTP/1.1" 200 None
LINE 431 : 2023-03-31 20:16:46,446 [INFO    ] Save file of enrichment results: Job Id:6cff4c306fbb1d2f59961ae53a85853c
LINE 441 : 2023-03-31 20:16:46,459 [INFO    ] Done.

LINE 401 : 2023-03-31 20:16:46,462 [INFO    ] Connecting to Enrichr Server to get latest library names
LINE 228 : 2023-03-31 20:16:46,463 [DEBUG   ] Starting new HTTP connection (1): maayanlab.cloud:80
LINE 456 : 2023-03-31 20:16:46,619 [DEBUG   ] http://maayanlab.cloud:80 "GET /Enrichr/datasetStatistics HTTP/1.1" 308 164
LINE 1001: 2023-03-31 20:16:46,621 [DEBUG   ] Starting new HTTPS connection (1): maayanlab.cloud:443
LINE 456 : 2023-03-31 20:16:46,868 [DEBUG   ] https://maayanlab.cloud:443 "GET /Enrichr/datasetStatistics HTTP/1.1" 200 None
LINE 421 : 2023-03-31 20:16:47,022 [DEBUG   ] Start Enrichr using library: Reactome_2022
LINE 422 : 2023-03-31 20:16:47,022 [INFO    ] Analysis name: sonis_pathways, Enrichr Library: Reactome_2022
LINE 228 : 2023-03-31 20:16:47,024 [DEBUG   ] Starting new HTTP connection (1): maayanlab.cloud:80
LINE 456 : 2023-03-31 20:16:47,186 [DEBUG   ] http://maayanlab.cloud:80 "POST /Enrichr/addList HTTP/1.1" 308 164
LINE 1001: 2023-03-31 20:16:47,188 [DEBUG   ] Starting new HTTPS connection (1): maayanlab.cloud:443
LINE 456 : 2023-03-31 20:16:47,516 [DEBUG   ] https://maayanlab.cloud:443 "POST /Enrichr/addList HTTP/1.1" 200 74
LINE 228 : 2023-03-31 20:16:48,527 [DEBUG   ] Starting new HTTP connection (1): maayanlab.cloud:80
LINE 456 : 2023-03-31 20:16:48,695 [DEBUG   ] http://maayanlab.cloud:80 "GET /Enrichr/export?userListId=60488904&filename=Reactome_2022.sonis_pathways.reports&backgroundType=Reactome_2022 HTTP/1.1" 308 164
LINE 1001: 2023-03-31 20:16:48,698 [DEBUG   ] Starting new HTTPS connection (1): maayanlab.cloud:443
LINE 456 : 2023-03-31 20:16:48,959 [DEBUG   ] https://maayanlab.cloud:443 "GET /Enrichr/export?userListId=60488904&filename=Reactome_2022.sonis_pathways.reports&backgroundType=Reactome_2022 HTTP/1.1" 200 None
LINE 431 : 2023-03-31 20:16:49,135 [INFO    ] Save file of enrichment results: Job Id:eaa3eb907b32ed62d7b1f8d878b95315
LINE 441 : 2023-03-31 20:16:49,143 [INFO    ] Done.

LINE 421 : 2023-03-31 20:16:49,143 [DEBUG   ] Start Enrichr using library: KEGG_2021_Human
LINE 422 : 2023-03-31 20:16:49,143 [INFO    ] Analysis name: sonis_pathways, Enrichr Library: KEGG_2021_Human
LINE 228 : 2023-03-31 20:16:49,146 [DEBUG   ] Starting new HTTP connection (1): maayanlab.cloud:80
LINE 456 : 2023-03-31 20:16:49,298 [DEBUG   ] http://maayanlab.cloud:80 "POST /Enrichr/addList HTTP/1.1" 308 164
LINE 1001: 2023-03-31 20:16:49,300 [DEBUG   ] Starting new HTTPS connection (1): maayanlab.cloud:443
LINE 456 : 2023-03-31 20:16:49,643 [DEBUG   ] https://maayanlab.cloud:443 "POST /Enrichr/addList HTTP/1.1" 200 74
LINE 228 : 2023-03-31 20:16:50,652 [DEBUG   ] Starting new HTTP connection (1): maayanlab.cloud:80
LINE 456 : 2023-03-31 20:16:50,811 [DEBUG   ] http://maayanlab.cloud:80 "GET /Enrichr/export?userListId=60488905&filename=KEGG_2021_Human.sonis_pathways.reports&backgroundType=KEGG_2021_Human HTTP/1.1" 308 164
LINE 1001: 2023-03-31 20:16:50,813 [DEBUG   ] Starting new HTTPS connection (1): maayanlab.cloud:443
LINE 456 : 2023-03-31 20:16:51,087 [DEBUG   ] https://maayanlab.cloud:443 "GET /Enrichr/export?userListId=60488905&filename=KEGG_2021_Human.sonis_pathways.reports&backgroundType=KEGG_2021_Human HTTP/1.1" 200 None
LINE 431 : 2023-03-31 20:16:51,225 [INFO    ] Save file of enrichment results: Job Id:b1c782931ee1870ef201a72daf4bd222
LINE 441 : 2023-03-31 20:16:51,230 [INFO    ] Done.

LINE 421 : 2023-03-31 20:16:51,230 [DEBUG   ] Start Enrichr using library: BioPlanet_2019
LINE 422 : 2023-03-31 20:16:51,230 [INFO    ] Analysis name: sonis_pathways, Enrichr Library: BioPlanet_2019
LINE 228 : 2023-03-31 20:16:51,232 [DEBUG   ] Starting new HTTP connection (1): maayanlab.cloud:80
LINE 456 : 2023-03-31 20:16:51,408 [DEBUG   ] http://maayanlab.cloud:80 "POST /Enrichr/addList HTTP/1.1" 308 164
LINE 1001: 2023-03-31 20:16:51,410 [DEBUG   ] Starting new HTTPS connection (1): maayanlab.cloud:443
LINE 456 : 2023-03-31 20:16:51,765 [DEBUG   ] https://maayanlab.cloud:443 "POST /Enrichr/addList HTTP/1.1" 200 74
LINE 228 : 2023-03-31 20:16:52,770 [DEBUG   ] Starting new HTTP connection (1): maayanlab.cloud:80
LINE 456 : 2023-03-31 20:16:52,930 [DEBUG   ] http://maayanlab.cloud:80 "GET /Enrichr/export?userListId=60488906&filename=BioPlanet_2019.sonis_pathways.reports&backgroundType=BioPlanet_2019 HTTP/1.1" 308 164
LINE 1001: 2023-03-31 20:16:52,934 [DEBUG   ] Starting new HTTPS connection (1): maayanlab.cloud:443
LINE 456 : 2023-03-31 20:16:53,243 [DEBUG   ] https://maayanlab.cloud:443 "GET /Enrichr/export?userListId=60488906&filename=BioPlanet_2019.sonis_pathways.reports&backgroundType=BioPlanet_2019 HTTP/1.1" 200 None
LINE 431 : 2023-03-31 20:16:53,500 [INFO    ] Save file of enrichment results: Job Id:09d8cd5d862ddab07504577e58e72222
LINE 441 : 2023-03-31 20:16:53,514 [INFO    ] Done.

LINE 421 : 2023-03-31 20:16:53,514 [DEBUG   ] Start Enrichr using library: WikiPathways_2019_Human
LINE 422 : 2023-03-31 20:16:53,514 [INFO    ] Analysis name: sonis_pathways, Enrichr Library: WikiPathways_2019_Human
LINE 228 : 2023-03-31 20:16:53,515 [DEBUG   ] Starting new HTTP connection (1): maayanlab.cloud:80
LINE 456 : 2023-03-31 20:16:53,685 [DEBUG   ] http://maayanlab.cloud:80 "POST /Enrichr/addList HTTP/1.1" 308 164
LINE 1001: 2023-03-31 20:16:53,688 [DEBUG   ] Starting new HTTPS connection (1): maayanlab.cloud:443
LINE 456 : 2023-03-31 20:16:54,041 [DEBUG   ] https://maayanlab.cloud:443 "POST /Enrichr/addList HTTP/1.1" 200 74
LINE 228 : 2023-03-31 20:16:55,051 [DEBUG   ] Starting new HTTP connection (1): maayanlab.cloud:80
LINE 456 : 2023-03-31 20:16:55,206 [DEBUG   ] http://maayanlab.cloud:80 "GET /Enrichr/export?userListId=60488907&filename=WikiPathways_2019_Human.sonis_pathways.reports&backgroundType=WikiPathways_2019_Human HTTP/1.1" 308 164
LINE 1001: 2023-03-31 20:16:55,210 [DEBUG   ] Starting new HTTPS connection (1): maayanlab.cloud:443
LINE 456 : 2023-03-31 20:16:55,472 [DEBUG   ] https://maayanlab.cloud:443 "GET /Enrichr/export?userListId=60488907&filename=WikiPathways_2019_Human.sonis_pathways.reports&backgroundType=WikiPathways_2019_Human HTTP/1.1" 200 None
LINE 431 : 2023-03-31 20:16:55,610 [INFO    ] Save file of enrichment results: Job Id:d2980045feba5be7a78d39a24ce631f7
LINE 441 : 2023-03-31 20:16:55,614 [INFO    ] Done.

LINE 421 : 2023-03-31 20:16:55,614 [DEBUG   ] Start Enrichr using library: Human_Phenotype_Ontology
LINE 422 : 2023-03-31 20:16:55,614 [INFO    ] Analysis name: sonis_pathways, Enrichr Library: Human_Phenotype_Ontology
LINE 228 : 2023-03-31 20:16:55,616 [DEBUG   ] Starting new HTTP connection (1): maayanlab.cloud:80
LINE 456 : 2023-03-31 20:16:55,771 [DEBUG   ] http://maayanlab.cloud:80 "POST /Enrichr/addList HTTP/1.1" 308 164
LINE 1001: 2023-03-31 20:16:55,774 [DEBUG   ] Starting new HTTPS connection (1): maayanlab.cloud:443
LINE 456 : 2023-03-31 20:16:56,114 [DEBUG   ] https://maayanlab.cloud:443 "POST /Enrichr/addList HTTP/1.1" 200 74
LINE 228 : 2023-03-31 20:16:57,129 [DEBUG   ] Starting new HTTP connection (1): maayanlab.cloud:80
LINE 456 : 2023-03-31 20:16:57,282 [DEBUG   ] http://maayanlab.cloud:80 "GET /Enrichr/export?userListId=60488908&filename=Human_Phenotype_Ontology.sonis_pathways.reports&backgroundType=Human_Phenotype_Ontology HTTP/1.1" 308 164
LINE 1001: 2023-03-31 20:16:57,286 [DEBUG   ] Starting new HTTPS connection (1): maayanlab.cloud:443
LINE 456 : 2023-03-31 20:16:57,554 [DEBUG   ] https://maayanlab.cloud:443 "GET /Enrichr/export?userListId=60488908&filename=Human_Phenotype_Ontology.sonis_pathways.reports&backgroundType=Human_Phenotype_Ontology HTTP/1.1" 200 None
LINE 431 : 2023-03-31 20:16:57,718 [INFO    ] Save file of enrichment results: Job Id:04909e277c0e7cd1bdff1fd0a6cbc683
LINE 441 : 2023-03-31 20:16:57,725 [INFO    ] Done.

LINE 421 : 2023-03-31 20:16:57,725 [DEBUG   ] Start Enrichr using library: GO_Biological_Process_2021
LINE 422 : 2023-03-31 20:16:57,725 [INFO    ] Analysis name: sonis_pathways, Enrichr Library: GO_Biological_Process_2021
LINE 228 : 2023-03-31 20:16:57,727 [DEBUG   ] Starting new HTTP connection (1): maayanlab.cloud:80
LINE 456 : 2023-03-31 20:16:57,892 [DEBUG   ] http://maayanlab.cloud:80 "POST /Enrichr/addList HTTP/1.1" 308 164
LINE 1001: 2023-03-31 20:16:57,894 [DEBUG   ] Starting new HTTPS connection (1): maayanlab.cloud:443
LINE 456 : 2023-03-31 20:16:58,246 [DEBUG   ] https://maayanlab.cloud:443 "POST /Enrichr/addList HTTP/1.1" 200 74
LINE 228 : 2023-03-31 20:16:59,259 [DEBUG   ] Starting new HTTP connection (1): maayanlab.cloud:80
LINE 456 : 2023-03-31 20:16:59,440 [DEBUG   ] http://maayanlab.cloud:80 "GET /Enrichr/export?userListId=60488909&filename=GO_Biological_Process_2021.sonis_pathways.reports&backgroundType=GO_Biological_Process_2021 HTTP/1.1" 308 164
LINE 1001: 2023-03-31 20:16:59,445 [DEBUG   ] Starting new HTTPS connection (1): maayanlab.cloud:443
LINE 456 : 2023-03-31 20:16:59,707 [DEBUG   ] https://maayanlab.cloud:443 "GET /Enrichr/export?userListId=60488909&filename=GO_Biological_Process_2021.sonis_pathways.reports&backgroundType=GO_Biological_Process_2021 HTTP/1.1" 200 None
LINE 431 : 2023-03-31 20:17:00,239 [INFO    ] Save file of enrichment results: Job Id:2b3190d6b0628d1ad4e9e539eefcbd60
LINE 441 : 2023-03-31 20:17:00,255 [INFO    ] Done.

LINE 401 : 2023-03-31 20:17:00,259 [INFO    ] Connecting to Enrichr Server to get latest library names
LINE 228 : 2023-03-31 20:17:00,261 [DEBUG   ] Starting new HTTP connection (1): maayanlab.cloud:80
LINE 456 : 2023-03-31 20:17:00,421 [DEBUG   ] http://maayanlab.cloud:80 "GET /Enrichr/datasetStatistics HTTP/1.1" 308 164
LINE 1001: 2023-03-31 20:17:00,424 [DEBUG   ] Starting new HTTPS connection (1): maayanlab.cloud:443
LINE 456 : 2023-03-31 20:17:00,675 [DEBUG   ] https://maayanlab.cloud:443 "GET /Enrichr/datasetStatistics HTTP/1.1" 200 None
LINE 421 : 2023-03-31 20:17:00,841 [DEBUG   ] Start Enrichr using library: Reactome_2022
LINE 422 : 2023-03-31 20:17:00,841 [INFO    ] Analysis name: sonis_pathways, Enrichr Library: Reactome_2022
LINE 228 : 2023-03-31 20:17:00,843 [DEBUG   ] Starting new HTTP connection (1): maayanlab.cloud:80
LINE 456 : 2023-03-31 20:17:01,009 [DEBUG   ] http://maayanlab.cloud:80 "POST /Enrichr/addList HTTP/1.1" 308 164
LINE 1001: 2023-03-31 20:17:01,012 [DEBUG   ] Starting new HTTPS connection (1): maayanlab.cloud:443
LINE 456 : 2023-03-31 20:17:01,342 [DEBUG   ] https://maayanlab.cloud:443 "POST /Enrichr/addList HTTP/1.1" 200 74
LINE 228 : 2023-03-31 20:17:02,348 [DEBUG   ] Starting new HTTP connection (1): maayanlab.cloud:80
LINE 456 : 2023-03-31 20:17:02,503 [DEBUG   ] http://maayanlab.cloud:80 "GET /Enrichr/export?userListId=60488910&filename=Reactome_2022.sonis_pathways.reports&backgroundType=Reactome_2022 HTTP/1.1" 308 164
LINE 1001: 2023-03-31 20:17:02,505 [DEBUG   ] Starting new HTTPS connection (1): maayanlab.cloud:443
LINE 456 : 2023-03-31 20:17:02,783 [DEBUG   ] https://maayanlab.cloud:443 "GET /Enrichr/export?userListId=60488910&filename=Reactome_2022.sonis_pathways.reports&backgroundType=Reactome_2022 HTTP/1.1" 200 None
LINE 431 : 2023-03-31 20:17:03,142 [INFO    ] Save file of enrichment results: Job Id:6fd85cb1aec503d0566ac7bbb2af3582
LINE 441 : 2023-03-31 20:17:03,151 [INFO    ] Done.

LINE 421 : 2023-03-31 20:17:03,151 [DEBUG   ] Start Enrichr using library: KEGG_2021_Human
LINE 422 : 2023-03-31 20:17:03,151 [INFO    ] Analysis name: sonis_pathways, Enrichr Library: KEGG_2021_Human
LINE 228 : 2023-03-31 20:17:03,153 [DEBUG   ] Starting new HTTP connection (1): maayanlab.cloud:80
LINE 456 : 2023-03-31 20:17:03,313 [DEBUG   ] http://maayanlab.cloud:80 "POST /Enrichr/addList HTTP/1.1" 308 164
LINE 1001: 2023-03-31 20:17:03,315 [DEBUG   ] Starting new HTTPS connection (1): maayanlab.cloud:443
LINE 456 : 2023-03-31 20:17:03,638 [DEBUG   ] https://maayanlab.cloud:443 "POST /Enrichr/addList HTTP/1.1" 200 74
LINE 228 : 2023-03-31 20:17:04,647 [DEBUG   ] Starting new HTTP connection (1): maayanlab.cloud:80
LINE 456 : 2023-03-31 20:17:04,825 [DEBUG   ] http://maayanlab.cloud:80 "GET /Enrichr/export?userListId=60488911&filename=KEGG_2021_Human.sonis_pathways.reports&backgroundType=KEGG_2021_Human HTTP/1.1" 308 164
LINE 1001: 2023-03-31 20:17:04,828 [DEBUG   ] Starting new HTTPS connection (1): maayanlab.cloud:443
LINE 456 : 2023-03-31 20:17:05,106 [DEBUG   ] https://maayanlab.cloud:443 "GET /Enrichr/export?userListId=60488911&filename=KEGG_2021_Human.sonis_pathways.reports&backgroundType=KEGG_2021_Human HTTP/1.1" 200 None
LINE 431 : 2023-03-31 20:17:05,184 [INFO    ] Save file of enrichment results: Job Id:bc013013714f1a4a10546b2441230395
LINE 441 : 2023-03-31 20:17:05,189 [INFO    ] Done.

LINE 421 : 2023-03-31 20:17:05,189 [DEBUG   ] Start Enrichr using library: BioPlanet_2019
LINE 422 : 2023-03-31 20:17:05,189 [INFO    ] Analysis name: sonis_pathways, Enrichr Library: BioPlanet_2019
LINE 228 : 2023-03-31 20:17:05,192 [DEBUG   ] Starting new HTTP connection (1): maayanlab.cloud:80
LINE 456 : 2023-03-31 20:17:05,356 [DEBUG   ] http://maayanlab.cloud:80 "POST /Enrichr/addList HTTP/1.1" 308 164
LINE 1001: 2023-03-31 20:17:05,358 [DEBUG   ] Starting new HTTPS connection (1): maayanlab.cloud:443
LINE 456 : 2023-03-31 20:17:05,670 [DEBUG   ] https://maayanlab.cloud:443 "POST /Enrichr/addList HTTP/1.1" 200 74
LINE 228 : 2023-03-31 20:17:06,685 [DEBUG   ] Starting new HTTP connection (1): maayanlab.cloud:80
LINE 456 : 2023-03-31 20:17:06,845 [DEBUG   ] http://maayanlab.cloud:80 "GET /Enrichr/export?userListId=60488912&filename=BioPlanet_2019.sonis_pathways.reports&backgroundType=BioPlanet_2019 HTTP/1.1" 308 164
LINE 1001: 2023-03-31 20:17:06,849 [DEBUG   ] Starting new HTTPS connection (1): maayanlab.cloud:443
LINE 456 : 2023-03-31 20:17:07,096 [DEBUG   ] https://maayanlab.cloud:443 "GET /Enrichr/export?userListId=60488912&filename=BioPlanet_2019.sonis_pathways.reports&backgroundType=BioPlanet_2019 HTTP/1.1" 200 None
LINE 431 : 2023-03-31 20:17:07,369 [INFO    ] Save file of enrichment results: Job Id:3a1ea0e7be0c7028bd7791ab95276139
LINE 441 : 2023-03-31 20:17:07,378 [INFO    ] Done.

LINE 421 : 2023-03-31 20:17:07,378 [DEBUG   ] Start Enrichr using library: WikiPathways_2019_Human
LINE 422 : 2023-03-31 20:17:07,378 [INFO    ] Analysis name: sonis_pathways, Enrichr Library: WikiPathways_2019_Human
LINE 228 : 2023-03-31 20:17:07,380 [DEBUG   ] Starting new HTTP connection (1): maayanlab.cloud:80
LINE 456 : 2023-03-31 20:17:07,536 [DEBUG   ] http://maayanlab.cloud:80 "POST /Enrichr/addList HTTP/1.1" 308 164
LINE 1001: 2023-03-31 20:17:07,539 [DEBUG   ] Starting new HTTPS connection (1): maayanlab.cloud:443
LINE 456 : 2023-03-31 20:17:07,854 [DEBUG   ] https://maayanlab.cloud:443 "POST /Enrichr/addList HTTP/1.1" 200 74
LINE 228 : 2023-03-31 20:17:08,861 [DEBUG   ] Starting new HTTP connection (1): maayanlab.cloud:80
LINE 456 : 2023-03-31 20:17:09,013 [DEBUG   ] http://maayanlab.cloud:80 "GET /Enrichr/export?userListId=60488913&filename=WikiPathways_2019_Human.sonis_pathways.reports&backgroundType=WikiPathways_2019_Human HTTP/1.1" 308 164
LINE 1001: 2023-03-31 20:17:09,017 [DEBUG   ] Starting new HTTPS connection (1): maayanlab.cloud:443
LINE 456 : 2023-03-31 20:17:09,275 [DEBUG   ] https://maayanlab.cloud:443 "GET /Enrichr/export?userListId=60488913&filename=WikiPathways_2019_Human.sonis_pathways.reports&backgroundType=WikiPathways_2019_Human HTTP/1.1" 200 None
LINE 431 : 2023-03-31 20:17:09,410 [INFO    ] Save file of enrichment results: Job Id:9e872c2b0363bbef02d0b7d18f7dc6b7
LINE 441 : 2023-03-31 20:17:09,414 [INFO    ] Done.

LINE 421 : 2023-03-31 20:17:09,415 [DEBUG   ] Start Enrichr using library: Human_Phenotype_Ontology
LINE 422 : 2023-03-31 20:17:09,415 [INFO    ] Analysis name: sonis_pathways, Enrichr Library: Human_Phenotype_Ontology
LINE 228 : 2023-03-31 20:17:09,416 [DEBUG   ] Starting new HTTP connection (1): maayanlab.cloud:80
LINE 456 : 2023-03-31 20:17:09,592 [DEBUG   ] http://maayanlab.cloud:80 "POST /Enrichr/addList HTTP/1.1" 308 164
LINE 1001: 2023-03-31 20:17:09,595 [DEBUG   ] Starting new HTTPS connection (1): maayanlab.cloud:443
LINE 456 : 2023-03-31 20:17:09,922 [DEBUG   ] https://maayanlab.cloud:443 "POST /Enrichr/addList HTTP/1.1" 200 74
LINE 228 : 2023-03-31 20:17:10,942 [DEBUG   ] Starting new HTTP connection (1): maayanlab.cloud:80
LINE 456 : 2023-03-31 20:17:11,108 [DEBUG   ] http://maayanlab.cloud:80 "GET /Enrichr/export?userListId=60488914&filename=Human_Phenotype_Ontology.sonis_pathways.reports&backgroundType=Human_Phenotype_Ontology HTTP/1.1" 308 164
LINE 1001: 2023-03-31 20:17:11,111 [DEBUG   ] Starting new HTTPS connection (1): maayanlab.cloud:443
LINE 456 : 2023-03-31 20:17:11,375 [DEBUG   ] https://maayanlab.cloud:443 "GET /Enrichr/export?userListId=60488914&filename=Human_Phenotype_Ontology.sonis_pathways.reports&backgroundType=Human_Phenotype_Ontology HTTP/1.1" 200 None
LINE 431 : 2023-03-31 20:17:11,538 [INFO    ] Save file of enrichment results: Job Id:ac9ade9fcd7632e2022905c51383dc2d
LINE 441 : 2023-03-31 20:17:11,544 [INFO    ] Done.

LINE 421 : 2023-03-31 20:17:11,544 [DEBUG   ] Start Enrichr using library: GO_Biological_Process_2021
LINE 422 : 2023-03-31 20:17:11,544 [INFO    ] Analysis name: sonis_pathways, Enrichr Library: GO_Biological_Process_2021
LINE 228 : 2023-03-31 20:17:11,545 [DEBUG   ] Starting new HTTP connection (1): maayanlab.cloud:80
LINE 456 : 2023-03-31 20:17:11,701 [DEBUG   ] http://maayanlab.cloud:80 "POST /Enrichr/addList HTTP/1.1" 308 164
LINE 1001: 2023-03-31 20:17:11,704 [DEBUG   ] Starting new HTTPS connection (1): maayanlab.cloud:443
LINE 456 : 2023-03-31 20:17:12,010 [DEBUG   ] https://maayanlab.cloud:443 "POST /Enrichr/addList HTTP/1.1" 200 74
LINE 228 : 2023-03-31 20:17:13,023 [DEBUG   ] Starting new HTTP connection (1): maayanlab.cloud:80
LINE 456 : 2023-03-31 20:17:13,181 [DEBUG   ] http://maayanlab.cloud:80 "GET /Enrichr/export?userListId=60488915&filename=GO_Biological_Process_2021.sonis_pathways.reports&backgroundType=GO_Biological_Process_2021 HTTP/1.1" 308 164
LINE 1001: 2023-03-31 20:17:13,184 [DEBUG   ] Starting new HTTPS connection (1): maayanlab.cloud:443
LINE 456 : 2023-03-31 20:17:13,443 [DEBUG   ] https://maayanlab.cloud:443 "GET /Enrichr/export?userListId=60488915&filename=GO_Biological_Process_2021.sonis_pathways.reports&backgroundType=GO_Biological_Process_2021 HTTP/1.1" 200 None
LINE 431 : 2023-03-31 20:17:13,678 [INFO    ] Save file of enrichment results: Job Id:3685fb13cdef529a58845c67be4e1fd8
LINE 441 : 2023-03-31 20:17:13,692 [INFO    ] Done.

LINE 401 : 2023-03-31 20:17:13,695 [INFO    ] Connecting to Enrichr Server to get latest library names
LINE 228 : 2023-03-31 20:17:13,697 [DEBUG   ] Starting new HTTP connection (1): maayanlab.cloud:80
LINE 456 : 2023-03-31 20:17:13,852 [DEBUG   ] http://maayanlab.cloud:80 "GET /Enrichr/datasetStatistics HTTP/1.1" 308 164
LINE 1001: 2023-03-31 20:17:13,855 [DEBUG   ] Starting new HTTPS connection (1): maayanlab.cloud:443
LINE 456 : 2023-03-31 20:17:14,102 [DEBUG   ] https://maayanlab.cloud:443 "GET /Enrichr/datasetStatistics HTTP/1.1" 200 None
LINE 421 : 2023-03-31 20:17:14,337 [DEBUG   ] Start Enrichr using library: Reactome_2022
LINE 422 : 2023-03-31 20:17:14,337 [INFO    ] Analysis name: sonis_pathways, Enrichr Library: Reactome_2022
LINE 228 : 2023-03-31 20:17:14,339 [DEBUG   ] Starting new HTTP connection (1): maayanlab.cloud:80
LINE 456 : 2023-03-31 20:17:14,513 [DEBUG   ] http://maayanlab.cloud:80 "POST /Enrichr/addList HTTP/1.1" 308 164
LINE 1001: 2023-03-31 20:17:14,516 [DEBUG   ] Starting new HTTPS connection (1): maayanlab.cloud:443
LINE 456 : 2023-03-31 20:17:14,922 [DEBUG   ] https://maayanlab.cloud:443 "POST /Enrichr/addList HTTP/1.1" 200 74
LINE 228 : 2023-03-31 20:17:15,936 [DEBUG   ] Starting new HTTP connection (1): maayanlab.cloud:80
LINE 456 : 2023-03-31 20:17:16,099 [DEBUG   ] http://maayanlab.cloud:80 "GET /Enrichr/export?userListId=60488916&filename=Reactome_2022.sonis_pathways.reports&backgroundType=Reactome_2022 HTTP/1.1" 308 164
LINE 1001: 2023-03-31 20:17:16,103 [DEBUG   ] Starting new HTTPS connection (1): maayanlab.cloud:443
LINE 456 : 2023-03-31 20:17:16,433 [DEBUG   ] https://maayanlab.cloud:443 "GET /Enrichr/export?userListId=60488916&filename=Reactome_2022.sonis_pathways.reports&backgroundType=Reactome_2022 HTTP/1.1" 200 None
LINE 431 : 2023-03-31 20:17:16,672 [INFO    ] Save file of enrichment results: Job Id:d4b046f2910138d898465a815e48ca88
LINE 441 : 2023-03-31 20:17:16,688 [INFO    ] Done.

LINE 421 : 2023-03-31 20:17:16,688 [DEBUG   ] Start Enrichr using library: KEGG_2021_Human
LINE 422 : 2023-03-31 20:17:16,688 [INFO    ] Analysis name: sonis_pathways, Enrichr Library: KEGG_2021_Human
LINE 228 : 2023-03-31 20:17:16,690 [DEBUG   ] Starting new HTTP connection (1): maayanlab.cloud:80
LINE 456 : 2023-03-31 20:17:16,844 [DEBUG   ] http://maayanlab.cloud:80 "POST /Enrichr/addList HTTP/1.1" 308 164
LINE 1001: 2023-03-31 20:17:16,850 [DEBUG   ] Starting new HTTPS connection (1): maayanlab.cloud:443
LINE 456 : 2023-03-31 20:17:17,252 [DEBUG   ] https://maayanlab.cloud:443 "POST /Enrichr/addList HTTP/1.1" 200 74
LINE 228 : 2023-03-31 20:17:18,262 [DEBUG   ] Starting new HTTP connection (1): maayanlab.cloud:80
LINE 456 : 2023-03-31 20:17:18,419 [DEBUG   ] http://maayanlab.cloud:80 "GET /Enrichr/export?userListId=60488917&filename=KEGG_2021_Human.sonis_pathways.reports&backgroundType=KEGG_2021_Human HTTP/1.1" 308 164
LINE 1001: 2023-03-31 20:17:18,422 [DEBUG   ] Starting new HTTPS connection (1): maayanlab.cloud:443
LINE 456 : 2023-03-31 20:17:18,684 [DEBUG   ] https://maayanlab.cloud:443 "GET /Enrichr/export?userListId=60488917&filename=KEGG_2021_Human.sonis_pathways.reports&backgroundType=KEGG_2021_Human HTTP/1.1" 200 None
LINE 431 : 2023-03-31 20:17:18,772 [INFO    ] Save file of enrichment results: Job Id:ed281d6589a46550c1b77790f509f132
LINE 441 : 2023-03-31 20:17:18,778 [INFO    ] Done.

LINE 421 : 2023-03-31 20:17:18,778 [DEBUG   ] Start Enrichr using library: BioPlanet_2019
LINE 422 : 2023-03-31 20:17:18,778 [INFO    ] Analysis name: sonis_pathways, Enrichr Library: BioPlanet_2019
LINE 228 : 2023-03-31 20:17:18,781 [DEBUG   ] Starting new HTTP connection (1): maayanlab.cloud:80
LINE 456 : 2023-03-31 20:17:18,942 [DEBUG   ] http://maayanlab.cloud:80 "POST /Enrichr/addList HTTP/1.1" 308 164
LINE 1001: 2023-03-31 20:17:18,946 [DEBUG   ] Starting new HTTPS connection (1): maayanlab.cloud:443
LINE 456 : 2023-03-31 20:17:19,340 [DEBUG   ] https://maayanlab.cloud:443 "POST /Enrichr/addList HTTP/1.1" 200 74
LINE 228 : 2023-03-31 20:17:20,355 [DEBUG   ] Starting new HTTP connection (1): maayanlab.cloud:80
LINE 456 : 2023-03-31 20:17:20,528 [DEBUG   ] http://maayanlab.cloud:80 "GET /Enrichr/export?userListId=60488918&filename=BioPlanet_2019.sonis_pathways.reports&backgroundType=BioPlanet_2019 HTTP/1.1" 308 164
LINE 1001: 2023-03-31 20:17:20,532 [DEBUG   ] Starting new HTTPS connection (1): maayanlab.cloud:443
LINE 456 : 2023-03-31 20:17:20,784 [DEBUG   ] https://maayanlab.cloud:443 "GET /Enrichr/export?userListId=60488918&filename=BioPlanet_2019.sonis_pathways.reports&backgroundType=BioPlanet_2019 HTTP/1.1" 200 None
LINE 431 : 2023-03-31 20:17:21,073 [INFO    ] Save file of enrichment results: Job Id:5854120c343948ab418732505dae6dcf
LINE 441 : 2023-03-31 20:17:21,090 [INFO    ] Done.

LINE 421 : 2023-03-31 20:17:21,090 [DEBUG   ] Start Enrichr using library: WikiPathways_2019_Human
LINE 422 : 2023-03-31 20:17:21,090 [INFO    ] Analysis name: sonis_pathways, Enrichr Library: WikiPathways_2019_Human
LINE 228 : 2023-03-31 20:17:21,093 [DEBUG   ] Starting new HTTP connection (1): maayanlab.cloud:80
LINE 456 : 2023-03-31 20:17:21,249 [DEBUG   ] http://maayanlab.cloud:80 "POST /Enrichr/addList HTTP/1.1" 308 164
LINE 1001: 2023-03-31 20:17:21,252 [DEBUG   ] Starting new HTTPS connection (1): maayanlab.cloud:443
LINE 456 : 2023-03-31 20:17:21,646 [DEBUG   ] https://maayanlab.cloud:443 "POST /Enrichr/addList HTTP/1.1" 200 74
LINE 228 : 2023-03-31 20:17:22,653 [DEBUG   ] Starting new HTTP connection (1): maayanlab.cloud:80
LINE 456 : 2023-03-31 20:17:22,811 [DEBUG   ] http://maayanlab.cloud:80 "GET /Enrichr/export?userListId=60488919&filename=WikiPathways_2019_Human.sonis_pathways.reports&backgroundType=WikiPathways_2019_Human HTTP/1.1" 308 164
LINE 1001: 2023-03-31 20:17:22,813 [DEBUG   ] Starting new HTTPS connection (1): maayanlab.cloud:443
LINE 456 : 2023-03-31 20:17:23,086 [DEBUG   ] https://maayanlab.cloud:443 "GET /Enrichr/export?userListId=60488919&filename=WikiPathways_2019_Human.sonis_pathways.reports&backgroundType=WikiPathways_2019_Human HTTP/1.1" 200 None
LINE 431 : 2023-03-31 20:17:23,244 [INFO    ] Save file of enrichment results: Job Id:f61dde13616907946db57882a4ac199b
LINE 441 : 2023-03-31 20:17:23,250 [INFO    ] Done.

LINE 421 : 2023-03-31 20:17:23,251 [DEBUG   ] Start Enrichr using library: Human_Phenotype_Ontology
LINE 422 : 2023-03-31 20:17:23,251 [INFO    ] Analysis name: sonis_pathways, Enrichr Library: Human_Phenotype_Ontology
LINE 228 : 2023-03-31 20:17:23,252 [DEBUG   ] Starting new HTTP connection (1): maayanlab.cloud:80
LINE 456 : 2023-03-31 20:17:23,405 [DEBUG   ] http://maayanlab.cloud:80 "POST /Enrichr/addList HTTP/1.1" 308 164
LINE 1001: 2023-03-31 20:17:23,406 [DEBUG   ] Starting new HTTPS connection (1): maayanlab.cloud:443
LINE 456 : 2023-03-31 20:17:23,813 [DEBUG   ] https://maayanlab.cloud:443 "POST /Enrichr/addList HTTP/1.1" 200 74
LINE 228 : 2023-03-31 20:17:24,826 [DEBUG   ] Starting new HTTP connection (1): maayanlab.cloud:80
LINE 456 : 2023-03-31 20:17:24,995 [DEBUG   ] http://maayanlab.cloud:80 "GET /Enrichr/export?userListId=60488920&filename=Human_Phenotype_Ontology.sonis_pathways.reports&backgroundType=Human_Phenotype_Ontology HTTP/1.1" 308 164
LINE 1001: 2023-03-31 20:17:24,999 [DEBUG   ] Starting new HTTPS connection (1): maayanlab.cloud:443
LINE 456 : 2023-03-31 20:17:25,261 [DEBUG   ] https://maayanlab.cloud:443 "GET /Enrichr/export?userListId=60488920&filename=Human_Phenotype_Ontology.sonis_pathways.reports&backgroundType=Human_Phenotype_Ontology HTTP/1.1" 200 None
LINE 431 : 2023-03-31 20:17:25,408 [INFO    ] Save file of enrichment results: Job Id:89c211cee3a3366deb8dbf54a0fcc660
LINE 441 : 2023-03-31 20:17:25,415 [INFO    ] Done.

LINE 421 : 2023-03-31 20:17:25,415 [DEBUG   ] Start Enrichr using library: GO_Biological_Process_2021
LINE 422 : 2023-03-31 20:17:25,415 [INFO    ] Analysis name: sonis_pathways, Enrichr Library: GO_Biological_Process_2021
LINE 228 : 2023-03-31 20:17:25,418 [DEBUG   ] Starting new HTTP connection (1): maayanlab.cloud:80
LINE 456 : 2023-03-31 20:17:25,604 [DEBUG   ] http://maayanlab.cloud:80 "POST /Enrichr/addList HTTP/1.1" 308 164
LINE 1001: 2023-03-31 20:17:25,606 [DEBUG   ] Starting new HTTPS connection (1): maayanlab.cloud:443
LINE 456 : 2023-03-31 20:17:26,002 [DEBUG   ] https://maayanlab.cloud:443 "POST /Enrichr/addList HTTP/1.1" 200 74
LINE 228 : 2023-03-31 20:17:27,014 [DEBUG   ] Starting new HTTP connection (1): maayanlab.cloud:80
LINE 456 : 2023-03-31 20:17:27,175 [DEBUG   ] http://maayanlab.cloud:80 "GET /Enrichr/export?userListId=60488921&filename=GO_Biological_Process_2021.sonis_pathways.reports&backgroundType=GO_Biological_Process_2021 HTTP/1.1" 308 164
LINE 1001: 2023-03-31 20:17:27,178 [DEBUG   ] Starting new HTTPS connection (1): maayanlab.cloud:443
LINE 456 : 2023-03-31 20:17:27,441 [DEBUG   ] https://maayanlab.cloud:443 "GET /Enrichr/export?userListId=60488921&filename=GO_Biological_Process_2021.sonis_pathways.reports&backgroundType=GO_Biological_Process_2021 HTTP/1.1" 200 None
LINE 431 : 2023-03-31 20:17:27,730 [INFO    ] Save file of enrichment results: Job Id:4fd2d6eae76894a5d7a90fb358f3c089
LINE 441 : 2023-03-31 20:17:27,747 [INFO    ] Done.

LINE 401 : 2023-03-31 20:17:27,751 [INFO    ] Connecting to Enrichr Server to get latest library names
LINE 228 : 2023-03-31 20:17:27,753 [DEBUG   ] Starting new HTTP connection (1): maayanlab.cloud:80
LINE 456 : 2023-03-31 20:17:27,909 [DEBUG   ] http://maayanlab.cloud:80 "GET /Enrichr/datasetStatistics HTTP/1.1" 308 164
LINE 1001: 2023-03-31 20:17:27,911 [DEBUG   ] Starting new HTTPS connection (1): maayanlab.cloud:443
LINE 456 : 2023-03-31 20:17:28,162 [DEBUG   ] https://maayanlab.cloud:443 "GET /Enrichr/datasetStatistics HTTP/1.1" 200 None
LINE 421 : 2023-03-31 20:17:28,316 [DEBUG   ] Start Enrichr using library: Reactome_2022
LINE 422 : 2023-03-31 20:17:28,316 [INFO    ] Analysis name: sonis_pathways, Enrichr Library: Reactome_2022
LINE 228 : 2023-03-31 20:17:28,319 [DEBUG   ] Starting new HTTP connection (1): maayanlab.cloud:80
LINE 456 : 2023-03-31 20:17:28,483 [DEBUG   ] http://maayanlab.cloud:80 "POST /Enrichr/addList HTTP/1.1" 308 164
LINE 1001: 2023-03-31 20:17:28,486 [DEBUG   ] Starting new HTTPS connection (1): maayanlab.cloud:443
LINE 456 : 2023-03-31 20:17:28,788 [DEBUG   ] https://maayanlab.cloud:443 "POST /Enrichr/addList HTTP/1.1" 200 74
LINE 228 : 2023-03-31 20:17:29,804 [DEBUG   ] Starting new HTTP connection (1): maayanlab.cloud:80
LINE 456 : 2023-03-31 20:17:29,965 [DEBUG   ] http://maayanlab.cloud:80 "GET /Enrichr/export?userListId=60488922&filename=Reactome_2022.sonis_pathways.reports&backgroundType=Reactome_2022 HTTP/1.1" 308 164
LINE 1001: 2023-03-31 20:17:29,968 [DEBUG   ] Starting new HTTPS connection (1): maayanlab.cloud:443
LINE 456 : 2023-03-31 20:17:30,231 [DEBUG   ] https://maayanlab.cloud:443 "GET /Enrichr/export?userListId=60488922&filename=Reactome_2022.sonis_pathways.reports&backgroundType=Reactome_2022 HTTP/1.1" 200 None
LINE 431 : 2023-03-31 20:17:30,387 [INFO    ] Save file of enrichment results: Job Id:ff2c166274dffa445bab46970e8b4313
LINE 441 : 2023-03-31 20:17:30,394 [INFO    ] Done.

LINE 421 : 2023-03-31 20:17:30,394 [DEBUG   ] Start Enrichr using library: KEGG_2021_Human
LINE 422 : 2023-03-31 20:17:30,394 [INFO    ] Analysis name: sonis_pathways, Enrichr Library: KEGG_2021_Human
LINE 228 : 2023-03-31 20:17:30,396 [DEBUG   ] Starting new HTTP connection (1): maayanlab.cloud:80
LINE 456 : 2023-03-31 20:17:30,572 [DEBUG   ] http://maayanlab.cloud:80 "POST /Enrichr/addList HTTP/1.1" 308 164
LINE 1001: 2023-03-31 20:17:30,575 [DEBUG   ] Starting new HTTPS connection (1): maayanlab.cloud:443
LINE 456 : 2023-03-31 20:17:30,863 [DEBUG   ] https://maayanlab.cloud:443 "POST /Enrichr/addList HTTP/1.1" 200 74
LINE 228 : 2023-03-31 20:17:31,871 [DEBUG   ] Starting new HTTP connection (1): maayanlab.cloud:80
LINE 456 : 2023-03-31 20:17:32,034 [DEBUG   ] http://maayanlab.cloud:80 "GET /Enrichr/export?userListId=60488923&filename=KEGG_2021_Human.sonis_pathways.reports&backgroundType=KEGG_2021_Human HTTP/1.1" 308 164
LINE 1001: 2023-03-31 20:17:32,036 [DEBUG   ] Starting new HTTPS connection (1): maayanlab.cloud:443
LINE 456 : 2023-03-31 20:17:32,303 [DEBUG   ] https://maayanlab.cloud:443 "GET /Enrichr/export?userListId=60488923&filename=KEGG_2021_Human.sonis_pathways.reports&backgroundType=KEGG_2021_Human HTTP/1.1" 200 None
LINE 431 : 2023-03-31 20:17:32,383 [INFO    ] Save file of enrichment results: Job Id:909d56d9e1864ddcc8ec697ed98511e3
LINE 441 : 2023-03-31 20:17:32,388 [INFO    ] Done.

LINE 421 : 2023-03-31 20:17:32,388 [DEBUG   ] Start Enrichr using library: BioPlanet_2019
LINE 422 : 2023-03-31 20:17:32,388 [INFO    ] Analysis name: sonis_pathways, Enrichr Library: BioPlanet_2019
LINE 228 : 2023-03-31 20:17:32,392 [DEBUG   ] Starting new HTTP connection (1): maayanlab.cloud:80
LINE 456 : 2023-03-31 20:17:32,550 [DEBUG   ] http://maayanlab.cloud:80 "POST /Enrichr/addList HTTP/1.1" 308 164
LINE 1001: 2023-03-31 20:17:32,553 [DEBUG   ] Starting new HTTPS connection (1): maayanlab.cloud:443
LINE 456 : 2023-03-31 20:17:32,847 [DEBUG   ] https://maayanlab.cloud:443 "POST /Enrichr/addList HTTP/1.1" 200 74
LINE 228 : 2023-03-31 20:17:33,862 [DEBUG   ] Starting new HTTP connection (1): maayanlab.cloud:80
LINE 456 : 2023-03-31 20:17:34,025 [DEBUG   ] http://maayanlab.cloud:80 "GET /Enrichr/export?userListId=60488924&filename=BioPlanet_2019.sonis_pathways.reports&backgroundType=BioPlanet_2019 HTTP/1.1" 308 164
LINE 1001: 2023-03-31 20:17:34,028 [DEBUG   ] Starting new HTTPS connection (1): maayanlab.cloud:443
LINE 456 : 2023-03-31 20:17:34,312 [DEBUG   ] https://maayanlab.cloud:443 "GET /Enrichr/export?userListId=60488924&filename=BioPlanet_2019.sonis_pathways.reports&backgroundType=BioPlanet_2019 HTTP/1.1" 200 None
LINE 431 : 2023-03-31 20:17:34,446 [INFO    ] Save file of enrichment results: Job Id:980bd671a5a2901997517aa02c377b0f
LINE 441 : 2023-03-31 20:17:34,453 [INFO    ] Done.

LINE 421 : 2023-03-31 20:17:34,453 [DEBUG   ] Start Enrichr using library: WikiPathways_2019_Human
LINE 422 : 2023-03-31 20:17:34,453 [INFO    ] Analysis name: sonis_pathways, Enrichr Library: WikiPathways_2019_Human
LINE 228 : 2023-03-31 20:17:34,456 [DEBUG   ] Starting new HTTP connection (1): maayanlab.cloud:80
LINE 456 : 2023-03-31 20:17:34,611 [DEBUG   ] http://maayanlab.cloud:80 "POST /Enrichr/addList HTTP/1.1" 308 164
LINE 1001: 2023-03-31 20:17:34,614 [DEBUG   ] Starting new HTTPS connection (1): maayanlab.cloud:443
LINE 456 : 2023-03-31 20:17:34,893 [DEBUG   ] https://maayanlab.cloud:443 "POST /Enrichr/addList HTTP/1.1" 200 74
LINE 228 : 2023-03-31 20:17:35,902 [DEBUG   ] Starting new HTTP connection (1): maayanlab.cloud:80
LINE 456 : 2023-03-31 20:17:36,076 [DEBUG   ] http://maayanlab.cloud:80 "GET /Enrichr/export?userListId=60488925&filename=WikiPathways_2019_Human.sonis_pathways.reports&backgroundType=WikiPathways_2019_Human HTTP/1.1" 308 164
LINE 1001: 2023-03-31 20:17:36,079 [DEBUG   ] Starting new HTTPS connection (1): maayanlab.cloud:443
LINE 456 : 2023-03-31 20:17:36,334 [DEBUG   ] https://maayanlab.cloud:443 "GET /Enrichr/export?userListId=60488925&filename=WikiPathways_2019_Human.sonis_pathways.reports&backgroundType=WikiPathways_2019_Human HTTP/1.1" 200 None
LINE 431 : 2023-03-31 20:17:36,414 [INFO    ] Save file of enrichment results: Job Id:b543a9810a239f462b52aec73f1b822f
LINE 441 : 2023-03-31 20:17:36,418 [INFO    ] Done.

LINE 421 : 2023-03-31 20:17:36,418 [DEBUG   ] Start Enrichr using library: Human_Phenotype_Ontology
LINE 422 : 2023-03-31 20:17:36,418 [INFO    ] Analysis name: sonis_pathways, Enrichr Library: Human_Phenotype_Ontology
LINE 228 : 2023-03-31 20:17:36,420 [DEBUG   ] Starting new HTTP connection (1): maayanlab.cloud:80
LINE 456 : 2023-03-31 20:17:36,585 [DEBUG   ] http://maayanlab.cloud:80 "POST /Enrichr/addList HTTP/1.1" 308 164
LINE 1001: 2023-03-31 20:17:36,587 [DEBUG   ] Starting new HTTPS connection (1): maayanlab.cloud:443
LINE 456 : 2023-03-31 20:17:36,888 [DEBUG   ] https://maayanlab.cloud:443 "POST /Enrichr/addList HTTP/1.1" 200 74
LINE 228 : 2023-03-31 20:17:37,898 [DEBUG   ] Starting new HTTP connection (1): maayanlab.cloud:80
LINE 456 : 2023-03-31 20:17:38,050 [DEBUG   ] http://maayanlab.cloud:80 "GET /Enrichr/export?userListId=60488926&filename=Human_Phenotype_Ontology.sonis_pathways.reports&backgroundType=Human_Phenotype_Ontology HTTP/1.1" 308 164
LINE 1001: 2023-03-31 20:17:38,053 [DEBUG   ] Starting new HTTPS connection (1): maayanlab.cloud:443
LINE 456 : 2023-03-31 20:17:38,313 [DEBUG   ] https://maayanlab.cloud:443 "GET /Enrichr/export?userListId=60488926&filename=Human_Phenotype_Ontology.sonis_pathways.reports&backgroundType=Human_Phenotype_Ontology HTTP/1.1" 200 None
LINE 431 : 2023-03-31 20:17:38,390 [INFO    ] Save file of enrichment results: Job Id:aa7fc8ce053e15e0dddad7a3fdd43d60
LINE 441 : 2023-03-31 20:17:38,394 [INFO    ] Done.

LINE 421 : 2023-03-31 20:17:38,394 [DEBUG   ] Start Enrichr using library: GO_Biological_Process_2021
LINE 422 : 2023-03-31 20:17:38,394 [INFO    ] Analysis name: sonis_pathways, Enrichr Library: GO_Biological_Process_2021
LINE 228 : 2023-03-31 20:17:38,396 [DEBUG   ] Starting new HTTP connection (1): maayanlab.cloud:80
LINE 456 : 2023-03-31 20:17:38,558 [DEBUG   ] http://maayanlab.cloud:80 "POST /Enrichr/addList HTTP/1.1" 308 164
LINE 1001: 2023-03-31 20:17:38,560 [DEBUG   ] Starting new HTTPS connection (1): maayanlab.cloud:443
LINE 456 : 2023-03-31 20:17:38,844 [DEBUG   ] https://maayanlab.cloud:443 "POST /Enrichr/addList HTTP/1.1" 200 74
LINE 228 : 2023-03-31 20:17:39,853 [DEBUG   ] Starting new HTTP connection (1): maayanlab.cloud:80
LINE 456 : 2023-03-31 20:17:40,016 [DEBUG   ] http://maayanlab.cloud:80 "GET /Enrichr/export?userListId=60488927&filename=GO_Biological_Process_2021.sonis_pathways.reports&backgroundType=GO_Biological_Process_2021 HTTP/1.1" 308 164
LINE 1001: 2023-03-31 20:17:40,019 [DEBUG   ] Starting new HTTPS connection (1): maayanlab.cloud:443
LINE 456 : 2023-03-31 20:17:40,271 [DEBUG   ] https://maayanlab.cloud:443 "GET /Enrichr/export?userListId=60488927&filename=GO_Biological_Process_2021.sonis_pathways.reports&backgroundType=GO_Biological_Process_2021 HTTP/1.1" 200 None
LINE 431 : 2023-03-31 20:17:40,504 [INFO    ] Save file of enrichment results: Job Id:8be07915c7c803d40ac3cb6475d9ef13
LINE 441 : 2023-03-31 20:17:40,512 [INFO    ] Done.

LINE 401 : 2023-03-31 20:17:40,514 [INFO    ] Connecting to Enrichr Server to get latest library names
LINE 228 : 2023-03-31 20:17:40,517 [DEBUG   ] Starting new HTTP connection (1): maayanlab.cloud:80
LINE 456 : 2023-03-31 20:17:40,683 [DEBUG   ] http://maayanlab.cloud:80 "GET /Enrichr/datasetStatistics HTTP/1.1" 308 164
LINE 1001: 2023-03-31 20:17:40,687 [DEBUG   ] Starting new HTTPS connection (1): maayanlab.cloud:443
LINE 456 : 2023-03-31 20:17:40,958 [DEBUG   ] https://maayanlab.cloud:443 "GET /Enrichr/datasetStatistics HTTP/1.1" 200 None
LINE 421 : 2023-03-31 20:17:41,194 [DEBUG   ] Start Enrichr using library: Reactome_2022
LINE 422 : 2023-03-31 20:17:41,194 [INFO    ] Analysis name: sonis_pathways, Enrichr Library: Reactome_2022
LINE 228 : 2023-03-31 20:17:41,197 [DEBUG   ] Starting new HTTP connection (1): maayanlab.cloud:80
LINE 456 : 2023-03-31 20:17:41,355 [DEBUG   ] http://maayanlab.cloud:80 "POST /Enrichr/addList HTTP/1.1" 308 164
LINE 1001: 2023-03-31 20:17:41,358 [DEBUG   ] Starting new HTTPS connection (1): maayanlab.cloud:443
LINE 456 : 2023-03-31 20:17:41,681 [DEBUG   ] https://maayanlab.cloud:443 "POST /Enrichr/addList HTTP/1.1" 200 74
LINE 228 : 2023-03-31 20:17:42,694 [DEBUG   ] Starting new HTTP connection (1): maayanlab.cloud:80
LINE 456 : 2023-03-31 20:17:42,862 [DEBUG   ] http://maayanlab.cloud:80 "GET /Enrichr/export?userListId=60488928&filename=Reactome_2022.sonis_pathways.reports&backgroundType=Reactome_2022 HTTP/1.1" 308 164
LINE 1001: 2023-03-31 20:17:42,867 [DEBUG   ] Starting new HTTPS connection (1): maayanlab.cloud:443
LINE 456 : 2023-03-31 20:17:43,175 [DEBUG   ] https://maayanlab.cloud:443 "GET /Enrichr/export?userListId=60488928&filename=Reactome_2022.sonis_pathways.reports&backgroundType=Reactome_2022 HTTP/1.1" 200 None
LINE 431 : 2023-03-31 20:17:43,255 [INFO    ] Save file of enrichment results: Job Id:6c1bf10052c7376c378507a684ff8bca
LINE 441 : 2023-03-31 20:17:43,260 [INFO    ] Done.

LINE 421 : 2023-03-31 20:17:43,261 [DEBUG   ] Start Enrichr using library: KEGG_2021_Human
LINE 422 : 2023-03-31 20:17:43,261 [INFO    ] Analysis name: sonis_pathways, Enrichr Library: KEGG_2021_Human
LINE 228 : 2023-03-31 20:17:43,262 [DEBUG   ] Starting new HTTP connection (1): maayanlab.cloud:80
LINE 456 : 2023-03-31 20:17:43,411 [DEBUG   ] http://maayanlab.cloud:80 "POST /Enrichr/addList HTTP/1.1" 308 164
LINE 1001: 2023-03-31 20:17:43,414 [DEBUG   ] Starting new HTTPS connection (1): maayanlab.cloud:443
LINE 456 : 2023-03-31 20:17:43,741 [DEBUG   ] https://maayanlab.cloud:443 "POST /Enrichr/addList HTTP/1.1" 200 74
LINE 228 : 2023-03-31 20:17:44,753 [DEBUG   ] Starting new HTTP connection (1): maayanlab.cloud:80
LINE 456 : 2023-03-31 20:17:44,914 [DEBUG   ] http://maayanlab.cloud:80 "GET /Enrichr/export?userListId=60488929&filename=KEGG_2021_Human.sonis_pathways.reports&backgroundType=KEGG_2021_Human HTTP/1.1" 308 164
LINE 1001: 2023-03-31 20:17:44,917 [DEBUG   ] Starting new HTTPS connection (1): maayanlab.cloud:443
LINE 456 : 2023-03-31 20:17:45,181 [DEBUG   ] https://maayanlab.cloud:443 "GET /Enrichr/export?userListId=60488929&filename=KEGG_2021_Human.sonis_pathways.reports&backgroundType=KEGG_2021_Human HTTP/1.1" 200 None
LINE 431 : 2023-03-31 20:17:45,243 [INFO    ] Save file of enrichment results: Job Id:abe7275a758ab54c36c64ac694f5196e
LINE 441 : 2023-03-31 20:17:45,247 [INFO    ] Done.

LINE 421 : 2023-03-31 20:17:45,247 [DEBUG   ] Start Enrichr using library: BioPlanet_2019
LINE 422 : 2023-03-31 20:17:45,247 [INFO    ] Analysis name: sonis_pathways, Enrichr Library: BioPlanet_2019
LINE 228 : 2023-03-31 20:17:45,249 [DEBUG   ] Starting new HTTP connection (1): maayanlab.cloud:80
LINE 456 : 2023-03-31 20:17:45,405 [DEBUG   ] http://maayanlab.cloud:80 "POST /Enrichr/addList HTTP/1.1" 308 164
LINE 1001: 2023-03-31 20:17:45,408 [DEBUG   ] Starting new HTTPS connection (1): maayanlab.cloud:443
LINE 456 : 2023-03-31 20:17:45,756 [DEBUG   ] https://maayanlab.cloud:443 "POST /Enrichr/addList HTTP/1.1" 200 74
LINE 228 : 2023-03-31 20:17:46,771 [DEBUG   ] Starting new HTTP connection (1): maayanlab.cloud:80
LINE 456 : 2023-03-31 20:17:46,928 [DEBUG   ] http://maayanlab.cloud:80 "GET /Enrichr/export?userListId=60488930&filename=BioPlanet_2019.sonis_pathways.reports&backgroundType=BioPlanet_2019 HTTP/1.1" 308 164
LINE 1001: 2023-03-31 20:17:46,930 [DEBUG   ] Starting new HTTPS connection (1): maayanlab.cloud:443
LINE 456 : 2023-03-31 20:17:47,179 [DEBUG   ] https://maayanlab.cloud:443 "GET /Enrichr/export?userListId=60488930&filename=BioPlanet_2019.sonis_pathways.reports&backgroundType=BioPlanet_2019 HTTP/1.1" 200 None
LINE 431 : 2023-03-31 20:17:47,261 [INFO    ] Save file of enrichment results: Job Id:b7e5d3d536be450c8a6c631b52c16063
LINE 441 : 2023-03-31 20:17:47,266 [INFO    ] Done.

LINE 421 : 2023-03-31 20:17:47,266 [DEBUG   ] Start Enrichr using library: WikiPathways_2019_Human
LINE 422 : 2023-03-31 20:17:47,266 [INFO    ] Analysis name: sonis_pathways, Enrichr Library: WikiPathways_2019_Human
LINE 228 : 2023-03-31 20:17:47,267 [DEBUG   ] Starting new HTTP connection (1): maayanlab.cloud:80
LINE 456 : 2023-03-31 20:17:47,422 [DEBUG   ] http://maayanlab.cloud:80 "POST /Enrichr/addList HTTP/1.1" 308 164
LINE 1001: 2023-03-31 20:17:47,426 [DEBUG   ] Starting new HTTPS connection (1): maayanlab.cloud:443
LINE 456 : 2023-03-31 20:17:47,741 [DEBUG   ] https://maayanlab.cloud:443 "POST /Enrichr/addList HTTP/1.1" 200 74
LINE 228 : 2023-03-31 20:17:48,759 [DEBUG   ] Starting new HTTP connection (1): maayanlab.cloud:80
LINE 456 : 2023-03-31 20:17:48,911 [DEBUG   ] http://maayanlab.cloud:80 "GET /Enrichr/export?userListId=60488931&filename=WikiPathways_2019_Human.sonis_pathways.reports&backgroundType=WikiPathways_2019_Human HTTP/1.1" 308 164
LINE 1001: 2023-03-31 20:17:48,914 [DEBUG   ] Starting new HTTPS connection (1): maayanlab.cloud:443
LINE 456 : 2023-03-31 20:17:49,183 [DEBUG   ] https://maayanlab.cloud:443 "GET /Enrichr/export?userListId=60488931&filename=WikiPathways_2019_Human.sonis_pathways.reports&backgroundType=WikiPathways_2019_Human HTTP/1.1" 200 None
LINE 431 : 2023-03-31 20:17:49,252 [INFO    ] Save file of enrichment results: Job Id:55a956a78ad7913fdad8c2e0a655823f
LINE 441 : 2023-03-31 20:17:49,256 [INFO    ] Done.

LINE 421 : 2023-03-31 20:17:49,256 [DEBUG   ] Start Enrichr using library: Human_Phenotype_Ontology
LINE 422 : 2023-03-31 20:17:49,256 [INFO    ] Analysis name: sonis_pathways, Enrichr Library: Human_Phenotype_Ontology
LINE 228 : 2023-03-31 20:17:49,258 [DEBUG   ] Starting new HTTP connection (1): maayanlab.cloud:80
LINE 456 : 2023-03-31 20:17:49,408 [DEBUG   ] http://maayanlab.cloud:80 "POST /Enrichr/addList HTTP/1.1" 308 164
LINE 1001: 2023-03-31 20:17:49,412 [DEBUG   ] Starting new HTTPS connection (1): maayanlab.cloud:443
LINE 456 : 2023-03-31 20:17:49,728 [DEBUG   ] https://maayanlab.cloud:443 "POST /Enrichr/addList HTTP/1.1" 200 74
LINE 228 : 2023-03-31 20:17:50,744 [DEBUG   ] Starting new HTTP connection (1): maayanlab.cloud:80
LINE 456 : 2023-03-31 20:17:50,916 [DEBUG   ] http://maayanlab.cloud:80 "GET /Enrichr/export?userListId=60488932&filename=Human_Phenotype_Ontology.sonis_pathways.reports&backgroundType=Human_Phenotype_Ontology HTTP/1.1" 308 164
LINE 1001: 2023-03-31 20:17:50,919 [DEBUG   ] Starting new HTTPS connection (1): maayanlab.cloud:443
LINE 456 : 2023-03-31 20:17:51,185 [DEBUG   ] https://maayanlab.cloud:443 "GET /Enrichr/export?userListId=60488932&filename=Human_Phenotype_Ontology.sonis_pathways.reports&backgroundType=Human_Phenotype_Ontology HTTP/1.1" 200 None
LINE 431 : 2023-03-31 20:17:51,324 [INFO    ] Save file of enrichment results: Job Id:7699f1e112ddce9fdad0d23e53713871
LINE 441 : 2023-03-31 20:17:51,328 [INFO    ] Done.

LINE 421 : 2023-03-31 20:17:51,328 [DEBUG   ] Start Enrichr using library: GO_Biological_Process_2021
LINE 422 : 2023-03-31 20:17:51,328 [INFO    ] Analysis name: sonis_pathways, Enrichr Library: GO_Biological_Process_2021
LINE 228 : 2023-03-31 20:17:51,331 [DEBUG   ] Starting new HTTP connection (1): maayanlab.cloud:80
LINE 456 : 2023-03-31 20:17:51,476 [DEBUG   ] http://maayanlab.cloud:80 "POST /Enrichr/addList HTTP/1.1" 308 164
LINE 1001: 2023-03-31 20:17:51,480 [DEBUG   ] Starting new HTTPS connection (1): maayanlab.cloud:443
LINE 456 : 2023-03-31 20:17:51,808 [DEBUG   ] https://maayanlab.cloud:443 "POST /Enrichr/addList HTTP/1.1" 200 74
LINE 228 : 2023-03-31 20:17:52,824 [DEBUG   ] Starting new HTTP connection (1): maayanlab.cloud:80
LINE 456 : 2023-03-31 20:17:52,984 [DEBUG   ] http://maayanlab.cloud:80 "GET /Enrichr/export?userListId=60488933&filename=GO_Biological_Process_2021.sonis_pathways.reports&backgroundType=GO_Biological_Process_2021 HTTP/1.1" 308 164
LINE 1001: 2023-03-31 20:17:52,987 [DEBUG   ] Starting new HTTPS connection (1): maayanlab.cloud:443
LINE 456 : 2023-03-31 20:17:53,256 [DEBUG   ] https://maayanlab.cloud:443 "GET /Enrichr/export?userListId=60488933&filename=GO_Biological_Process_2021.sonis_pathways.reports&backgroundType=GO_Biological_Process_2021 HTTP/1.1" 200 None
LINE 431 : 2023-03-31 20:17:53,477 [INFO    ] Save file of enrichment results: Job Id:3a653c328811781cd8f9950c833d583d
LINE 441 : 2023-03-31 20:17:53,488 [INFO    ] Done.

